Workbook
Name a: [1]設定!$B$11
Name averagerate: [2]設定!$B$15
Name currency: [2]設定!$B$11
Name currencycodeYEN: [3]設定!$C$10
Name factory: [2]設定!$B$8
Name lastyear: [2]設定!$B$3
Name lastyeardays: [2]設定!$C$24
Name lastyearpastdays: [2]設定!$B$24
Name month: [2]設定!$B$4
Name planningaveragerate: [2]設定!$B$17
Name planningtax: [2]設定!$B$21
Name previousaveragerate: [2]設定!$B$16
Name previoustax: [2]設定!$B$20
Name RECOM: [4]DEF!$B$4
Name RECOMNAME: [4]DEF!$C$4
Name RECUR: [4]DEF!$B$5
Name REMAE_DL: [4]DEF!$C$11
Name REMAE_MET: [4]DEF!$D$11
Name REMAE_UL: [4]DEF!$B$11
Name REPERNAME: [4]DEF!$C$2
Name representative: [2]設定!$B$34
Name RETDF_DL: [4]DEF!$C$12
Name RETDF_MET: [4]DEF!$D$12
Name RETDF_UL: [4]DEF!$B$12
Name REVER: [4]DEF!$B$1
Name ta: [5]TABLE!$A$2:$D$1683
Name TABLE: [4]TABLE!$A$2:$D$1714
Name tax: [2]設定!$B$19
Name thisyear: [2]設定!$B$2
Name thisyeardays: [2]設定!$C$23
Name thisyearpastdays: [2]設定!$B$23
Name unit: [2]設定!$C$11
Name unitname: [2]設定!$D$11

Sheet Quản lý MT năm
B1: QUẢN LÝ HẠNG MỤC COSTDOWN PHÒNG CƠ KHÍ | I1: Ngày báo cáo:
I2: Đơn vị tính: ( TriệuVND)
B3: Tháng | C3: MT/TT | D3: 1.Nội tác linh kiện tồn kho | E3: 2.Nội tác linh kiện khuôn thành hình | F3: 3.Nội tác linh kiện khuôn dập | G3: MT từng tháng | H3: TT từng tháng | I3: MT Lũy Kế | J3: TT Lũy Kế | M3: T1 | N3: T2 | O3: T3 | P3: T4 | Q3: T5 | R3: T6 | S3: T7 | T3: T8 | U3: T9 | V3: T10 | W3: T11 | X3: T12
B4: T1 | C4: Mục tiêu | D4: ='1.Nội tác linh kiện tòn kho '!T104 -> 69.473393 | E4: ='2.Nội tác LK thành hình'!S32 -> 63.540775 | F4: ='3.Nội tác LK khuôn dập'!T94 -> 57.207854 | G4: =SUM(D4:F4) -> 190.22202 | I4: =SUM(D4:F4) -> 190.22202 | J4: =H5 -> 251.97753 | L4: MT đơn tháng | M4: =G4 -> 190.22202 | N4: =G6 -> 132.89129 | O4: =G8 -> 324.12377 | P4: =G10 -> 326.69296 | Q4: =G12 -> 325.52909 | R4: =G14 -> 312.7414 | S4: =G16 -> 311.58999 | T4: =G18 -> 308.13623 | U4: =G20 -> 320.07877 | V4: =G22 -> 287.69636 | W4: =G24 -> 275.64558 | X4: =G26 -> 249.12347 | AA4: MỤC TIÊU -THỰC TÍCH THÁNG 4/2026(triệu VND)
B5: T1 | C5: Thực tích | D5: ='THỰC TẾ GIA CÔNG '!R8 -> 39.938956 | E5: ='THỰC TẾ GIA CÔNG '!R9 -> 52.59774 | F5: ='THỰC TẾ GIA CÔNG '!R10 -> 159.44083 | G5: =SUM(D5:F5) -> 251.97753 | H5: =SUM(D5:F5) -> 251.97753 | I5: =I4 -> 190.22202 | J5: =J4 -> 251.97753 | K5: =J5/I5 -> 1.3246496 | L5: MT Lũy kế | M5: =M4 -> 190.22202 | N5: =M5+N4 -> 323.11331 | O5: =N5+O4 -> 647.23708 | P5: =O5+P4 -> 973.93004 | Q5: =P5+Q4 -> 1299.4591 | R5: =Q5+R4 -> 1612.2005 | S5: =R5+S4 -> 1923.7905 | T5: =S5+T4 -> 2231.9268 | U5: =T5+U4 -> 2552.0055 | ... X5: =W5+X4 -> 3364.4709 | AA5: Các hạng mục costdown năm 2026 | AB5: 1.Nội tác linh kiện tồn kho | AC5: 2.Nội tác linh kiện khuôn thành hình | AD5: 3.Nội tác linh kiện khuôn dập
B6: T2 | C6: Mục tiêu | D6: ='1.Nội tác linh kiện tòn kho '!U104 -> 27.54574 | E6: ='2.Nội tác LK thành hình'!T32 -> 72.462414 | F6: ='3.Nội tác LK khuôn dập'!U94 -> 32.883132 | G6: =SUM(D6:F6) -> 132.89129 | I6: =I4+G6 -> 323.11331 | J6: =J7 -> 325.42567 | AA6: Mục tiêu | AB6: =D10 -> 148.31054 | AC6: =E10 -> 69.873857 | AD6: =F10 -> 108.50857
B7: T2 | C7: Thực tích | D7: ='THỰC TẾ GIA CÔNG '!T8 -> 0 | E7: ='THỰC TẾ GIA CÔNG '!T9 -> 62.294148 | F7: ='THỰC TẾ GIA CÔNG '!T10 -> 11.154 | H7: =SUM(D7:F7) -> 73.448148 | I7: =I6 -> 323.11331 | J7: =H7+J5 -> 325.42567 | K7: =J7/I7 -> 1.0071565 | AA7: Thực tích | AB7: 120 | AC7: =E11 -> 0 | AD7: =F11 -> 0
B8: T3 | C8: Mục tiêu | D8: ='1.Nội tác linh kiện tòn kho '!V104 -> 132.91869 | E8: ='2.Nội tác LK thành hình'!U32 -> 99.335062 | F8: ='3.Nội tác LK khuôn dập'!V94 -> 91.870024 | G8: =SUM(D8:F8) -> 324.12377 | I8: =I6+G8 -> 647.23708 | J8: =J9 -> 666.47104
B9: T3 | C9: Thực tích | D9: ='THỰC TẾ GIA CÔNG '!V8 -> 23.0932 | E9: ='THỰC TẾ GIA CÔNG '!V9 -> 254.65881 | F9: ='THỰC TẾ GIA CÔNG '!V10 -> 63.29336 | H9: =SUM(D9:F9) -> 341.04537 | I9: =I8 -> 647.23708 | J9: =SUM(J7,H9) -> 666.47104 | K9: =J9/I9 -> 1.029717
B10: T4 | C10: Mục tiêu | D10: ='1.Nội tác linh kiện tòn kho '!W104 -> 148.31054 | E10: ='2.Nội tác LK thành hình'!V32 -> 69.873857 | F10: ='3.Nội tác LK khuôn dập'!W94 -> 108.50857 | G10: =SUM(D10:F10) -> 326.69296 | I10: =I8+G10 -> 973.93004 | J10: =J11 -> 666.47104
B11: T4 | C11: Thực tích | D11: ='1.Nội tác linh kiện tòn kho '!AV104 -> 0 | E11: ='2.Nội tác LK thành hình'!AU32 -> 0 | F11: ='3.Nội tác LK khuôn dập'!AU94 -> 0 | H11: =SUM(D11:F11) -> 0 | I11: =I10 -> 973.93004 | J11: =SUM(J9,H11) -> 666.47104 | K11: =J11/I11 -> 0.684311
B12: T5 | C12: Mục tiêu | D12: ='1.Nội tác linh kiện tòn kho '!X104 -> 137.54751 | E12: ='2.Nội tác LK thành hình'!W32 -> 69.834409 | F12: ='3.Nội tác LK khuôn dập'!X94 -> 118.14717 | G12: =SUM(D12:F12) -> 325.52909 | I12: =I10+G12 -> 1299.4591 | J12: =J13 -> 666.47104
B13: T5 | C13: Thực tích | D13: ='1.Nội tác linh kiện tòn kho '!AX104 -> 0 | E13: ='2.Nội tác LK thành hình'!AW32 -> 0 | F13: ='3.Nội tác LK khuôn dập'!AW94 -> 0 | H13: =SUM(D13:F13) -> 0 | I13: =I12 -> 1299.4591 | J13: =SUM(J11,H13) -> 666.47104 | K13: =J13/I13 -> 0.51288342
B14: T6 | C14: Mục tiêu | D14: ='1.Nội tác linh kiện tòn kho '!Y104 -> 126.38706 | E14: ='2.Nội tác LK thành hình'!X32 -> 89.584065 | F14: ='3.Nội tác LK khuôn dập'!Y94 -> 96.770284 | G14: =SUM(D14:F14) -> 312.7414 | I14: =I12+G14 -> 1612.2005 | J14: =J15 -> 666.47104
B15: T6 | C15: Thực tích | D15: ='1.Nội tác linh kiện tòn kho '!AZ104 -> 0 | E15: ='2.Nội tác LK thành hình'!AY32 -> 0 | F15: ='3.Nội tác LK khuôn dập'!AY94 -> 0 | H15: =SUM(D15:F15) -> 0 | I15: =I14 -> 1612.2005 | J15: =SUM(J13,H15) -> 666.47104 | K15: =J15/I15 -> 0.41339215
B16: T7 | C16: Mục tiêu | D16: ='1.Nội tác linh kiện tòn kho '!Z104 -> 129.32571 | E16: ='2.Nội tác LK thành hình'!Y32 -> 87.443518 | F16: ='3.Nội tác LK khuôn dập'!Z94 -> 94.820759 | G16: =SUM(D16:F16) -> 311.58999 | I16: =I14+G16 -> 1923.7905 | J16: =J17 -> 666.47104
B17: T7 | C17: Thực tích | D17: ='1.Nội tác linh kiện tòn kho '!BB104 -> 0 | E17: ='2.Nội tác LK thành hình'!BA32 -> 0 | F17: ='3.Nội tác LK khuôn dập'!BA94 -> 0 | H17: =SUM(D17:F17) -> 0 | I17: =I16 -> 1923.7905 | J17: =SUM(J15,H17) -> 666.47104 | K17: =J17/I17 -> 0.34643639
B18: T8 | C18: Mục tiêu | D18: ='1.Nội tác linh kiện tòn kho '!AA104 -> 132.44306 | E18: ='2.Nội tác LK thành hình'!Z32 -> 67.112738 | F18: ='3.Nội tác LK khuôn dập'!AA94 -> 108.58043 | G18: =SUM(D18:F18) -> 308.13623 | I18: =I16+G18 -> 2231.9268 | J18: =J19 -> 666.47104
B19: T8 | C19: Thực tích | D19: ='1.Nội tác linh kiện tòn kho '!BD104 -> 0 | E19: ='2.Nội tác LK thành hình'!BC32 -> 0 | F19: ='3.Nội tác LK khuôn dập'!BC94 -> 0 | H19: =SUM(D19:F19) -> 0 | I19: =I18 -> 2231.9268 | J19: =SUM(J17,H19) -> 666.47104 | K19: =J19/I19 -> 0.29860794
B20: T9 | C20: Mục tiêu | D20: ='1.Nội tác linh kiện tòn kho '!AB104 -> 127.89451 | E20: ='2.Nội tác LK thành hình'!AA32 -> 83.321858 | F20: ='3.Nội tác LK khuôn dập'!AB94 -> 108.86241 | G20: =SUM(D20:F20) -> 320.07877 | I20: =I18+G20 -> 2552.0055 | J20: =J21 -> 666.47104
B21: T9 | C21: Thực tích | D21: ='1.Nội tác linh kiện tòn kho '!BF104 -> 0 | E21: ='2.Nội tác LK thành hình'!BE32 -> 0 | F21: ='3.Nội tác LK khuôn dập'!BE94 -> 0 | H21: =SUM(D21:F21) -> 0 | I21: =I20 -> 2552.0055 | J21: =SUM(J19,H21) -> 666.47104 | K21: =J21/I21 -> 0.2611558
B22: T10 | C22: Mục tiêu | D22: ='1.Nội tác linh kiện tòn kho '!AC104 -> 97.888753 | E22: ='2.Nội tác LK thành hình'!AB32 -> 57.545747 | F22: ='3.Nội tác LK khuôn dập'!AC94 -> 132.26186 | G22: =SUM(D22:F22) -> 287.69636 | I22: =I20+G22 -> 2839.7019 | J22: =J23 -> 666.47104
B23: T10 | C23: Thực tích | D23: ='1.Nội tác linh kiện tòn kho '!BH104 -> 0 | E23: ='2.Nội tác LK thành hình'!BG32 -> 0 | F23: ='3.Nội tác LK khuôn dập'!BG94 -> 0 | H23: =SUM(D23:F23) -> 0 | I23: =I22 -> 2839.7019 | J23: =SUM(J21,H23) -> 666.47104 | K23: =J23/I23 -> 0.23469754
B24: T11 | C24: Mục tiêu | D24: ='1.Nội tác linh kiện tòn kho '!AD104 -> 96.873761 | E24: ='2.Nội tác LK thành hình'!AC32 -> 85.297826 | F24: ='3.Nội tác LK khuôn dập'!AD94 -> 93.473997 | G24: =SUM(D24:F24) -> 275.64558 | I24: =I22+G24 -> 3115.3475 | J24: =J25 -> 666.47104
B25: T11 | C25: Thực tích | D25: ='1.Nội tác linh kiện tòn kho '!BJ104 -> 0 | E25: ='2.Nội tác LK thành hình'!BI32 -> 0 | F25: ='3.Nội tác LK khuôn dập'!BI94 -> 0 | H25: =SUM(D25:F25) -> 0 | I25: =I24 -> 3115.3475 | J25: =SUM(J23,H25) -> 666.47104 | K25: =J25/I25 -> 0.21393153
B26: T12 | C26: Mục tiêu | D26: ='1.Nội tác linh kiện tòn kho '!AE104 -> 99.983086 | E26: ='2.Nội tác LK thành hình'!AD32 -> 81.145649 | F26: ='3.Nội tác LK khuôn dập'!AE94 -> 67.994736 | G26: =SUM(D26:F26) -> 249.12347 | I26: =I24+G26 -> 3364.4709 | J26: =J27 -> 666.47104
B27: T12 | C27: Thực tích | D27: ='1.Nội tác linh kiện tòn kho '!BL104 -> 0 | E27: ='2.Nội tác LK thành hình'!BK32 -> 0 | F27: ='3.Nội tác LK khuôn dập'!BK94 -> 0 | H27: =SUM(D27:F27) -> 0 | I27: =I26 -> 3364.4709 | J27: =SUM(J25,H27) -> 666.47104 | K27: =J27/I27 -> 0.19809089
B28: Tổng | D28: =D4+D6+D8+D10+D12+D14+D16+D18+D20+D22+D24+D26 -> 1326.5918 | E28: =E4+E6+E8+E10+E12+E14+E16+E18+E20+E22+E24+E26 -> 926.49792 | F28: =F4+F6+F8+F10+F12+F14+F16+F18+F20+F22+F24+F26 -> 1111.3812 | I28: =D28+E28+F28 -> 3364.4709
D29: =D5+D7+D7+D9+D11+D13+D15+D17+D19+D21+D23+D25+D27 -> 63.032156 | E29: =E5+E7+E9+E11+E13+E15+E17+E19+E21+E23+E25+E27 -> 369.5507 | F29: =F5+F7+F9+F11+F13+F15+F17+F19+F21+F23+F25+F27 -> 233.88819 | I29: =D29+E29+F29 -> 666.47104

Sheet So sánh MT 2025
A1: SO SÁNH MỤC TIÊU 2026 VỚI THỰC TÍCH 2025
B2: 1.Nội tác linh kiện tồn kho | E2: 2.Nội tác LK khuôn thành hình | H2: 3.Nội tác LK khuôn dập | K2: Tổng số Sno | L2: Tổng số pcs | M2: Tổng số tiền (TRIỆU VND)
A3: Hạng mục nội tác | B3: Số Sno | C3: Số Pcs | D3: Số tiền(triệu Vnd) | E3: Số Sno | F3: Số Pcs | G3: Số tiền(triệu Vnd) | H3: Số Sno | I3: Số Pcs | J3: Số tiền(triệu Vnd)
A4: Thực tích 2025 | B4: 102 | C4: 156 | D4: =883670/1000 -> 883.67 | E4: 27 | F4: 108 | G4: =939810/1000 -> 939.81 | H4: 88 | I4: 179 | J4: =1246420/1000 -> 1246.42 | K4: =B4+E4+H4 -> 217 | L4: =C4+F4+I4 -> 443 | M4: =D4+G4+J4 -> 3069.9
A5: Mục tiêu 2026 | B5: ='1.Nội tác linh kiện tòn kho '!A102 -> 98 | C5: ='1.Nội tác linh kiện tòn kho '!D103 -> 230 | D5: ='1.Nội tác linh kiện tòn kho '!AF104 -> 1326.5918 | E5: ='2.Nội tác LK thành hình'!A30 -> 27 | F5: ='2.Nội tác LK thành hình'!P31 -> 54 | G5: ='2.Nội tác LK thành hình'!AE32 -> 926.49792 | H5: ='3.Nội tác LK khuôn dập'!A92 -> 88 | I5: ='3.Nội tác LK khuôn dập'!D93 -> 126 | J5: ='3.Nội tác LK khuôn dập'!AF94 -> 1111.3812 | K5: =B5+E5+H5 -> 213 | L5: =C5+F5+I5 -> 410 | M5: =D5+G5+J5 -> 3364.4709
A6: So sánh | B6: =(B5-B4)/B4 -> -0.039215686 | C6: =(C5-C4)/C4 -> 0.47435897 | D6: =(D5-D4)/D4 -> 0.50122988 | E6: =(E5-E4)/E4 -> 0 | F6: =(F5-F4)/F4 -> -0.5 | G6: =(G5-G4)/G4 -> -0.014164651 | H6: =(H5-H4)/H4 -> 0 | I6: =(I5-I4)/I4 -> -0.29608939 | J6: =(J5-J4)/J4 -> -0.10834131 | K6: =K5/K4-1 -> -0.01843318 | L6: =L5/L4-1 -> -0.074492099 | M6: =M5/M4-1 -> 0.095954573

Sheet 1.Nội tác linh kiện tòn kho 
A2: Stt | B2: S,R no | C2: File PDF | D2: Kế hoạch 2026 (PCS) | E2: Đơn Giá costdown (USD) | F2: Kế hoạch gia công | R2: Tổng | T2: Mục tiêu CostDown từng tháng | AG2: Quản lí tiến độ | AM2: Ghi chú | AO2: Thực tích costdown từng tháng
F3: 1月 | G3: 2月 | H3: 3月 | I3: 4月 | J3: 5月 | K3: 6月 | L3: 7月 | M3: 8月 | N3: 9月 | O3: 10月 | P3: 11月 | Q3: 12月 | T3: 1月 | U3: 2月 | V3: 3月 | W3: 4月 | X3: 5月 | Y3: 6月 | Z3: 7月 | AA3: 8月 | AB3: 9月 | AC3: 10月 | AD3: 11月 | AE3: 12月 | AG3: Số Y/c | AH3: REP | AI3: Số Pcs | AJ3: CĐ H TẠI | AK3: CĐ TIẾP THEO | AL3: KÌ HẠN | AO3: 1月 | AQ3: 2月 | AS3: 3月 | AU3: 4月 | AW3: 5月 | AY3: 6月 | BA3: 7月 | BC3: 8月 | BE3: 9月 | BG3: 10月 | BI3: 11月 | BK3: 12月
AO4: SL | AP4: CD | AQ4: SL | AR4: CD | AS4: SL | AT4: CD | AU4: SL | AV4: CD | AW4: SL | AX4: CD | AY4: SL | AZ4: CD | BA4: SL | BB4: CD | BC4: SL | BD4: CD | BE4: SL | BF4: CD | BG4: SL | BH4: CD | BI4: SL | BJ4: CD | BK4: SL | BL4: CD
A5: 1 | B5: ='[6]NOI TAC 2026'!B7 -> S442628 | C5: =IF(B5="","",HYPERLINK("\\vdm-fsvr\Cokhi-機工\CONG VIEC CHUNG 2026\★2026年度年次目標設定\5.COSTDOWN 2026\5.MỤC TIÊU 2026\COSTDOWN 2026\PDF\"&B5&".pdf","XEM")) -> XEM | D5: ='[6]NOI TAC 2026'!F7 -> 1 | E5: ='[6]NOI TAC 2026'!AL7 -> 16.94784 | G5: 1 | R5: =SUM(F5:Q5) -> 1 | T5: =$E5*F5 -> 0 | U5: =$E5*G5 -> 16.94784 | V5: =$E5*H5 -> 0 | W5: =$E5*I5 -> 0 | X5: =$E5*J5 -> 0 | Y5: =$E5*K5 -> 0 | Z5: =$E5*L5 -> 0 | AA5: =$E5*M5 -> 0 | ... AE5: =$E5*Q5 -> 0 | AG5: #N/A | AH5: #N/A | AI5: #N/A | AJ5: #N/A | AK5: #N/A | AL5: #N/A | AP5: =AO5*E5 -> 0 | AR5: =AQ5*E5 -> 0 | AT5: =AS5*E5 -> 0 | AV5: =AU5*E5 -> 0 | AX5: =AW5*E5 -> 0 | AZ5: =AY5*E5 -> 0 | BB5: =BA5*E5 -> 0 | BD5: =BC5*E5 -> 0 | BF5: =BE5*E5 -> 0 | BH5: =BG5*E5 -> 0 | BJ5: =BI5*E5 -> 0 | BL5: =BK5*E5 -> 0
A6: 2 | B6: ='[6]NOI TAC 2026'!B8 -> S785023 | C6: =IF(B6="","",HYPERLINK("\\vdm-fsvr\Cokhi-機工\CONG VIEC CHUNG 2026\★2026年度年次目標設定\5.COSTDOWN 2026\5.MỤC TIÊU 2026\COSTDOWN 2026\PDF\"&B6&".pdf","XEM")) -> XEM | D6: ='[6]NOI TAC 2026'!F8 -> 1 | E6: ='[6]NOI TAC 2026'!AL8 -> 8.53264 | H6: 1 | R6: =SUM(F6:Q6) -> 1 | T6: =$E6*F6 -> 0 | U6: =$E6*G6 -> 0 | V6: =$E6*H6 -> 8.53264 | W6: =$E6*I6 -> 0 | X6: =$E6*J6 -> 0 | Y6: =$E6*K6 -> 0 | Z6: =$E6*L6 -> 0 | AA6: =$E6*M6 -> 0 | ... AE6: =$E6*Q6 -> 0 | AG6: #N/A | AH6: #N/A | AI6: #N/A | AJ6: #N/A | AK6: #N/A | AL6: #N/A | AP6: =AO6*E6 -> 0 | AR6: =AQ6*E6 -> 0 | AT6: =AS6*E6 -> 0 | AV6: =AU6*E6 -> 0 | AX6: =AW6*E6 -> 0 | AZ6: =AY6*E6 -> 0 | BB6: =BA6*E6 -> 0 | BD6: =BC6*E6 -> 0 | BF6: =BE6*E6 -> 0 | BH6: =BG6*E6 -> 0 | BJ6: =BI6*E6 -> 0 | BL6: =BK6*E6 -> 0
A7: 3 | B7: ='[6]NOI TAC 2026'!B9 -> S012373 | C7: =IF(B7="","",HYPERLINK("\\vdm-fsvr\Cokhi-機工\CONG VIEC CHUNG 2026\★2026年度年次目標設定\5.COSTDOWN 2026\5.MỤC TIÊU 2026\COSTDOWN 2026\PDF\"&B7&".pdf","XEM")) -> XEM | D7: ='[6]NOI TAC 2026'!F9 -> 1 | E7: ='[6]NOI TAC 2026'!AL9 -> 21.99784 | I7: 1 | R7: =SUM(F7:Q7) -> 1 | T7: =$E7*F7 -> 0 | U7: =$E7*G7 -> 0 | V7: =$E7*H7 -> 0 | W7: =$E7*I7 -> 21.99784 | X7: =$E7*J7 -> 0 | Y7: =$E7*K7 -> 0 | Z7: =$E7*L7 -> 0 | AA7: =$E7*M7 -> 0 | ... AE7: =$E7*Q7 -> 0 | AG7: #N/A | AH7: #N/A | AI7: #N/A | AJ7: #N/A | AK7: #N/A | AL7: #N/A | AP7: =AO7*E7 -> 0 | AR7: =AQ7*E7 -> 0 | AT7: =AS7*E7 -> 0 | AV7: =AU7*E7 -> 0 | AX7: =AW7*E7 -> 0 | AZ7: =AY7*E7 -> 0 | BB7: =BA7*E7 -> 0 | BD7: =BC7*E7 -> 0 | BF7: =BE7*E7 -> 0 | BH7: =BG7*E7 -> 0 | BJ7: =BI7*E7 -> 0 | BL7: =BK7*E7 -> 0
A8: 4 | B8: ='[6]NOI TAC 2026'!B10 -> S030900 | C8: =IF(B8="","",HYPERLINK("\\vdm-fsvr\Cokhi-機工\CONG VIEC CHUNG 2026\★2026年度年次目標設定\5.COSTDOWN 2026\5.MỤC TIÊU 2026\COSTDOWN 2026\PDF\"&B8&".pdf","XEM")) -> XEM | D8: ='[6]NOI TAC 2026'!F10 -> 1 | E8: ='[6]NOI TAC 2026'!AL10 -> 21.99784 | J8: 1 | R8: =SUM(F8:Q8) -> 1 | T8: =$E8*F8 -> 0 | U8: =$E8*G8 -> 0 | V8: =$E8*H8 -> 0 | W8: =$E8*I8 -> 0 | X8: =$E8*J8 -> 21.99784 | Y8: =$E8*K8 -> 0 | Z8: =$E8*L8 -> 0 | AA8: =$E8*M8 -> 0 | ... AE8: =$E8*Q8 -> 0 | AG8: #N/A | AH8: #N/A | AI8: #N/A | AJ8: #N/A | AK8: #N/A | AL8: #N/A | AP8: =AO8*E8 -> 0 | AR8: =AQ8*E8 -> 0 | AT8: =AS8*E8 -> 0 | AV8: =AU8*E8 -> 0 | AX8: =AW8*E8 -> 0 | AZ8: =AY8*E8 -> 0 | BB8: =BA8*E8 -> 0 | BD8: =BC8*E8 -> 0 | BF8: =BE8*E8 -> 0 | BH8: =BG8*E8 -> 0 | BJ8: =BI8*E8 -> 0 | BL8: =BK8*E8 -> 0
A9: 5 | B9: ='[6]NOI TAC 2026'!B11 -> S030909 | C9: =IF(B9="","",HYPERLINK("\\vdm-fsvr\Cokhi-機工\CONG VIEC CHUNG 2026\★2026年度年次目標設定\5.COSTDOWN 2026\5.MỤC TIÊU 2026\COSTDOWN 2026\PDF\"&B9&".pdf","XEM")) -> XEM | D9: ='[6]NOI TAC 2026'!F11 -> 1 | E9: ='[6]NOI TAC 2026'!AL11 -> 22.37784 | K9: 1 | R9: =SUM(F9:Q9) -> 1 | T9: =$E9*F9 -> 0 | U9: =$E9*G9 -> 0 | V9: =$E9*H9 -> 0 | W9: =$E9*I9 -> 0 | X9: =$E9*J9 -> 0 | Y9: =$E9*K9 -> 22.37784 | Z9: =$E9*L9 -> 0 | AA9: =$E9*M9 -> 0 | ... AE9: =$E9*Q9 -> 0 | AG9: #N/A | AH9: #N/A | AI9: #N/A | AJ9: #N/A | AK9: #N/A | AL9: #N/A | AP9: =AO9*E9 -> 0 | AR9: =AQ9*E9 -> 0 | AT9: =AS9*E9 -> 0 | AV9: =AU9*E9 -> 0 | AX9: =AW9*E9 -> 0 | AZ9: =AY9*E9 -> 0 | BB9: =BA9*E9 -> 0 | BD9: =BC9*E9 -> 0 | BF9: =BE9*E9 -> 0 | BH9: =BG9*E9 -> 0 | BJ9: =BI9*E9 -> 0 | BL9: =BK9*E9 -> 0
A10: 6 | B10: ='[6]NOI TAC 2026'!B12 -> R061193 | C10: =IF(B10="","",HYPERLINK("\\vdm-fsvr\Cokhi-機工\CONG VIEC CHUNG 2026\★2026年度年次目標設定\5.COSTDOWN 2026\5.MỤC TIÊU 2026\COSTDOWN 2026\PDF\"&B10&".pdf","XEM")) -> XEM | D10: ='[6]NOI TAC 2026'!F12 -> 3 | E10: ='[6]NOI TAC 2026'!AL12 -> 17.10184 | G10: 1 | L10: 1 | P10: 1 | R10: =SUM(F10:Q10) -> 3 | T10: =$E10*F10 -> 0 | U10: =$E10*G10 -> 17.10184 | V10: =$E10*H10 -> 0 | W10: =$E10*I10 -> 0 | X10: =$E10*J10 -> 0 | Y10: =$E10*K10 -> 0 | Z10: =$E10*L10 -> 17.10184 | AA10: =$E10*M10 -> 0 | ... AE10: =$E10*Q10 -> 0 | AG10: #N/A | AH10: #N/A | AI10: #N/A | AJ10: #N/A | AK10: #N/A | AL10: #N/A | AP10: =AO10*E10 -> 0 | AR10: =AQ10*E10 -> 0 | AT10: =AS10*E10 -> 0 | AV10: =AU10*E10 -> 0 | AX10: =AW10*E10 -> 0 | AZ10: =AY10*E10 -> 0 | BB10: =BA10*E10 -> 0 | BD10: =BC10*E10 -> 0 | BF10: =BE10*E10 -> 0 | BH10: =BG10*E10 -> 0 | BJ10: =BI10*E10 -> 0 | BL10: =BK10*E10 -> 0
A11: 7 | B11: ='[6]NOI TAC 2026'!B13 -> S063800 | C11: =IF(B11="","",HYPERLINK("\\vdm-fsvr\Cokhi-機工\CONG VIEC CHUNG 2026\★2026年度年次目標設定\5.COSTDOWN 2026\5.MỤC TIÊU 2026\COSTDOWN 2026\PDF\"&B11&".pdf","XEM")) -> XEM | D11: ='[6]NOI TAC 2026'!F13 -> 1 | E11: ='[6]NOI TAC 2026'!AL13 -> 25.157623 | H11: 1 | R11: =SUM(F11:Q11) -> 1 | T11: =$E11*F11 -> 0 | U11: =$E11*G11 -> 0 | V11: =$E11*H11 -> 25.157623 | W11: =$E11*I11 -> 0 | X11: =$E11*J11 -> 0 | Y11: =$E11*K11 -> 0 | Z11: =$E11*L11 -> 0 | AA11: =$E11*M11 -> 0 | ... AE11: =$E11*Q11 -> 0 | AG11: #N/A | AH11: #N/A | AI11: #N/A | AJ11: #N/A | AK11: #N/A | AL11: #N/A | AP11: =AO11*E11 -> 0 | AR11: =AQ11*E11 -> 0 | AT11: =AS11*E11 -> 0 | AV11: =AU11*E11 -> 0 | AX11: =AW11*E11 -> 0 | AZ11: =AY11*E11 -> 0 | BB11: =BA11*E11 -> 0 | BD11: =BC11*E11 -> 0 | BF11: =BE11*E11 -> 0 | BH11: =BG11*E11 -> 0 | BJ11: =BI11*E11 -> 0 | BL11: =BK11*E11 -> 0
A12: 8 | B12: ='[6]NOI TAC 2026'!B14 -> S763490 | C12: =IF(B12="","",HYPERLINK("\\vdm-fsvr\Cokhi-機工\CONG VIEC CHUNG 2026\★2026年度年次目標設定\5.COSTDOWN 2026\5.MỤC TIÊU 2026\COSTDOWN 2026\PDF\"&B12&".pdf","XEM")) -> XEM | D12: ='[6]NOI TAC 2026'!F14 -> 3 | E12: ='[6]NOI TAC 2026'!AL14 -> 29.81264 | I12: 1 | M12: 1 | Q12: 1 | R12: =SUM(F12:Q12) -> 3 | T12: =$E12*F12 -> 0 | U12: =$E12*G12 -> 0 | V12: =$E12*H12 -> 0 | W12: =$E12*I12 -> 29.81264 | X12: =$E12*J12 -> 0 | Y12: =$E12*K12 -> 0 | Z12: =$E12*L12 -> 0 | AA12: =$E12*M12 -> 29.81264 | ... AE12: =$E12*Q12 -> 29.81264 | AG12: #N/A | AH12: #N/A | AI12: #N/A | AJ12: #N/A | AK12: #N/A | AL12: #N/A | AP12: =AO12*E12 -> 0 | AR12: =AQ12*E12 -> 0 | AT12: =AS12*E12 -> 0 | AV12: =AU12*E12 -> 0 | AX12: =AW12*E12 -> 0 | AZ12: =AY12*E12 -> 0 | BB12: =BA12*E12 -> 0 | BD12: =BC12*E12 -> 0 | BF12: =BE12*E12 -> 0 | BH12: =BG12*E12 -> 0 | BJ12: =BI12*E12 -> 0 | BL12: =BK12*E12 -> 0
A13: 9 | B13: ='[6]NOI TAC 2026'!B15 -> S763484 | C13: =IF(B13="","",HYPERLINK("\\vdm-fsvr\Cokhi-機工\CONG VIEC CHUNG 2026\★2026年度年次目標設定\5.COSTDOWN 2026\5.MỤC TIÊU 2026\COSTDOWN 2026\PDF\"&B13&".pdf","XEM")) -> XEM | D13: ='[6]NOI TAC 2026'!F15 -> 1 | E13: ='[6]NOI TAC 2026'!AL15 -> 31.33264 | J13: 1 | R13: =SUM(F13:Q13) -> 1 | T13: =$E13*F13 -> 0 | U13: =$E13*G13 -> 0 | V13: =$E13*H13 -> 0 | W13: =$E13*I13 -> 0 | X13: =$E13*J13 -> 31.33264 | Y13: =$E13*K13 -> 0 | Z13: =$E13*L13 -> 0 | AA13: =$E13*M13 -> 0 | ... AE13: =$E13*Q13 -> 0 | AG13: #N/A | AH13: #N/A | AI13: #N/A | AJ13: #N/A | AK13: #N/A | AL13: #N/A | AP13: =AO13*E13 -> 0 | AR13: =AQ13*E13 -> 0 | AT13: =AS13*E13 -> 0 | AV13: =AU13*E13 -> 0 | AX13: =AW13*E13 -> 0 | AZ13: =AY13*E13 -> 0 | BB13: =BA13*E13 -> 0 | BD13: =BC13*E13 -> 0 | BF13: =BE13*E13 -> 0 | BH13: =BG13*E13 -> 0 | BJ13: =BI13*E13 -> 0 | BL13: =BK13*E13 -> 0
A14: 10 | B14: ='[6]NOI TAC 2026'!B16 -> S013300 | C14: =IF(B14="","",HYPERLINK("\\vdm-fsvr\Cokhi-機工\CONG VIEC CHUNG 2026\★2026年度年次目標設定\5.COSTDOWN 2026\5.MỤC TIÊU 2026\COSTDOWN 2026\PDF\"&B14&".pdf","XEM")) -> XEM | D14: ='[6]NOI TAC 2026'!F16 -> 1 | E14: ='[6]NOI TAC 2026'!AL16 -> 36.668 | K14: 1 | R14: =SUM(F14:Q14) -> 1 | T14: =$E14*F14 -> 0 | U14: =$E14*G14 -> 0 | V14: =$E14*H14 -> 0 | W14: =$E14*I14 -> 0 | X14: =$E14*J14 -> 0 | Y14: =$E14*K14 -> 36.668 | Z14: =$E14*L14 -> 0 | AA14: =$E14*M14 -> 0 | ... AE14: =$E14*Q14 -> 0 | AG14: #N/A | AH14: #N/A | AI14: #N/A | AJ14: #N/A | AK14: #N/A | AL14: #N/A | AP14: =AO14*E14 -> 0 | AR14: =AQ14*E14 -> 0 | AT14: =AS14*E14 -> 0 | AV14: =AU14*E14 -> 0 | AX14: =AW14*E14 -> 0 | AZ14: =AY14*E14 -> 0 | BB14: =BA14*E14 -> 0 | BD14: =BC14*E14 -> 0 | BF14: =BE14*E14 -> 0 | BH14: =BG14*E14 -> 0 | BJ14: =BI14*E14 -> 0 | BL14: =BK14*E14 -> 0
A15: 11 | B15: ='[6]NOI TAC 2026'!B17 -> S417746 | C15: =IF(B15="","",HYPERLINK("\\vdm-fsvr\Cokhi-機工\CONG VIEC CHUNG 2026\★2026年度年次目標設定\5.COSTDOWN 2026\5.MỤC TIÊU 2026\COSTDOWN 2026\PDF\"&B15&".pdf","XEM")) -> XEM | D15: ='[6]NOI TAC 2026'!F17 -> 1 | E15: ='[6]NOI TAC 2026'!AL17 -> 52.85168 | L15: 1 | R15: =SUM(F15:Q15) -> 1 | T15: =$E15*F15 -> 0 | U15: =$E15*G15 -> 0 | V15: =$E15*H15 -> 0 | W15: =$E15*I15 -> 0 | X15: =$E15*J15 -> 0 | Y15: =$E15*K15 -> 0 | Z15: =$E15*L15 -> 52.85168 | AA15: =$E15*M15 -> 0 | ... AE15: =$E15*Q15 -> 0 | AG15: #N/A | AH15: #N/A | AI15: #N/A | AJ15: #N/A | AK15: #N/A | AL15: #N/A | AP15: =AO15*E15 -> 0 | AR15: =AQ15*E15 -> 0 | AT15: =AS15*E15 -> 0 | AV15: =AU15*E15 -> 0 | AX15: =AW15*E15 -> 0 | AZ15: =AY15*E15 -> 0 | BB15: =BA15*E15 -> 0 | BD15: =BC15*E15 -> 0 | BF15: =BE15*E15 -> 0 | BH15: =BG15*E15 -> 0 | BJ15: =BI15*E15 -> 0 | BL15: =BK15*E15 -> 0
A16: 12 | B16: ='[6]NOI TAC 2026'!B18 -> S417748 | C16: =IF(B16="","",HYPERLINK("\\vdm-fsvr\Cokhi-機工\CONG VIEC CHUNG 2026\★2026年度年次目標設定\5.COSTDOWN 2026\5.MỤC TIÊU 2026\COSTDOWN 2026\PDF\"&B16&".pdf","XEM")) -> XEM | D16: ='[6]NOI TAC 2026'!F18 -> 1 | E16: ='[6]NOI TAC 2026'!AL18 -> 54.57168 | M16: 1 | R16: =SUM(F16:Q16) -> 1 | T16: =$E16*F16 -> 0 | U16: =$E16*G16 -> 0 | V16: =$E16*H16 -> 0 | W16: =$E16*I16 -> 0 | X16: =$E16*J16 -> 0 | Y16: =$E16*K16 -> 0 | Z16: =$E16*L16 -> 0 | AA16: =$E16*M16 -> 54.57168 | ... AE16: =$E16*Q16 -> 0 | AG16: #N/A | AH16: #N/A | AI16: #N/A | AJ16: #N/A | AK16: #N/A | AL16: #N/A | AP16: =AO16*E16 -> 0 | AR16: =AQ16*E16 -> 0 | AT16: =AS16*E16 -> 0 | AV16: =AU16*E16 -> 0 | AX16: =AW16*E16 -> 0 | AZ16: =AY16*E16 -> 0 | BB16: =BA16*E16 -> 0 | BD16: =BC16*E16 -> 0 | BF16: =BE16*E16 -> 0 | BH16: =BG16*E16 -> 0 | BJ16: =BI16*E16 -> 0 | BL16: =BK16*E16 -> 0
A17: 13 | B17: ='[6]NOI TAC 2026'!B19 -> R062214 | C17: =IF(B17="","",HYPERLINK("\\vdm-fsvr\Cokhi-機工\CONG VIEC CHUNG 2026\★2026年度年次目標設定\5.COSTDOWN 2026\5.MỤC TIÊU 2026\COSTDOWN 2026\PDF\"&B17&".pdf","XEM")) -> XEM | D17: ='[6]NOI TAC 2026'!F19 -> 1 | E17: ='[6]NOI TAC 2026'!AL19 -> 55.55364 | N17: 1 | R17: =SUM(F17:Q17) -> 1 | T17: =$E17*F17 -> 0 | U17: =$E17*G17 -> 0 | V17: =$E17*H17 -> 0 | W17: =$E17*I17 -> 0 | X17: =$E17*J17 -> 0 | Y17: =$E17*K17 -> 0 | Z17: =$E17*L17 -> 0 | AA17: =$E17*M17 -> 0 | ... AE17: =$E17*Q17 -> 0 | AG17: #N/A | AH17: #N/A | AI17: #N/A | AJ17: #N/A | AK17: #N/A | AL17: #N/A | AP17: =AO17*E17 -> 0 | AR17: =AQ17*E17 -> 0 | AT17: =AS17*E17 -> 0 | AV17: =AU17*E17 -> 0 | AX17: =AW17*E17 -> 0 | AZ17: =AY17*E17 -> 0 | BB17: =BA17*E17 -> 0 | BD17: =BC17*E17 -> 0 | BF17: =BE17*E17 -> 0 | BH17: =BG17*E17 -> 0 | BJ17: =BI17*E17 -> 0 | BL17: =BK17*E17 -> 0
A18: 14 | B18: ='[6]NOI TAC 2026'!B20 -> R062217 | C18: =IF(B18="","",HYPERLINK("\\vdm-fsvr\Cokhi-機工\CONG VIEC CHUNG 2026\★2026年度年次目標設定\5.COSTDOWN 2026\5.MỤC TIÊU 2026\COSTDOWN 2026\PDF\"&B18&".pdf","XEM")) -> XEM | D18: ='[6]NOI TAC 2026'!F20 -> 1 | E18: ='[6]NOI TAC 2026'!AL20 -> 72.7042 | O18: 1 | R18: =SUM(F18:Q18) -> 1 | T18: =$E18*F18 -> 0 | U18: =$E18*G18 -> 0 | V18: =$E18*H18 -> 0 | W18: =$E18*I18 -> 0 | X18: =$E18*J18 -> 0 | Y18: =$E18*K18 -> 0 | Z18: =$E18*L18 -> 0 | AA18: =$E18*M18 -> 0 | ... AE18: =$E18*Q18 -> 0 | AG18: #N/A | AH18: #N/A | AI18: #N/A | AJ18: #N/A | AK18: #N/A | AL18: #N/A | AP18: =AO18*E18 -> 0 | AR18: =AQ18*E18 -> 0 | AT18: =AS18*E18 -> 0 | AV18: =AU18*E18 -> 0 | AX18: =AW18*E18 -> 0 | AZ18: =AY18*E18 -> 0 | BB18: =BA18*E18 -> 0 | BD18: =BC18*E18 -> 0 | BF18: =BE18*E18 -> 0 | BH18: =BG18*E18 -> 0 | BJ18: =BI18*E18 -> 0 | BL18: =BK18*E18 -> 0
A19: 15 | B19: ='[6]NOI TAC 2026'!B21 -> R369692 | C19: =IF(B19="","",HYPERLINK("\\vdm-fsvr\Cokhi-機工\CONG VIEC CHUNG 2026\★2026年度年次目標設定\5.COSTDOWN 2026\5.MỤC TIÊU 2026\COSTDOWN 2026\PDF\"&B19&".pdf","XEM")) -> XEM | D19: ='[6]NOI TAC 2026'!F21 -> 1 | E19: ='[6]NOI TAC 2026'!AL21 -> 54.75312 | P19: 1 | R19: =SUM(F19:Q19) -> 1 | T19: =$E19*F19 -> 0 | U19: =$E19*G19 -> 0 | V19: =$E19*H19 -> 0 | W19: =$E19*I19 -> 0 | X19: =$E19*J19 -> 0 | Y19: =$E19*K19 -> 0 | Z19: =$E19*L19 -> 0 | AA19: =$E19*M19 -> 0 | ... AE19: =$E19*Q19 -> 0 | AG19: #N/A | AH19: #N/A | AI19: #N/A | AJ19: #N/A | AK19: #N/A | AL19: #N/A | AP19: =AO19*E19 -> 0 | AR19: =AQ19*E19 -> 0 | AT19: =AS19*E19 -> 0 | AV19: =AU19*E19 -> 0 | AX19: =AW19*E19 -> 0 | AZ19: =AY19*E19 -> 0 | BB19: =BA19*E19 -> 0 | BD19: =BC19*E19 -> 0 | BF19: =BE19*E19 -> 0 | BH19: =BG19*E19 -> 0 | BJ19: =BI19*E19 -> 0 | BL19: =BK19*E19 -> 0
A20: 16 | B20: ='[6]NOI TAC 2026'!B22 -> R337601 | C20: =IF(B20="","",HYPERLINK("\\vdm-fsvr\Cokhi-機工\CONG VIEC CHUNG 2026\★2026年度年次目標設定\5.COSTDOWN 2026\5.MỤC TIÊU 2026\COSTDOWN 2026\PDF\"&B20&".pdf","XEM")) -> XEM | D20: ='[6]NOI TAC 2026'!F22 -> 1 | E20: ='[6]NOI TAC 2026'!AL22 -> 86.26428 | Q20: 1 | R20: =SUM(F20:Q20) -> 1 | T20: =$E20*F20 -> 0 | U20: =$E20*G20 -> 0 | V20: =$E20*H20 -> 0 | W20: =$E20*I20 -> 0 | X20: =$E20*J20 -> 0 | Y20: =$E20*K20 -> 0 | Z20: =$E20*L20 -> 0 | AA20: =$E20*M20 -> 0 | ... AE20: =$E20*Q20 -> 86.26428 | AG20: #N/A | AH20: #N/A | AI20: #N/A | AJ20: #N/A | AK20: #N/A | AL20: #N/A | AP20: =AO20*E20 -> 0 | AR20: =AQ20*E20 -> 0 | AT20: =AS20*E20 -> 0 | AV20: =AU20*E20 -> 0 | AX20: =AW20*E20 -> 0 | AZ20: =AY20*E20 -> 0 | BB20: =BA20*E20 -> 0 | BD20: =BC20*E20 -> 0 | BF20: =BE20*E20 -> 0 | BH20: =BG20*E20 -> 0 | BJ20: =BI20*E20 -> 0 | BL20: =BK20*E20 -> 0
A21: 17 | B21: ='[6]NOI TAC 2026'!B23 -> R009210 | C21: =IF(B21="","",HYPERLINK("\\vdm-fsvr\Cokhi-機工\CONG VIEC CHUNG 2026\★2026年度年次目標設定\5.COSTDOWN 2026\5.MỤC TIÊU 2026\COSTDOWN 2026\PDF\"&B21&".pdf","XEM")) -> XEM | D21: ='[6]NOI TAC 2026'!F23 -> 1 | E21: ='[6]NOI TAC 2026'!AL23 -> 137.97264 | F21: 1 | R21: =SUM(F21:Q21) -> 1 | T21: =$E21*F21 -> 137.97264 | U21: =$E21*G21 -> 0 | V21: =$E21*H21 -> 0 | W21: =$E21*I21 -> 0 | X21: =$E21*J21 -> 0 | Y21: =$E21*K21 -> 0 | Z21: =$E21*L21 -> 0 | AA21: =$E21*M21 -> 0 | ... AE21: =$E21*Q21 -> 0 | AG21: #N/A | AH21: #N/A | AI21: #N/A | AJ21: #N/A | AK21: #N/A | AL21: #N/A | AP21: =AO21*E21 -> 0 | AR21: =AQ21*E21 -> 0 | AT21: =AS21*E21 -> 0 | AV21: =AU21*E21 -> 0 | AX21: =AW21*E21 -> 0 | AZ21: =AY21*E21 -> 0 | BB21: =BA21*E21 -> 0 | BD21: =BC21*E21 -> 0 | BF21: =BE21*E21 -> 0 | BH21: =BG21*E21 -> 0 | BJ21: =BI21*E21 -> 0 | BL21: =BK21*E21 -> 0
A22: 18 | B22: ='[6]NOI TAC 2026'!B24 -> S210886 | C22: =IF(B22="","",HYPERLINK("\\vdm-fsvr\Cokhi-機工\CONG VIEC CHUNG 2026\★2026年度年次目標設定\5.COSTDOWN 2026\5.MỤC TIÊU 2026\COSTDOWN 2026\PDF\"&B22&".pdf","XEM")) -> XEM | D22: ='[6]NOI TAC 2026'!F24 -> 1 | E22: ='[6]NOI TAC 2026'!AL24 -> 126.60041 | H22: 1 | R22: =SUM(F22:Q22) -> 1 | T22: =$E22*F22 -> 0 | U22: =$E22*G22 -> 0 | V22: =$E22*H22 -> 126.60041 | W22: =$E22*I22 -> 0 | X22: =$E22*J22 -> 0 | Y22: =$E22*K22 -> 0 | Z22: =$E22*L22 -> 0 | AA22: =$E22*M22 -> 0 | ... AE22: =$E22*Q22 -> 0 | AG22: #N/A | AH22: #N/A | AI22: #N/A | AJ22: #N/A | AK22: #N/A | AL22: #N/A | AP22: =AO22*E22 -> 0 | AR22: =AQ22*E22 -> 0 | AT22: =AS22*E22 -> 0 | AV22: =AU22*E22 -> 0 | AX22: =AW22*E22 -> 0 | AZ22: =AY22*E22 -> 0 | BB22: =BA22*E22 -> 0 | BD22: =BC22*E22 -> 0 | BF22: =BE22*E22 -> 0 | BH22: =BG22*E22 -> 0 | BJ22: =BI22*E22 -> 0 | BL22: =BK22*E22 -> 0
A23: 19 | B23: ='[6]NOI TAC 2026'!B25 -> R061781 | C23: =IF(B23="","",HYPERLINK("\\vdm-fsvr\Cokhi-機工\CONG VIEC CHUNG 2026\★2026年度年次目標設定\5.COSTDOWN 2026\5.MỤC TIÊU 2026\COSTDOWN 2026\PDF\"&B23&".pdf","XEM")) -> XEM | D23: ='[6]NOI TAC 2026'!F25 -> 1 | E23: ='[6]NOI TAC 2026'!AL25 -> 166.59896 | I23: 1 | R23: =SUM(F23:Q23) -> 1 | T23: =$E23*F23 -> 0 | U23: =$E23*G23 -> 0 | V23: =$E23*H23 -> 0 | W23: =$E23*I23 -> 166.59896 | X23: =$E23*J23 -> 0 | Y23: =$E23*K23 -> 0 | Z23: =$E23*L23 -> 0 | AA23: =$E23*M23 -> 0 | ... AE23: =$E23*Q23 -> 0 | AG23: #N/A | AH23: #N/A | AI23: #N/A | AJ23: #N/A | AK23: #N/A | AL23: #N/A | AP23: =AO23*E23 -> 0 | AR23: =AQ23*E23 -> 0 | AT23: =AS23*E23 -> 0 | AV23: =AU23*E23 -> 0 | AX23: =AW23*E23 -> 0 | AZ23: =AY23*E23 -> 0 | BB23: =BA23*E23 -> 0 | BD23: =BC23*E23 -> 0 | BF23: =BE23*E23 -> 0 | BH23: =BG23*E23 -> 0 | BJ23: =BI23*E23 -> 0 | BL23: =BK23*E23 -> 0
A24: 20 | B24: ='[6]NOI TAC 2026'!B26 -> R021019 | C24: =IF(B24="","",HYPERLINK("\\vdm-fsvr\Cokhi-機工\CONG VIEC CHUNG 2026\★2026年度年次目標設定\5.COSTDOWN 2026\5.MỤC TIÊU 2026\COSTDOWN 2026\PDF\"&B24&".pdf","XEM")) -> XEM | D24: ='[6]NOI TAC 2026'!F26 -> 5 | E24: ='[6]NOI TAC 2026'!AL26 -> 137.7042 | G24: 1 | J24: 1 | M24: 1 | O24: 1 | Q24: 1 | R24: =SUM(F24:Q24) -> 5 | T24: =$E24*F24 -> 0 | U24: =$E24*G24 -> 137.7042 | V24: =$E24*H24 -> 0 | W24: =$E24*I24 -> 0 | X24: =$E24*J24 -> 137.7042 | Y24: =$E24*K24 -> 0 | Z24: =$E24*L24 -> 0 | AA24: =$E24*M24 -> 137.7042 | ... AE24: =$E24*Q24 -> 137.7042 | AG24: #N/A | AH24: #N/A | AI24: #N/A | AJ24: #N/A | AK24: #N/A | AL24: #N/A | AP24: =AO24*E24 -> 0 | AR24: =AQ24*E24 -> 0 | AT24: =AS24*E24 -> 0 | AV24: =AU24*E24 -> 0 | AX24: =AW24*E24 -> 0 | AZ24: =AY24*E24 -> 0 | BB24: =BA24*E24 -> 0 | BD24: =BC24*E24 -> 0 | BF24: =BE24*E24 -> 0 | BH24: =BG24*E24 -> 0 | BJ24: =BI24*E24 -> 0 | BL24: =BK24*E24 -> 0
A25: 21 | B25: ='[6]NOI TAC 2026'!B27 -> R029254 | C25: =IF(B25="","",HYPERLINK("\\vdm-fsvr\Cokhi-機工\CONG VIEC CHUNG 2026\★2026年度年次目標設定\5.COSTDOWN 2026\5.MỤC TIÊU 2026\COSTDOWN 2026\PDF\"&B25&".pdf","XEM")) -> XEM | D25: ='[6]NOI TAC 2026'!F27 -> 1 | E25: ='[6]NOI TAC 2026'!AL27 -> 277.4854 | H25: 1 | R25: =SUM(F25:Q25) -> 1 | T25: =$E25*F25 -> 0 | U25: =$E25*G25 -> 0 | V25: =$E25*H25 -> 277.4854 | W25: =$E25*I25 -> 0 | X25: =$E25*J25 -> 0 | Y25: =$E25*K25 -> 0 | Z25: =$E25*L25 -> 0 | AA25: =$E25*M25 -> 0 | ... AE25: =$E25*Q25 -> 0 | AG25: #N/A | AH25: #N/A | AI25: #N/A | AJ25: #N/A | AK25: #N/A | AL25: #N/A | AP25: =AO25*E25 -> 0 | AR25: =AQ25*E25 -> 0 | AT25: =AS25*E25 -> 0 | AV25: =AU25*E25 -> 0 | AX25: =AW25*E25 -> 0 | AZ25: =AY25*E25 -> 0 | BB25: =BA25*E25 -> 0 | BD25: =BC25*E25 -> 0 | BF25: =BE25*E25 -> 0 | BH25: =BG25*E25 -> 0 | BJ25: =BI25*E25 -> 0 | BL25: =BK25*E25 -> 0
A26: 22 | B26: ='[6]NOI TAC 2026'!B28 -> S919918 | C26: =IF(B26="","",HYPERLINK("\\vdm-fsvr\Cokhi-機工\CONG VIEC CHUNG 2026\★2026年度年次目標設定\5.COSTDOWN 2026\5.MỤC TIÊU 2026\COSTDOWN 2026\PDF\"&B26&".pdf","XEM")) -> XEM | D26: ='[6]NOI TAC 2026'!F28 -> 1 | E26: ='[6]NOI TAC 2026'!AL28 -> 340.1528 | I26: 1 | R26: =SUM(F26:Q26) -> 1 | T26: =$E26*F26 -> 0 | U26: =$E26*G26 -> 0 | V26: =$E26*H26 -> 0 | W26: =$E26*I26 -> 340.1528 | X26: =$E26*J26 -> 0 | Y26: =$E26*K26 -> 0 | Z26: =$E26*L26 -> 0 | AA26: =$E26*M26 -> 0 | ... AE26: =$E26*Q26 -> 0 | AG26: #N/A | AH26: #N/A | AI26: #N/A | AJ26: #N/A | AK26: #N/A | AL26: #N/A | AP26: =AO26*E26 -> 0 | AR26: =AQ26*E26 -> 0 | AT26: =AS26*E26 -> 0 | AV26: =AU26*E26 -> 0 | AX26: =AW26*E26 -> 0 | AZ26: =AY26*E26 -> 0 | BB26: =BA26*E26 -> 0 | BD26: =BC26*E26 -> 0 | BF26: =BE26*E26 -> 0 | BH26: =BG26*E26 -> 0 | BJ26: =BI26*E26 -> 0 | BL26: =BK26*E26 -> 0
A27: 23 | B27: ='[6]NOI TAC 2026'!B29 -> S814330 | C27: =IF(B27="","",HYPERLINK("\\vdm-fsvr\Cokhi-機工\CONG VIEC CHUNG 2026\★2026年度年次目標設定\5.COSTDOWN 2026\5.MỤC TIÊU 2026\COSTDOWN 2026\PDF\"&B27&".pdf","XEM")) -> XEM | D27: ='[6]NOI TAC 2026'!F29 -> 1 | E27: ='[6]NOI TAC 2026'!AL29 -> 388.68712 | J27: 1 | R27: =SUM(F27:Q27) -> 1 | T27: =$E27*F27 -> 0 | U27: =$E27*G27 -> 0 | V27: =$E27*H27 -> 0 | W27: =$E27*I27 -> 0 | X27: =$E27*J27 -> 388.68712 | Y27: =$E27*K27 -> 0 | Z27: =$E27*L27 -> 0 | AA27: =$E27*M27 -> 0 | ... AE27: =$E27*Q27 -> 0 | AG27: #N/A | AH27: #N/A | AI27: #N/A | AJ27: #N/A | AK27: #N/A | AL27: #N/A | AP27: =AO27*E27 -> 0 | AR27: =AQ27*E27 -> 0 | AT27: =AS27*E27 -> 0 | AV27: =AU27*E27 -> 0 | AX27: =AW27*E27 -> 0 | AZ27: =AY27*E27 -> 0 | BB27: =BA27*E27 -> 0 | BD27: =BC27*E27 -> 0 | BF27: =BE27*E27 -> 0 | BH27: =BG27*E27 -> 0 | BJ27: =BI27*E27 -> 0 | BL27: =BK27*E27 -> 0
A28: 24 | B28: ='[6]NOI TAC 2026'!B30 -> S945605 | C28: =IF(B28="","",HYPERLINK("\\vdm-fsvr\Cokhi-機工\CONG VIEC CHUNG 2026\★2026年度年次目標設定\5.COSTDOWN 2026\5.MỤC TIÊU 2026\COSTDOWN 2026\PDF\"&B28&".pdf","XEM")) -> XEM | D28: ='[6]NOI TAC 2026'!F30 -> 1 | E28: ='[6]NOI TAC 2026'!AL30 -> 324.71084 | K28: 1 | R28: =SUM(F28:Q28) -> 1 | T28: =$E28*F28 -> 0 | U28: =$E28*G28 -> 0 | V28: =$E28*H28 -> 0 | W28: =$E28*I28 -> 0 | X28: =$E28*J28 -> 0 | Y28: =$E28*K28 -> 324.71084 | Z28: =$E28*L28 -> 0 | AA28: =$E28*M28 -> 0 | ... AE28: =$E28*Q28 -> 0 | AG28: #N/A | AH28: #N/A | AI28: #N/A | AJ28: #N/A | AK28: #N/A | AL28: #N/A | AP28: =AO28*E28 -> 0 | AR28: =AQ28*E28 -> 0 | AT28: =AS28*E28 -> 0 | AV28: =AU28*E28 -> 0 | AX28: =AW28*E28 -> 0 | AZ28: =AY28*E28 -> 0 | BB28: =BA28*E28 -> 0 | BD28: =BC28*E28 -> 0 | BF28: =BE28*E28 -> 0 | BH28: =BG28*E28 -> 0 | BJ28: =BI28*E28 -> 0 | BL28: =BK28*E28 -> 0
A29: 25 | B29: ='[6]NOI TAC 2026'!B31 -> R031206 | C29: =IF(B29="","",HYPERLINK("\\vdm-fsvr\Cokhi-機工\CONG VIEC CHUNG 2026\★2026年度年次目標設定\5.COSTDOWN 2026\5.MỤC TIÊU 2026\COSTDOWN 2026\PDF\"&B29&".pdf","XEM")) -> XEM | D29: ='[6]NOI TAC 2026'!F31 -> 1 | E29: ='[6]NOI TAC 2026'!AL31 -> 390.59956 | L29: 1 | R29: =SUM(F29:Q29) -> 1 | T29: =$E29*F29 -> 0 | U29: =$E29*G29 -> 0 | V29: =$E29*H29 -> 0 | W29: =$E29*I29 -> 0 | X29: =$E29*J29 -> 0 | Y29: =$E29*K29 -> 0 | Z29: =$E29*L29 -> 390.59956 | AA29: =$E29*M29 -> 0 | ... AE29: =$E29*Q29 -> 0 | AG29: #N/A | AH29: #N/A | AI29: #N/A | AJ29: #N/A | AK29: #N/A | AL29: #N/A | AP29: =AO29*E29 -> 0 | AR29: =AQ29*E29 -> 0 | AT29: =AS29*E29 -> 0 | AV29: =AU29*E29 -> 0 | AX29: =AW29*E29 -> 0 | AZ29: =AY29*E29 -> 0 | BB29: =BA29*E29 -> 0 | BD29: =BC29*E29 -> 0 | BF29: =BE29*E29 -> 0 | BH29: =BG29*E29 -> 0 | BJ29: =BI29*E29 -> 0 | BL29: =BK29*E29 -> 0
A30: 26 | B30: ='[6]NOI TAC 2026'!B32 -> S919631 | C30: =IF(B30="","",HYPERLINK("\\vdm-fsvr\Cokhi-機工\CONG VIEC CHUNG 2026\★2026年度年次目標設定\5.COSTDOWN 2026\5.MỤC TIÊU 2026\COSTDOWN 2026\PDF\"&B30&".pdf","XEM")) -> XEM | D30: ='[6]NOI TAC 2026'!F32 -> 1 | E30: ='[6]NOI TAC 2026'!AL32 -> 450.93884 | M30: 1 | R30: =SUM(F30:Q30) -> 1 | T30: =$E30*F30 -> 0 | U30: =$E30*G30 -> 0 | V30: =$E30*H30 -> 0 | W30: =$E30*I30 -> 0 | X30: =$E30*J30 -> 0 | Y30: =$E30*K30 -> 0 | Z30: =$E30*L30 -> 0 | AA30: =$E30*M30 -> 450.93884 | ... AE30: =$E30*Q30 -> 0 | AG30: #N/A | AH30: #N/A | AI30: #N/A | AJ30: #N/A | AK30: #N/A | AL30: #N/A | AP30: =AO30*E30 -> 0 | AR30: =AQ30*E30 -> 0 | AT30: =AS30*E30 -> 0 | AV30: =AU30*E30 -> 0 | AX30: =AW30*E30 -> 0 | AZ30: =AY30*E30 -> 0 | BB30: =BA30*E30 -> 0 | BD30: =BC30*E30 -> 0 | BF30: =BE30*E30 -> 0 | BH30: =BG30*E30 -> 0 | BJ30: =BI30*E30 -> 0 | BL30: =BK30*E30 -> 0
A31: 27 | B31: ='[6]NOI TAC 2026'!B33 -> S029583 | C31: =IF(B31="","",HYPERLINK("\\vdm-fsvr\Cokhi-機工\CONG VIEC CHUNG 2026\★2026年度年次目標設定\5.COSTDOWN 2026\5.MỤC TIÊU 2026\COSTDOWN 2026\PDF\"&B31&".pdf","XEM")) -> XEM | D31: ='[6]NOI TAC 2026'!F33 -> 1 | E31: ='[6]NOI TAC 2026'!AL33 -> 483.10576 | N31: 1 | R31: =SUM(F31:Q31) -> 1 | T31: =$E31*F31 -> 0 | U31: =$E31*G31 -> 0 | V31: =$E31*H31 -> 0 | W31: =$E31*I31 -> 0 | X31: =$E31*J31 -> 0 | Y31: =$E31*K31 -> 0 | Z31: =$E31*L31 -> 0 | AA31: =$E31*M31 -> 0 | ... AE31: =$E31*Q31 -> 0 | AG31: #N/A | AH31: #N/A | AI31: #N/A | AJ31: #N/A | AK31: #N/A | AL31: #N/A | AP31: =AO31*E31 -> 0 | AR31: =AQ31*E31 -> 0 | AT31: =AS31*E31 -> 0 | AV31: =AU31*E31 -> 0 | AX31: =AW31*E31 -> 0 | AZ31: =AY31*E31 -> 0 | BB31: =BA31*E31 -> 0 | BD31: =BC31*E31 -> 0 | BF31: =BE31*E31 -> 0 | BH31: =BG31*E31 -> 0 | BJ31: =BI31*E31 -> 0 | BL31: =BK31*E31 -> 0
A32: 28 | B32: ='[6]NOI TAC 2026'!B34 -> R462231 | C32: =IF(B32="","",HYPERLINK("\\vdm-fsvr\Cokhi-機工\CONG VIEC CHUNG 2026\★2026年度年次目標設定\5.COSTDOWN 2026\5.MỤC TIÊU 2026\COSTDOWN 2026\PDF\"&B32&".pdf","XEM")) -> XEM | D32: ='[6]NOI TAC 2026'!F34 -> 1 | E32: ='[6]NOI TAC 2026'!AL34 -> 2.1008576 | O32: 1 | R32: =SUM(F32:Q32) -> 1 | T32: =$E32*F32 -> 0 | U32: =$E32*G32 -> 0 | V32: =$E32*H32 -> 0 | W32: =$E32*I32 -> 0 | X32: =$E32*J32 -> 0 | Y32: =$E32*K32 -> 0 | Z32: =$E32*L32 -> 0 | AA32: =$E32*M32 -> 0 | ... AE32: =$E32*Q32 -> 0 | AG32: #N/A | AH32: #N/A | AI32: #N/A | AJ32: #N/A | AK32: #N/A | AL32: #N/A | AP32: =AO32*E32 -> 0 | AR32: =AQ32*E32 -> 0 | AT32: =AS32*E32 -> 0 | AV32: =AU32*E32 -> 0 | AX32: =AW32*E32 -> 0 | AZ32: =AY32*E32 -> 0 | BB32: =BA32*E32 -> 0 | BD32: =BC32*E32 -> 0 | BF32: =BE32*E32 -> 0 | BH32: =BG32*E32 -> 0 | BJ32: =BI32*E32 -> 0 | BL32: =BK32*E32 -> 0
A33: 29 | B33: ='[6]NOI TAC 2026'!B35 -> R028995 | C33: =IF(B33="","",HYPERLINK("\\vdm-fsvr\Cokhi-機工\CONG VIEC CHUNG 2026\★2026年度年次目標設定\5.COSTDOWN 2026\5.MỤC TIÊU 2026\COSTDOWN 2026\PDF\"&B33&".pdf","XEM")) -> XEM | D33: ='[6]NOI TAC 2026'!F35 -> 1 | E33: ='[6]NOI TAC 2026'!AL35 -> 59.678271 | P33: 1 | R33: =SUM(F33:Q33) -> 1 | T33: =$E33*F33 -> 0 | U33: =$E33*G33 -> 0 | V33: =$E33*H33 -> 0 | W33: =$E33*I33 -> 0 | X33: =$E33*J33 -> 0 | Y33: =$E33*K33 -> 0 | Z33: =$E33*L33 -> 0 | AA33: =$E33*M33 -> 0 | ... AE33: =$E33*Q33 -> 0 | AG33: #N/A | AH33: #N/A | AI33: #N/A | AJ33: #N/A | AK33: #N/A | AL33: #N/A | AP33: =AO33*E33 -> 0 | AR33: =AQ33*E33 -> 0 | AT33: =AS33*E33 -> 0 | AV33: =AU33*E33 -> 0 | AX33: =AW33*E33 -> 0 | AZ33: =AY33*E33 -> 0 | BB33: =BA33*E33 -> 0 | BD33: =BC33*E33 -> 0 | BF33: =BE33*E33 -> 0 | BH33: =BG33*E33 -> 0 | BJ33: =BI33*E33 -> 0 | BL33: =BK33*E33 -> 0
A34: 30 | B34: ='[6]NOI TAC 2026'!B36 -> R408546 | C34: =IF(B34="","",HYPERLINK("\\vdm-fsvr\Cokhi-機工\CONG VIEC CHUNG 2026\★2026年度年次目標設定\5.COSTDOWN 2026\5.MỤC TIÊU 2026\COSTDOWN 2026\PDF\"&B34&".pdf","XEM")) -> XEM | D34: ='[6]NOI TAC 2026'!F36 -> 1 | E34: ='[6]NOI TAC 2026'!AL36 -> 34.102066 | F34: 1 | R34: =SUM(F34:Q34) -> 1 | T34: =$E34*F34 -> 34.102066 | U34: =$E34*G34 -> 0 | V34: =$E34*H34 -> 0 | W34: =$E34*I34 -> 0 | X34: =$E34*J34 -> 0 | Y34: =$E34*K34 -> 0 | Z34: =$E34*L34 -> 0 | AA34: =$E34*M34 -> 0 | ... AE34: =$E34*Q34 -> 0 | AG34: #N/A | AH34: #N/A | AI34: #N/A | AJ34: #N/A | AK34: #N/A | AL34: #N/A | AP34: =AO34*E34 -> 0 | AR34: =AQ34*E34 -> 0 | AT34: =AS34*E34 -> 0 | AV34: =AU34*E34 -> 0 | AX34: =AW34*E34 -> 0 | AZ34: =AY34*E34 -> 0 | BB34: =BA34*E34 -> 0 | BD34: =BC34*E34 -> 0 | BF34: =BE34*E34 -> 0 | BH34: =BG34*E34 -> 0 | BJ34: =BI34*E34 -> 0 | BL34: =BK34*E34 -> 0
A35: 31 | B35: ='[6]NOI TAC 2026'!B37 -> R173347 | C35: =IF(B35="","",HYPERLINK("\\vdm-fsvr\Cokhi-機工\CONG VIEC CHUNG 2026\★2026年度年次目標設定\5.COSTDOWN 2026\5.MỤC TIÊU 2026\COSTDOWN 2026\PDF\"&B35&".pdf","XEM")) -> XEM | D35: ='[6]NOI TAC 2026'!F37 -> 1 | E35: ='[6]NOI TAC 2026'!AL37 -> 52.346831 | I35: 1 | R35: =SUM(F35:Q35) -> 1 | T35: =$E35*F35 -> 0 | U35: =$E35*G35 -> 0 | V35: =$E35*H35 -> 0 | W35: =$E35*I35 -> 52.346831 | X35: =$E35*J35 -> 0 | Y35: =$E35*K35 -> 0 | Z35: =$E35*L35 -> 0 | AA35: =$E35*M35 -> 0 | ... AE35: =$E35*Q35 -> 0 | AG35: #N/A | AH35: #N/A | AI35: #N/A | AJ35: #N/A | AK35: #N/A | AL35: #N/A | AP35: =AO35*E35 -> 0 | AR35: =AQ35*E35 -> 0 | AT35: =AS35*E35 -> 0 | AV35: =AU35*E35 -> 0 | AX35: =AW35*E35 -> 0 | AZ35: =AY35*E35 -> 0 | BB35: =BA35*E35 -> 0 | BD35: =BC35*E35 -> 0 | BF35: =BE35*E35 -> 0 | BH35: =BG35*E35 -> 0 | BJ35: =BI35*E35 -> 0 | BL35: =BK35*E35 -> 0
A36: 32 | B36: ='[6]NOI TAC 2026'!B38 -> S445272 | C36: =IF(B36="","",HYPERLINK("\\vdm-fsvr\Cokhi-機工\CONG VIEC CHUNG 2026\★2026年度年次目標設定\5.COSTDOWN 2026\5.MỤC TIÊU 2026\COSTDOWN 2026\PDF\"&B36&".pdf","XEM")) -> XEM | D36: ='[6]NOI TAC 2026'!F38 -> 2 | E36: ='[6]NOI TAC 2026'!AL38 -> 51.651456 | G36: 1 | O36: 1 | R36: =SUM(F36:Q36) -> 2 | T36: =$E36*F36 -> 0 | U36: =$E36*G36 -> 51.651456 | V36: =$E36*H36 -> 0 | W36: =$E36*I36 -> 0 | X36: =$E36*J36 -> 0 | Y36: =$E36*K36 -> 0 | Z36: =$E36*L36 -> 0 | AA36: =$E36*M36 -> 0 | ... AE36: =$E36*Q36 -> 0 | AG36: #N/A | AH36: #N/A | AI36: #N/A | AJ36: #N/A | AK36: #N/A | AL36: #N/A | AP36: =AO36*E36 -> 0 | AR36: =AQ36*E36 -> 0 | AT36: =AS36*E36 -> 0 | AV36: =AU36*E36 -> 0 | AX36: =AW36*E36 -> 0 | AZ36: =AY36*E36 -> 0 | BB36: =BA36*E36 -> 0 | BD36: =BC36*E36 -> 0 | BF36: =BE36*E36 -> 0 | BH36: =BG36*E36 -> 0 | BJ36: =BI36*E36 -> 0 | BL36: =BK36*E36 -> 0
A37: 33 | B37: ='[6]NOI TAC 2026'!B39 -> R028307 | C37: =IF(B37="","",HYPERLINK("\\vdm-fsvr\Cokhi-機工\CONG VIEC CHUNG 2026\★2026年度年次目標設定\5.COSTDOWN 2026\5.MỤC TIÊU 2026\COSTDOWN 2026\PDF\"&B37&".pdf","XEM")) -> XEM | D37: ='[6]NOI TAC 2026'!F39 -> 1 | E37: ='[6]NOI TAC 2026'!AL39 -> 316.4408 | P37: 1 | R37: =SUM(F37:Q37) -> 1 | T37: =$E37*F37 -> 0 | U37: =$E37*G37 -> 0 | V37: =$E37*H37 -> 0 | W37: =$E37*I37 -> 0 | X37: =$E37*J37 -> 0 | Y37: =$E37*K37 -> 0 | Z37: =$E37*L37 -> 0 | AA37: =$E37*M37 -> 0 | ... AE37: =$E37*Q37 -> 0 | AG37: #N/A | AH37: #N/A | AI37: #N/A | AJ37: #N/A | AK37: #N/A | AL37: #N/A | AP37: =AO37*E37 -> 0 | AR37: =AQ37*E37 -> 0 | AT37: =AS37*E37 -> 0 | AV37: =AU37*E37 -> 0 | AX37: =AW37*E37 -> 0 | AZ37: =AY37*E37 -> 0 | BB37: =BA37*E37 -> 0 | BD37: =BC37*E37 -> 0 | BF37: =BE37*E37 -> 0 | BH37: =BG37*E37 -> 0 | BJ37: =BI37*E37 -> 0 | BL37: =BK37*E37 -> 0
A38: 34 | B38: ='[6]NOI TAC 2026'!B40 -> R063169 | C38: =IF(B38="","",HYPERLINK("\\vdm-fsvr\Cokhi-機工\CONG VIEC CHUNG 2026\★2026年度年次目標設定\5.COSTDOWN 2026\5.MỤC TIÊU 2026\COSTDOWN 2026\PDF\"&B38&".pdf","XEM")) -> XEM | D38: ='[6]NOI TAC 2026'!F40 -> 1 | E38: ='[6]NOI TAC 2026'!AL40 -> 851.5544 | L38: 1 | R38: =SUM(F38:Q38) -> 1 | T38: =$E38*F38 -> 0 | U38: =$E38*G38 -> 0 | V38: =$E38*H38 -> 0 | W38: =$E38*I38 -> 0 | X38: =$E38*J38 -> 0 | Y38: =$E38*K38 -> 0 | Z38: =$E38*L38 -> 851.5544 | AA38: =$E38*M38 -> 0 | ... AE38: =$E38*Q38 -> 0 | AG38: #N/A | AH38: #N/A | AI38: #N/A | AJ38: #N/A | AK38: #N/A | AL38: #N/A | AP38: =AO38*E38 -> 0 | AR38: =AQ38*E38 -> 0 | AT38: =AS38*E38 -> 0 | AV38: =AU38*E38 -> 0 | AX38: =AW38*E38 -> 0 | AZ38: =AY38*E38 -> 0 | BB38: =BA38*E38 -> 0 | BD38: =BC38*E38 -> 0 | BF38: =BE38*E38 -> 0 | BH38: =BG38*E38 -> 0 | BJ38: =BI38*E38 -> 0 | BL38: =BK38*E38 -> 0
A39: 35 | B39: ='[6]NOI TAC 2026'!B41 -> R422776 | C39: =IF(B39="","",HYPERLINK("\\vdm-fsvr\Cokhi-機工\CONG VIEC CHUNG 2026\★2026年度年次目標設定\5.COSTDOWN 2026\5.MỤC TIÊU 2026\COSTDOWN 2026\PDF\"&B39&".pdf","XEM")) -> XEM | D39: ='[6]NOI TAC 2026'!F41 -> 4 | E39: ='[6]NOI TAC 2026'!AL41 -> 164.3748 | I39: 1 | L39: 1 | N39: 1 | Q39: 1 | R39: =SUM(F39:Q39) -> 4 | T39: =$E39*F39 -> 0 | U39: =$E39*G39 -> 0 | V39: =$E39*H39 -> 0 | W39: =$E39*I39 -> 164.3748 | X39: =$E39*J39 -> 0 | Y39: =$E39*K39 -> 0 | Z39: =$E39*L39 -> 164.3748 | AA39: =$E39*M39 -> 0 | ... AE39: =$E39*Q39 -> 164.3748 | AG39: #N/A | AH39: #N/A | AI39: #N/A | AJ39: #N/A | AK39: #N/A | AL39: #N/A | AP39: =AO39*E39 -> 0 | AR39: =AQ39*E39 -> 0 | AT39: =AS39*E39 -> 0 | AV39: =AU39*E39 -> 0 | AX39: =AW39*E39 -> 0 | AZ39: =AY39*E39 -> 0 | BB39: =BA39*E39 -> 0 | BD39: =BC39*E39 -> 0 | BF39: =BE39*E39 -> 0 | BH39: =BG39*E39 -> 0 | BJ39: =BI39*E39 -> 0 | BL39: =BK39*E39 -> 0
A40: 36 | B40: ='[6]NOI TAC 2026'!B42 -> R530898 | C40: =IF(B40="","",HYPERLINK("\\vdm-fsvr\Cokhi-機工\CONG VIEC CHUNG 2026\★2026年度年次目標設定\5.COSTDOWN 2026\5.MỤC TIÊU 2026\COSTDOWN 2026\PDF\"&B40&".pdf","XEM")) -> XEM | D40: ='[6]NOI TAC 2026'!F42 -> 1 | E40: ='[6]NOI TAC 2026'!AL42 -> 172.2836 | F40: 1 | R40: =SUM(F40:Q40) -> 1 | T40: =$E40*F40 -> 172.2836 | U40: =$E40*G40 -> 0 | V40: =$E40*H40 -> 0 | W40: =$E40*I40 -> 0 | X40: =$E40*J40 -> 0 | Y40: =$E40*K40 -> 0 | Z40: =$E40*L40 -> 0 | AA40: =$E40*M40 -> 0 | ... AE40: =$E40*Q40 -> 0 | AG40: #N/A | AH40: #N/A | AI40: #N/A | AJ40: #N/A | AK40: #N/A | AL40: #N/A | AP40: =AO40*E40 -> 0 | AR40: =AQ40*E40 -> 0 | AT40: =AS40*E40 -> 0 | AV40: =AU40*E40 -> 0 | AX40: =AW40*E40 -> 0 | AZ40: =AY40*E40 -> 0 | BB40: =BA40*E40 -> 0 | BD40: =BC40*E40 -> 0 | BF40: =BE40*E40 -> 0 | BH40: =BG40*E40 -> 0 | BJ40: =BI40*E40 -> 0 | BL40: =BK40*E40 -> 0
A41: 37 | B41: ='[6]NOI TAC 2026'!B43 -> R558748 | C41: =IF(B41="","",HYPERLINK("\\vdm-fsvr\Cokhi-機工\CONG VIEC CHUNG 2026\★2026年度年次目標設定\5.COSTDOWN 2026\5.MỤC TIÊU 2026\COSTDOWN 2026\PDF\"&B41&".pdf","XEM")) -> XEM | D41: ='[6]NOI TAC 2026'!F43 -> 1 | E41: ='[6]NOI TAC 2026'!AL43 -> 230.97565 | H41: 1 | R41: =SUM(F41:Q41) -> 1 | T41: =$E41*F41 -> 0 | U41: =$E41*G41 -> 0 | V41: =$E41*H41 -> 230.97565 | W41: =$E41*I41 -> 0 | X41: =$E41*J41 -> 0 | Y41: =$E41*K41 -> 0 | Z41: =$E41*L41 -> 0 | AA41: =$E41*M41 -> 0 | ... AE41: =$E41*Q41 -> 0 | AG41: #N/A | AH41: #N/A | AI41: #N/A | AJ41: #N/A | AK41: #N/A | AL41: #N/A | AP41: =AO41*E41 -> 0 | AR41: =AQ41*E41 -> 0 | AT41: =AS41*E41 -> 0 | AV41: =AU41*E41 -> 0 | AX41: =AW41*E41 -> 0 | AZ41: =AY41*E41 -> 0 | BB41: =BA41*E41 -> 0 | BD41: =BC41*E41 -> 0 | BF41: =BE41*E41 -> 0 | BH41: =BG41*E41 -> 0 | BJ41: =BI41*E41 -> 0 | BL41: =BK41*E41 -> 0
A42: 38 | B42: ='[6]NOI TAC 2026'!B44 -> S156674 | C42: =IF(B42="","",HYPERLINK("\\vdm-fsvr\Cokhi-機工\CONG VIEC CHUNG 2026\★2026年度年次目標設定\5.COSTDOWN 2026\5.MỤC TIÊU 2026\COSTDOWN 2026\PDF\"&B42&".pdf","XEM")) -> XEM | D42: ='[6]NOI TAC 2026'!F44 -> 1 | E42: ='[6]NOI TAC 2026'!AL44 -> 227.13944 | I42: 1 | R42: =SUM(F42:Q42) -> 1 | T42: =$E42*F42 -> 0 | U42: =$E42*G42 -> 0 | V42: =$E42*H42 -> 0 | W42: =$E42*I42 -> 227.13944 | X42: =$E42*J42 -> 0 | Y42: =$E42*K42 -> 0 | Z42: =$E42*L42 -> 0 | AA42: =$E42*M42 -> 0 | ... AE42: =$E42*Q42 -> 0 | AG42: #N/A | AH42: #N/A | AI42: #N/A | AJ42: #N/A | AK42: #N/A | AL42: #N/A | AP42: =AO42*E42 -> 0 | AR42: =AQ42*E42 -> 0 | AT42: =AS42*E42 -> 0 | AV42: =AU42*E42 -> 0 | AX42: =AW42*E42 -> 0 | AZ42: =AY42*E42 -> 0 | BB42: =BA42*E42 -> 0 | BD42: =BC42*E42 -> 0 | BF42: =BE42*E42 -> 0 | BH42: =BG42*E42 -> 0 | BJ42: =BI42*E42 -> 0 | BL42: =BK42*E42 -> 0
A43: 39 | B43: ='[6]NOI TAC 2026'!B45 -> S740084 | C43: =IF(B43="","",HYPERLINK("\\vdm-fsvr\Cokhi-機工\CONG VIEC CHUNG 2026\★2026年度年次目標設定\5.COSTDOWN 2026\5.MỤC TIÊU 2026\COSTDOWN 2026\PDF\"&B43&".pdf","XEM")) -> XEM | D43: ='[6]NOI TAC 2026'!F45 -> 2 | E43: ='[6]NOI TAC 2026'!AL45 -> 97.4608 | J43: 1 | M43: 1 | R43: =SUM(F43:Q43) -> 2 | T43: =$E43*F43 -> 0 | U43: =$E43*G43 -> 0 | V43: =$E43*H43 -> 0 | W43: =$E43*I43 -> 0 | X43: =$E43*J43 -> 97.4608 | Y43: =$E43*K43 -> 0 | Z43: =$E43*L43 -> 0 | AA43: =$E43*M43 -> 97.4608 | ... AE43: =$E43*Q43 -> 0 | AG43: #N/A | AH43: #N/A | AI43: #N/A | AJ43: #N/A | AK43: #N/A | AL43: #N/A | AP43: =AO43*E43 -> 0 | AR43: =AQ43*E43 -> 0 | AT43: =AS43*E43 -> 0 | AV43: =AU43*E43 -> 0 | AX43: =AW43*E43 -> 0 | AZ43: =AY43*E43 -> 0 | BB43: =BA43*E43 -> 0 | BD43: =BC43*E43 -> 0 | BF43: =BE43*E43 -> 0 | BH43: =BG43*E43 -> 0 | BJ43: =BI43*E43 -> 0 | BL43: =BK43*E43 -> 0
A44: 40 | B44: ='[6]NOI TAC 2026'!B46 -> S880855 | C44: =IF(B44="","",HYPERLINK("\\vdm-fsvr\Cokhi-機工\CONG VIEC CHUNG 2026\★2026年度年次目標設定\5.COSTDOWN 2026\5.MỤC TIÊU 2026\COSTDOWN 2026\PDF\"&B44&".pdf","XEM")) -> XEM | D44: ='[6]NOI TAC 2026'!F46 -> 25 | E44: ='[6]NOI TAC 2026'!AL46 -> 213.6708 | F44: 5 | H44: 5 | J44: 5 | M44: 5 | Q44: 5 | R44: =SUM(F44:Q44) -> 25 | T44: =$E44*F44 -> 1068.354 | U44: =$E44*G44 -> 0 | V44: =$E44*H44 -> 1068.354 | W44: =$E44*I44 -> 0 | X44: =$E44*J44 -> 1068.354 | Y44: =$E44*K44 -> 0 | Z44: =$E44*L44 -> 0 | AA44: =$E44*M44 -> 1068.354 | ... AE44: =$E44*Q44 -> 1068.354 | AG44: 213602161A | AH44: 1 | AI44: 10 | AJ44: LN | AK44: BJ EW WG AF1 | AL44: 46083 | AM44: T1 | AO44: 6 | AP44: =AO44*E44 -> 1282.0248 | AR44: =AQ44*E44 -> 0 | AS44: 2 | AT44: =AS44*E44 -> 427.3416 | AV44: =AU44*E44 -> 0 | AX44: =AW44*E44 -> 0 | AZ44: =AY44*E44 -> 0 | BB44: =BA44*E44 -> 0 | BD44: =BC44*E44 -> 0 | BF44: =BE44*E44 -> 0 | BH44: =BG44*E44 -> 0 | BJ44: =BI44*E44 -> 0 | BL44: =BK44*E44 -> 0
A45: 41 | B45: ='[6]NOI TAC 2026'!B47 -> S899744 | C45: =IF(B45="","",HYPERLINK("\\vdm-fsvr\Cokhi-機工\CONG VIEC CHUNG 2026\★2026年度年次目標設定\5.COSTDOWN 2026\5.MỤC TIÊU 2026\COSTDOWN 2026\PDF\"&B45&".pdf","XEM")) -> XEM | D45: ='[6]NOI TAC 2026'!F47 -> 1 | E45: ='[6]NOI TAC 2026'!AL47 -> 376.5348 | I45: 1 | R45: =SUM(F45:Q45) -> 1 | T45: =$E45*F45 -> 0 | U45: =$E45*G45 -> 0 | V45: =$E45*H45 -> 0 | W45: =$E45*I45 -> 376.5348 | X45: =$E45*J45 -> 0 | Y45: =$E45*K45 -> 0 | Z45: =$E45*L45 -> 0 | AA45: =$E45*M45 -> 0 | ... AE45: =$E45*Q45 -> 0 | AG45: #N/A | AH45: #N/A | AI45: #N/A | AJ45: #N/A | AK45: #N/A | AL45: #N/A | AP45: =AO45*E45 -> 0 | AR45: =AQ45*E45 -> 0 | AT45: =AS45*E45 -> 0 | AV45: =AU45*E45 -> 0 | AX45: =AW45*E45 -> 0 | AZ45: =AY45*E45 -> 0 | BB45: =BA45*E45 -> 0 | BD45: =BC45*E45 -> 0 | BF45: =BE45*E45 -> 0 | BH45: =BG45*E45 -> 0 | BJ45: =BI45*E45 -> 0 | BL45: =BK45*E45 -> 0
A46: 42 | B46: ='[6]NOI TAC 2026'!B48 -> S788281 | C46: =IF(B46="","",HYPERLINK("\\vdm-fsvr\Cokhi-機工\CONG VIEC CHUNG 2026\★2026年度年次目標設定\5.COSTDOWN 2026\5.MỤC TIÊU 2026\COSTDOWN 2026\PDF\"&B46&".pdf","XEM")) -> XEM | D46: ='[6]NOI TAC 2026'!F48 -> 1 | E46: ='[6]NOI TAC 2026'!AL48 -> 1219.46 | J46: 1 | R46: =SUM(F46:Q46) -> 1 | T46: =$E46*F46 -> 0 | U46: =$E46*G46 -> 0 | V46: =$E46*H46 -> 0 | W46: =$E46*I46 -> 0 | X46: =$E46*J46 -> 1219.46 | Y46: =$E46*K46 -> 0 | Z46: =$E46*L46 -> 0 | AA46: =$E46*M46 -> 0 | ... AE46: =$E46*Q46 -> 0 | AG46: #N/A | AH46: #N/A | AI46: #N/A | AJ46: #N/A | AK46: #N/A | AL46: #N/A | AP46: =AO46*E46 -> 0 | AR46: =AQ46*E46 -> 0 | AT46: =AS46*E46 -> 0 | AV46: =AU46*E46 -> 0 | AX46: =AW46*E46 -> 0 | AZ46: =AY46*E46 -> 0 | BB46: =BA46*E46 -> 0 | BD46: =BC46*E46 -> 0 | BF46: =BE46*E46 -> 0 | BH46: =BG46*E46 -> 0 | BJ46: =BI46*E46 -> 0 | BL46: =BK46*E46 -> 0
A47: 43 | B47: ='[6]NOI TAC 2026'!B49 -> S870534 | C47: =IF(B47="","",HYPERLINK("\\vdm-fsvr\Cokhi-機工\CONG VIEC CHUNG 2026\★2026年度年次目標設定\5.COSTDOWN 2026\5.MỤC TIÊU 2026\COSTDOWN 2026\PDF\"&B47&".pdf","XEM")) -> XEM | D47: ='[6]NOI TAC 2026'!F49 -> 1 | E47: ='[6]NOI TAC 2026'!AL49 -> 636.08824 | L47: 1 | R47: =SUM(F47:Q47) -> 1 | T47: =$E47*F47 -> 0 | U47: =$E47*G47 -> 0 | V47: =$E47*H47 -> 0 | W47: =$E47*I47 -> 0 | X47: =$E47*J47 -> 0 | Y47: =$E47*K47 -> 0 | Z47: =$E47*L47 -> 636.08824 | AA47: =$E47*M47 -> 0 | ... AE47: =$E47*Q47 -> 0 | AG47: #N/A | AH47: #N/A | AI47: #N/A | AJ47: #N/A | AK47: #N/A | AL47: #N/A | AP47: =AO47*E47 -> 0 | AR47: =AQ47*E47 -> 0 | AT47: =AS47*E47 -> 0 | AV47: =AU47*E47 -> 0 | AX47: =AW47*E47 -> 0 | AZ47: =AY47*E47 -> 0 | BB47: =BA47*E47 -> 0 | BD47: =BC47*E47 -> 0 | BF47: =BE47*E47 -> 0 | BH47: =BG47*E47 -> 0 | BJ47: =BI47*E47 -> 0 | BL47: =BK47*E47 -> 0
A48: 44 | B48: ='[6]NOI TAC 2026'!B50 -> R063124 | C48: =IF(B48="","",HYPERLINK("\\vdm-fsvr\Cokhi-機工\CONG VIEC CHUNG 2026\★2026年度年次目標設定\5.COSTDOWN 2026\5.MỤC TIÊU 2026\COSTDOWN 2026\PDF\"&B48&".pdf","XEM")) -> XEM | D48: ='[6]NOI TAC 2026'!F50 -> 1 | E48: ='[6]NOI TAC 2026'!AL50 -> 540.68824 | M48: 1 | R48: =SUM(F48:Q48) -> 1 | T48: =$E48*F48 -> 0 | U48: =$E48*G48 -> 0 | V48: =$E48*H48 -> 0 | W48: =$E48*I48 -> 0 | X48: =$E48*J48 -> 0 | Y48: =$E48*K48 -> 0 | Z48: =$E48*L48 -> 0 | AA48: =$E48*M48 -> 540.68824 | ... AE48: =$E48*Q48 -> 0 | AG48: #N/A | AH48: #N/A | AI48: #N/A | AJ48: #N/A | AK48: #N/A | AL48: #N/A | AP48: =AO48*E48 -> 0 | AR48: =AQ48*E48 -> 0 | AT48: =AS48*E48 -> 0 | AV48: =AU48*E48 -> 0 | AX48: =AW48*E48 -> 0 | AZ48: =AY48*E48 -> 0 | BB48: =BA48*E48 -> 0 | BD48: =BC48*E48 -> 0 | BF48: =BE48*E48 -> 0 | BH48: =BG48*E48 -> 0 | BJ48: =BI48*E48 -> 0 | BL48: =BK48*E48 -> 0
A49: 45 | B49: ='[6]NOI TAC 2026'!B51 -> R028300 | C49: =IF(B49="","",HYPERLINK("\\vdm-fsvr\Cokhi-機工\CONG VIEC CHUNG 2026\★2026年度年次目標設定\5.COSTDOWN 2026\5.MỤC TIÊU 2026\COSTDOWN 2026\PDF\"&B49&".pdf","XEM")) -> XEM | D49: ='[6]NOI TAC 2026'!F51 -> 1 | E49: ='[6]NOI TAC 2026'!AL51 -> 697.148 | N49: 1 | R49: =SUM(F49:Q49) -> 1 | T49: =$E49*F49 -> 0 | U49: =$E49*G49 -> 0 | V49: =$E49*H49 -> 0 | W49: =$E49*I49 -> 0 | X49: =$E49*J49 -> 0 | Y49: =$E49*K49 -> 0 | Z49: =$E49*L49 -> 0 | AA49: =$E49*M49 -> 0 | ... AE49: =$E49*Q49 -> 0 | AG49: #N/A | AH49: #N/A | AI49: #N/A | AJ49: #N/A | AK49: #N/A | AL49: #N/A | AP49: =AO49*E49 -> 0 | AR49: =AQ49*E49 -> 0 | AT49: =AS49*E49 -> 0 | AV49: =AU49*E49 -> 0 | AX49: =AW49*E49 -> 0 | AZ49: =AY49*E49 -> 0 | BB49: =BA49*E49 -> 0 | BD49: =BC49*E49 -> 0 | BF49: =BE49*E49 -> 0 | BH49: =BG49*E49 -> 0 | BJ49: =BI49*E49 -> 0 | BL49: =BK49*E49 -> 0
A50: 46 | B50: ='[6]NOI TAC 2026'!B52 -> R410256 | C50: =IF(B50="","",HYPERLINK("\\vdm-fsvr\Cokhi-機工\CONG VIEC CHUNG 2026\★2026年度年次目標設定\5.COSTDOWN 2026\5.MỤC TIÊU 2026\COSTDOWN 2026\PDF\"&B50&".pdf","XEM")) -> XEM | D50: ='[6]NOI TAC 2026'!F52 -> 1 | E50: ='[6]NOI TAC 2026'!AL52 -> 356.61144 | O50: 1 | R50: =SUM(F50:Q50) -> 1 | T50: =$E50*F50 -> 0 | U50: =$E50*G50 -> 0 | V50: =$E50*H50 -> 0 | W50: =$E50*I50 -> 0 | X50: =$E50*J50 -> 0 | Y50: =$E50*K50 -> 0 | Z50: =$E50*L50 -> 0 | AA50: =$E50*M50 -> 0 | ... AE50: =$E50*Q50 -> 0 | AG50: #N/A | AH50: #N/A | AI50: #N/A | AJ50: #N/A | AK50: #N/A | AL50: #N/A | AP50: =AO50*E50 -> 0 | AR50: =AQ50*E50 -> 0 | AT50: =AS50*E50 -> 0 | AV50: =AU50*E50 -> 0 | AX50: =AW50*E50 -> 0 | AZ50: =AY50*E50 -> 0 | BB50: =BA50*E50 -> 0 | BD50: =BC50*E50 -> 0 | BF50: =BE50*E50 -> 0 | BH50: =BG50*E50 -> 0 | BJ50: =BI50*E50 -> 0 | BL50: =BK50*E50 -> 0
A51: 47 | B51: ='[6]NOI TAC 2026'!B53 -> R021021 | C51: =IF(B51="","",HYPERLINK("\\vdm-fsvr\Cokhi-機工\CONG VIEC CHUNG 2026\★2026年度年次目標設定\5.COSTDOWN 2026\5.MỤC TIÊU 2026\COSTDOWN 2026\PDF\"&B51&".pdf","XEM")) -> XEM | D51: ='[6]NOI TAC 2026'!F53 -> 4 | E51: ='[6]NOI TAC 2026'!AL53 -> 785.53314 | K51: 1 | L51: 1 | N51: 1 | P51: 1 | R51: =SUM(F51:Q51) -> 4 | T51: =$E51*F51 -> 0 | U51: =$E51*G51 -> 0 | V51: =$E51*H51 -> 0 | W51: =$E51*I51 -> 0 | X51: =$E51*J51 -> 0 | Y51: =$E51*K51 -> 785.53314 | Z51: =$E51*L51 -> 785.53314 | AA51: =$E51*M51 -> 0 | ... AE51: =$E51*Q51 -> 0 | AG51: 2136038301 | AH51: 1 | AI51: 1 | AJ51: EW | AK51: GS1,ED,EW2,GS2,EN,GS3 | AL51: 46114 | AP51: =AO51*E51 -> 0 | AR51: =AQ51*E51 -> 0 | AT51: =AS51*E51 -> 0 | AV51: =AU51*E51 -> 0 | AX51: =AW51*E51 -> 0 | AZ51: =AY51*E51 -> 0 | BB51: =BA51*E51 -> 0 | BD51: =BC51*E51 -> 0 | BF51: =BE51*E51 -> 0 | BH51: =BG51*E51 -> 0 | BJ51: =BI51*E51 -> 0 | BL51: =BK51*E51 -> 0
A52: 48 | B52: ='[6]NOI TAC 2026'!B54 -> S911086 | C52: =IF(B52="","",HYPERLINK("\\vdm-fsvr\Cokhi-機工\CONG VIEC CHUNG 2026\★2026年度年次目標設定\5.COSTDOWN 2026\5.MỤC TIÊU 2026\COSTDOWN 2026\PDF\"&B52&".pdf","XEM")) -> XEM | D52: ='[6]NOI TAC 2026'!F54 -> 2 | E52: ='[6]NOI TAC 2026'!AL54 -> 968.88986 | I52: 1 | M52: 1 | R52: =SUM(F52:Q52) -> 2 | T52: =$E52*F52 -> 0 | U52: =$E52*G52 -> 0 | V52: =$E52*H52 -> 0 | W52: =$E52*I52 -> 968.88986 | X52: =$E52*J52 -> 0 | Y52: =$E52*K52 -> 0 | Z52: =$E52*L52 -> 0 | AA52: =$E52*M52 -> 968.88986 | ... AE52: =$E52*Q52 -> 0 | AG52: #N/A | AH52: #N/A | AI52: #N/A | AJ52: #N/A | AK52: #N/A | AL52: #N/A | AP52: =AO52*E52 -> 0 | AR52: =AQ52*E52 -> 0 | AT52: =AS52*E52 -> 0 | AV52: =AU52*E52 -> 0 | AX52: =AW52*E52 -> 0 | AZ52: =AY52*E52 -> 0 | BB52: =BA52*E52 -> 0 | BD52: =BC52*E52 -> 0 | BF52: =BE52*E52 -> 0 | BH52: =BG52*E52 -> 0 | BJ52: =BI52*E52 -> 0 | BL52: =BK52*E52 -> 0
A53: 49 | B53: ='[6]NOI TAC 2026'!B55 -> R116174 | C53: =IF(B53="","",HYPERLINK("\\vdm-fsvr\Cokhi-機工\CONG VIEC CHUNG 2026\★2026年度年次目標設定\5.COSTDOWN 2026\5.MỤC TIÊU 2026\COSTDOWN 2026\PDF\"&B53&".pdf","XEM")) -> XEM | D53: ='[6]NOI TAC 2026'!F55 -> 3 | E53: ='[6]NOI TAC 2026'!AL55 -> 836.0462 | G53: 1 | K53: 1 | O53: 1 | R53: =SUM(F53:Q53) -> 3 | T53: =$E53*F53 -> 0 | U53: =$E53*G53 -> 836.0462 | V53: =$E53*H53 -> 0 | W53: =$E53*I53 -> 0 | X53: =$E53*J53 -> 0 | Y53: =$E53*K53 -> 836.0462 | Z53: =$E53*L53 -> 0 | AA53: =$E53*M53 -> 0 | ... AE53: =$E53*Q53 -> 0 | AG53: #N/A | AH53: #N/A | AI53: #N/A | AJ53: #N/A | AK53: #N/A | AL53: #N/A | AP53: =AO53*E53 -> 0 | AR53: =AQ53*E53 -> 0 | AT53: =AS53*E53 -> 0 | AV53: =AU53*E53 -> 0 | AX53: =AW53*E53 -> 0 | AZ53: =AY53*E53 -> 0 | BB53: =BA53*E53 -> 0 | BD53: =BC53*E53 -> 0 | BF53: =BE53*E53 -> 0 | BH53: =BG53*E53 -> 0 | BJ53: =BI53*E53 -> 0 | BL53: =BK53*E53 -> 0
A54: 50 | B54: ='[6]NOI TAC 2026'!B56 -> S937542 | C54: =IF(B54="","",HYPERLINK("\\vdm-fsvr\Cokhi-機工\CONG VIEC CHUNG 2026\★2026年度年次目標設定\5.COSTDOWN 2026\5.MỤC TIÊU 2026\COSTDOWN 2026\PDF\"&B54&".pdf","XEM")) -> XEM | D54: ='[6]NOI TAC 2026'!F56 -> 3 | E54: ='[6]NOI TAC 2026'!AL56 -> 416.45654 | I54: 1 | L54: 1 | Q54: 1 | R54: =SUM(F54:Q54) -> 3 | T54: =$E54*F54 -> 0 | U54: =$E54*G54 -> 0 | V54: =$E54*H54 -> 0 | W54: =$E54*I54 -> 416.45654 | X54: =$E54*J54 -> 0 | Y54: =$E54*K54 -> 0 | Z54: =$E54*L54 -> 416.45654 | AA54: =$E54*M54 -> 0 | ... AE54: =$E54*Q54 -> 416.45654 | AG54: #N/A | AH54: #N/A | AI54: #N/A | AJ54: #N/A | AK54: #N/A | AL54: #N/A | AP54: =AO54*E54 -> 0 | AR54: =AQ54*E54 -> 0 | AT54: =AS54*E54 -> 0 | AV54: =AU54*E54 -> 0 | AX54: =AW54*E54 -> 0 | AZ54: =AY54*E54 -> 0 | BB54: =BA54*E54 -> 0 | BD54: =BC54*E54 -> 0 | BF54: =BE54*E54 -> 0 | BH54: =BG54*E54 -> 0 | BJ54: =BI54*E54 -> 0 | BL54: =BK54*E54 -> 0
A55: 51 | B55: ='[6]NOI TAC 2026'!B57 -> S439169 | C55: =IF(B55="","",HYPERLINK("\\vdm-fsvr\Cokhi-機工\CONG VIEC CHUNG 2026\★2026年度年次目標設定\5.COSTDOWN 2026\5.MỤC TIÊU 2026\COSTDOWN 2026\PDF\"&B55&".pdf","XEM")) -> XEM | D55: ='[6]NOI TAC 2026'!F57 -> 2 | E55: ='[6]NOI TAC 2026'!AL57 -> 500.81 | J55: 1 | O55: 1 | R55: =SUM(F55:Q55) -> 2 | T55: =$E55*F55 -> 0 | U55: =$E55*G55 -> 0 | V55: =$E55*H55 -> 0 | W55: =$E55*I55 -> 0 | X55: =$E55*J55 -> 500.81 | Y55: =$E55*K55 -> 0 | Z55: =$E55*L55 -> 0 | AA55: =$E55*M55 -> 0 | ... AE55: =$E55*Q55 -> 0 | AG55: #N/A | AH55: #N/A | AI55: #N/A | AJ55: #N/A | AK55: #N/A | AL55: #N/A | AP55: =AO55*E55 -> 0 | AR55: =AQ55*E55 -> 0 | AT55: =AS55*E55 -> 0 | AV55: =AU55*E55 -> 0 | AX55: =AW55*E55 -> 0 | AZ55: =AY55*E55 -> 0 | BB55: =BA55*E55 -> 0 | BD55: =BC55*E55 -> 0 | BF55: =BE55*E55 -> 0 | BH55: =BG55*E55 -> 0 | BJ55: =BI55*E55 -> 0 | BL55: =BK55*E55 -> 0
A56: 52 | B56: ='[6]NOI TAC 2026'!B58 -> R179385 | C56: =IF(B56="","",HYPERLINK("\\vdm-fsvr\Cokhi-機工\CONG VIEC CHUNG 2026\★2026年度年次目標設定\5.COSTDOWN 2026\5.MỤC TIÊU 2026\COSTDOWN 2026\PDF\"&B56&".pdf","XEM")) -> XEM | D56: ='[6]NOI TAC 2026'!F58 -> 3 | E56: ='[6]NOI TAC 2026'!AL58 -> 477.5302 | K56: 1 | N56: 1 | Q56: 1 | R56: =SUM(F56:Q56) -> 3 | T56: =$E56*F56 -> 0 | U56: =$E56*G56 -> 0 | V56: =$E56*H56 -> 0 | W56: =$E56*I56 -> 0 | X56: =$E56*J56 -> 0 | Y56: =$E56*K56 -> 477.5302 | Z56: =$E56*L56 -> 0 | AA56: =$E56*M56 -> 0 | ... AE56: =$E56*Q56 -> 477.5302 | AG56: #N/A | AH56: #N/A | AI56: #N/A | AJ56: #N/A | AK56: #N/A | AL56: #N/A | AP56: =AO56*E56 -> 0 | AR56: =AQ56*E56 -> 0 | AT56: =AS56*E56 -> 0 | AV56: =AU56*E56 -> 0 | AX56: =AW56*E56 -> 0 | AZ56: =AY56*E56 -> 0 | BB56: =BA56*E56 -> 0 | BD56: =BC56*E56 -> 0 | BF56: =BE56*E56 -> 0 | BH56: =BG56*E56 -> 0 | BJ56: =BI56*E56 -> 0 | BL56: =BK56*E56 -> 0
A57: 53 | B57: ='[6]NOI TAC 2026'!B59 -> S799035 | C57: =IF(B57="","",HYPERLINK("\\vdm-fsvr\Cokhi-機工\CONG VIEC CHUNG 2026\★2026年度年次目標設定\5.COSTDOWN 2026\5.MỤC TIÊU 2026\COSTDOWN 2026\PDF\"&B57&".pdf","XEM")) -> XEM | D57: ='[6]NOI TAC 2026'!F59 -> 2 | E57: ='[6]NOI TAC 2026'!AL59 -> 363.5712 | F57: 1 | M57: 1 | R57: =SUM(F57:Q57) -> 2 | T57: =$E57*F57 -> 363.5712 | U57: =$E57*G57 -> 0 | V57: =$E57*H57 -> 0 | W57: =$E57*I57 -> 0 | X57: =$E57*J57 -> 0 | Y57: =$E57*K57 -> 0 | Z57: =$E57*L57 -> 0 | AA57: =$E57*M57 -> 363.5712 | ... AE57: =$E57*Q57 -> 0 | AG57: #N/A | AH57: #N/A | AI57: #N/A | AJ57: #N/A | AK57: #N/A | AL57: #N/A | AP57: =AO57*E57 -> 0 | AR57: =AQ57*E57 -> 0 | AT57: =AS57*E57 -> 0 | AV57: =AU57*E57 -> 0 | AX57: =AW57*E57 -> 0 | AZ57: =AY57*E57 -> 0 | BB57: =BA57*E57 -> 0 | BD57: =BC57*E57 -> 0 | BF57: =BE57*E57 -> 0 | BH57: =BG57*E57 -> 0 | BJ57: =BI57*E57 -> 0 | BL57: =BK57*E57 -> 0
A58: 54 | B58: ='[6]NOI TAC 2026'!B60 -> S933931 | C58: =IF(B58="","",HYPERLINK("\\vdm-fsvr\Cokhi-機工\CONG VIEC CHUNG 2026\★2026年度年次目標設定\5.COSTDOWN 2026\5.MỤC TIÊU 2026\COSTDOWN 2026\PDF\"&B58&".pdf","XEM")) -> XEM | D58: ='[6]NOI TAC 2026'!F60 -> 3 | E58: ='[6]NOI TAC 2026'!AL60 -> 349.77057 | H58: 1 | L58: 1 | P58: 1 | R58: =SUM(F58:Q58) -> 3 | T58: =$E58*F58 -> 0 | U58: =$E58*G58 -> 0 | V58: =$E58*H58 -> 349.77057 | W58: =$E58*I58 -> 0 | X58: =$E58*J58 -> 0 | Y58: =$E58*K58 -> 0 | Z58: =$E58*L58 -> 349.77057 | AA58: =$E58*M58 -> 0 | ... AE58: =$E58*Q58 -> 0 | AG58: #N/A | AH58: #N/A | AI58: #N/A | AJ58: #N/A | AK58: #N/A | AL58: #N/A | AP58: =AO58*E58 -> 0 | AR58: =AQ58*E58 -> 0 | AT58: =AS58*E58 -> 0 | AV58: =AU58*E58 -> 0 | AX58: =AW58*E58 -> 0 | AZ58: =AY58*E58 -> 0 | BB58: =BA58*E58 -> 0 | BD58: =BC58*E58 -> 0 | BF58: =BE58*E58 -> 0 | BH58: =BG58*E58 -> 0 | BJ58: =BI58*E58 -> 0 | BL58: =BK58*E58 -> 0
A59: 55 | B59: ='[6]NOI TAC 2026'!B61 -> S847749 | C59: =IF(B59="","",HYPERLINK("\\vdm-fsvr\Cokhi-機工\CONG VIEC CHUNG 2026\★2026年度年次目標設定\5.COSTDOWN 2026\5.MỤC TIÊU 2026\COSTDOWN 2026\PDF\"&B59&".pdf","XEM")) -> XEM | D59: ='[6]NOI TAC 2026'!F61 -> 1 | E59: ='[6]NOI TAC 2026'!AL61 -> 502.33328 | J59: 1 | R59: =SUM(F59:Q59) -> 1 | T59: =$E59*F59 -> 0 | U59: =$E59*G59 -> 0 | V59: =$E59*H59 -> 0 | W59: =$E59*I59 -> 0 | X59: =$E59*J59 -> 502.33328 | Y59: =$E59*K59 -> 0 | Z59: =$E59*L59 -> 0 | AA59: =$E59*M59 -> 0 | ... AE59: =$E59*Q59 -> 0 | AG59: #N/A | AH59: #N/A | AI59: #N/A | AJ59: #N/A | AK59: #N/A | AL59: #N/A | AP59: =AO59*E59 -> 0 | AR59: =AQ59*E59 -> 0 | AT59: =AS59*E59 -> 0 | AV59: =AU59*E59 -> 0 | AX59: =AW59*E59 -> 0 | AZ59: =AY59*E59 -> 0 | BB59: =BA59*E59 -> 0 | BD59: =BC59*E59 -> 0 | BF59: =BE59*E59 -> 0 | BH59: =BG59*E59 -> 0 | BJ59: =BI59*E59 -> 0 | BL59: =BK59*E59 -> 0
A60: 56 | B60: ='[6]NOI TAC 2026'!B62 -> S938435 | C60: =IF(B60="","",HYPERLINK("\\vdm-fsvr\Cokhi-機工\CONG VIEC CHUNG 2026\★2026年度年次目標設定\5.COSTDOWN 2026\5.MỤC TIÊU 2026\COSTDOWN 2026\PDF\"&B60&".pdf","XEM")) -> XEM | D60: ='[6]NOI TAC 2026'!F62 -> 2 | E60: ='[6]NOI TAC 2026'!AL62 -> 184.77919 | H60: 1 | M60: 1 | R60: =SUM(F60:Q60) -> 2 | T60: =$E60*F60 -> 0 | U60: =$E60*G60 -> 0 | V60: =$E60*H60 -> 184.77919 | W60: =$E60*I60 -> 0 | X60: =$E60*J60 -> 0 | Y60: =$E60*K60 -> 0 | Z60: =$E60*L60 -> 0 | AA60: =$E60*M60 -> 184.77919 | ... AE60: =$E60*Q60 -> 0 | AG60: #N/A | AH60: #N/A | AI60: #N/A | AJ60: #N/A | AK60: #N/A | AL60: #N/A | AP60: =AO60*E60 -> 0 | AR60: =AQ60*E60 -> 0 | AT60: =AS60*E60 -> 0 | AV60: =AU60*E60 -> 0 | AX60: =AW60*E60 -> 0 | AZ60: =AY60*E60 -> 0 | BB60: =BA60*E60 -> 0 | BD60: =BC60*E60 -> 0 | BF60: =BE60*E60 -> 0 | BH60: =BG60*E60 -> 0 | BJ60: =BI60*E60 -> 0 | BL60: =BK60*E60 -> 0
A61: 57 | B61: ='[6]NOI TAC 2026'!B63 -> S028119 | C61: =IF(B61="","",HYPERLINK("\\vdm-fsvr\Cokhi-機工\CONG VIEC CHUNG 2026\★2026年度年次目標設定\5.COSTDOWN 2026\5.MỤC TIÊU 2026\COSTDOWN 2026\PDF\"&B61&".pdf","XEM")) -> XEM | D61: ='[6]NOI TAC 2026'!F63 -> 2 | E61: ='[6]NOI TAC 2026'!AL63 -> 338.99541 | I61: 1 | N61: 1 | R61: =SUM(F61:Q61) -> 2 | T61: =$E61*F61 -> 0 | U61: =$E61*G61 -> 0 | V61: =$E61*H61 -> 0 | W61: =$E61*I61 -> 338.99541 | X61: =$E61*J61 -> 0 | Y61: =$E61*K61 -> 0 | Z61: =$E61*L61 -> 0 | AA61: =$E61*M61 -> 0 | ... AE61: =$E61*Q61 -> 0 | AG61: #N/A | AH61: #N/A | AI61: #N/A | AJ61: #N/A | AK61: #N/A | AL61: #N/A | AP61: =AO61*E61 -> 0 | AR61: =AQ61*E61 -> 0 | AT61: =AS61*E61 -> 0 | AV61: =AU61*E61 -> 0 | AX61: =AW61*E61 -> 0 | AZ61: =AY61*E61 -> 0 | BB61: =BA61*E61 -> 0 | BD61: =BC61*E61 -> 0 | BF61: =BE61*E61 -> 0 | BH61: =BG61*E61 -> 0 | BJ61: =BI61*E61 -> 0 | BL61: =BK61*E61 -> 0
A62: 58 | B62: ='[6]NOI TAC 2026'!B64 -> R337025 | C62: =IF(B62="","",HYPERLINK("\\vdm-fsvr\Cokhi-機工\CONG VIEC CHUNG 2026\★2026年度年次目標設定\5.COSTDOWN 2026\5.MỤC TIÊU 2026\COSTDOWN 2026\PDF\"&B62&".pdf","XEM")) -> XEM | D62: ='[6]NOI TAC 2026'!F64 -> 3 | E62: ='[6]NOI TAC 2026'!AL64 -> 311.61673 | H62: 1 | K62: 1 | P62: 1 | R62: =SUM(F62:Q62) -> 3 | T62: =$E62*F62 -> 0 | U62: =$E62*G62 -> 0 | V62: =$E62*H62 -> 311.61673 | W62: =$E62*I62 -> 0 | X62: =$E62*J62 -> 0 | Y62: =$E62*K62 -> 311.61673 | Z62: =$E62*L62 -> 0 | AA62: =$E62*M62 -> 0 | ... AE62: =$E62*Q62 -> 0 | AG62: #N/A | AH62: #N/A | AI62: #N/A | AJ62: #N/A | AK62: #N/A | AL62: #N/A | AP62: =AO62*E62 -> 0 | AR62: =AQ62*E62 -> 0 | AT62: =AS62*E62 -> 0 | AV62: =AU62*E62 -> 0 | AX62: =AW62*E62 -> 0 | AZ62: =AY62*E62 -> 0 | BB62: =BA62*E62 -> 0 | BD62: =BC62*E62 -> 0 | BF62: =BE62*E62 -> 0 | BH62: =BG62*E62 -> 0 | BJ62: =BI62*E62 -> 0 | BL62: =BK62*E62 -> 0
A63: 59 | B63: ='[6]NOI TAC 2026'!B65 -> R062772 | C63: =IF(B63="","",HYPERLINK("\\vdm-fsvr\Cokhi-機工\CONG VIEC CHUNG 2026\★2026年度年次目標設定\5.COSTDOWN 2026\5.MỤC TIÊU 2026\COSTDOWN 2026\PDF\"&B63&".pdf","XEM")) -> XEM | D63: ='[6]NOI TAC 2026'!F65 -> 2 | E63: ='[6]NOI TAC 2026'!AL65 -> 336.41595 | J63: 1 | O63: 1 | R63: =SUM(F63:Q63) -> 2 | T63: =$E63*F63 -> 0 | U63: =$E63*G63 -> 0 | V63: =$E63*H63 -> 0 | W63: =$E63*I63 -> 0 | X63: =$E63*J63 -> 336.41595 | Y63: =$E63*K63 -> 0 | Z63: =$E63*L63 -> 0 | AA63: =$E63*M63 -> 0 | ... AE63: =$E63*Q63 -> 0 | AG63: 2136038302 | AH63: 2 | AI63: 1 | AJ63: EW | AK63: GS1 EN GS2 GP | AL63: 46114 | AP63: =AO63*E63 -> 0 | AR63: =AQ63*E63 -> 0 | AT63: =AS63*E63 -> 0 | AV63: =AU63*E63 -> 0 | AX63: =AW63*E63 -> 0 | AZ63: =AY63*E63 -> 0 | BB63: =BA63*E63 -> 0 | BD63: =BC63*E63 -> 0 | BF63: =BE63*E63 -> 0 | BH63: =BG63*E63 -> 0 | BJ63: =BI63*E63 -> 0 | BL63: =BK63*E63 -> 0
A64: 60 | B64: ='[6]NOI TAC 2026'!B66 -> S764009 | C64: =IF(B64="","",HYPERLINK("\\vdm-fsvr\Cokhi-機工\CONG VIEC CHUNG 2026\★2026年度年次目標設定\5.COSTDOWN 2026\5.MỤC TIÊU 2026\COSTDOWN 2026\PDF\"&B64&".pdf","XEM")) -> XEM | D64: ='[6]NOI TAC 2026'!F66 -> 3 | E64: ='[6]NOI TAC 2026'!AL66 -> 284.66707 | F64: 1 | I64: 1 | M64: 1 | R64: =SUM(F64:Q64) -> 3 | T64: =$E64*F64 -> 284.66707 | U64: =$E64*G64 -> 0 | V64: =$E64*H64 -> 0 | W64: =$E64*I64 -> 284.66707 | X64: =$E64*J64 -> 0 | Y64: =$E64*K64 -> 0 | Z64: =$E64*L64 -> 0 | AA64: =$E64*M64 -> 284.66707 | ... AE64: =$E64*Q64 -> 0 | AG64: #N/A | AH64: #N/A | AI64: #N/A | AJ64: #N/A | AK64: #N/A | AL64: #N/A | AP64: =AO64*E64 -> 0 | AR64: =AQ64*E64 -> 0 | AT64: =AS64*E64 -> 0 | AV64: =AU64*E64 -> 0 | AX64: =AW64*E64 -> 0 | AZ64: =AY64*E64 -> 0 | BB64: =BA64*E64 -> 0 | BD64: =BC64*E64 -> 0 | BF64: =BE64*E64 -> 0 | BH64: =BG64*E64 -> 0 | BJ64: =BI64*E64 -> 0 | BL64: =BK64*E64 -> 0
A65: 61 | B65: ='[6]NOI TAC 2026'!B67 -> R351899 | C65: =IF(B65="","",HYPERLINK("\\vdm-fsvr\Cokhi-機工\CONG VIEC CHUNG 2026\★2026年度年次目標設定\5.COSTDOWN 2026\5.MỤC TIÊU 2026\COSTDOWN 2026\PDF\"&B65&".pdf","XEM")) -> XEM | D65: ='[6]NOI TAC 2026'!F67 -> 8 | E65: ='[6]NOI TAC 2026'!AL67 -> 201.57333 | H65: 2 | K65: 2 | N65: 2 | Q65: 2 | R65: =SUM(F65:Q65) -> 8 | T65: =$E65*F65 -> 0 | U65: =$E65*G65 -> 0 | V65: =$E65*H65 -> 403.14667 | W65: =$E65*I65 -> 0 | X65: =$E65*J65 -> 0 | Y65: =$E65*K65 -> 403.14667 | Z65: =$E65*L65 -> 0 | AA65: =$E65*M65 -> 0 | ... AE65: =$E65*Q65 -> 403.14667 | AG65: #N/A | AH65: #N/A | AI65: #N/A | AJ65: #N/A | AK65: #N/A | AL65: #N/A | AP65: =AO65*E65 -> 0 | AR65: =AQ65*E65 -> 0 | AT65: =AS65*E65 -> 0 | AV65: =AU65*E65 -> 0 | AX65: =AW65*E65 -> 0 | AZ65: =AY65*E65 -> 0 | BB65: =BA65*E65 -> 0 | BD65: =BC65*E65 -> 0 | BF65: =BE65*E65 -> 0 | BH65: =BG65*E65 -> 0 | BJ65: =BI65*E65 -> 0 | BL65: =BK65*E65 -> 0
A66: 62 | B66: ='[6]NOI TAC 2026'!B68 -> R307560 | C66: =IF(B66="","",HYPERLINK("\\vdm-fsvr\Cokhi-機工\CONG VIEC CHUNG 2026\★2026年度年次目標設定\5.COSTDOWN 2026\5.MỤC TIÊU 2026\COSTDOWN 2026\PDF\"&B66&".pdf","XEM")) -> XEM | D66: ='[6]NOI TAC 2026'!F68 -> 2 | E66: ='[6]NOI TAC 2026'!AL68 -> 242.23635 | I66: 1 | O66: 1 | R66: =SUM(F66:Q66) -> 2 | T66: =$E66*F66 -> 0 | U66: =$E66*G66 -> 0 | V66: =$E66*H66 -> 0 | W66: =$E66*I66 -> 242.23635 | X66: =$E66*J66 -> 0 | Y66: =$E66*K66 -> 0 | Z66: =$E66*L66 -> 0 | AA66: =$E66*M66 -> 0 | ... AE66: =$E66*Q66 -> 0 | AG66: 2136038303 | AH66: 3 | AI66: 1 | AJ66: ED | AK66: EW GS EN AF | AL66: 46114 | AP66: =AO66*E66 -> 0 | AR66: =AQ66*E66 -> 0 | AT66: =AS66*E66 -> 0 | AV66: =AU66*E66 -> 0 | AX66: =AW66*E66 -> 0 | AZ66: =AY66*E66 -> 0 | BB66: =BA66*E66 -> 0 | BD66: =BC66*E66 -> 0 | BF66: =BE66*E66 -> 0 | BH66: =BG66*E66 -> 0 | BJ66: =BI66*E66 -> 0 | BL66: =BK66*E66 -> 0
A67: 63 | B67: ='[6]NOI TAC 2026'!B69 -> S938430 | C67: =IF(B67="","",HYPERLINK("\\vdm-fsvr\Cokhi-機工\CONG VIEC CHUNG 2026\★2026年度年次目標設定\5.COSTDOWN 2026\5.MỤC TIÊU 2026\COSTDOWN 2026\PDF\"&B67&".pdf","XEM")) -> XEM | D67: ='[6]NOI TAC 2026'!F69 -> 2 | E67: ='[6]NOI TAC 2026'!AL69 -> 13.037432 | J67: 1 | P67: 1 | R67: =SUM(F67:Q67) -> 2 | T67: =$E67*F67 -> 0 | U67: =$E67*G67 -> 0 | V67: =$E67*H67 -> 0 | W67: =$E67*I67 -> 0 | X67: =$E67*J67 -> 13.037432 | Y67: =$E67*K67 -> 0 | Z67: =$E67*L67 -> 0 | AA67: =$E67*M67 -> 0 | ... AE67: =$E67*Q67 -> 0 | AG67: #N/A | AH67: #N/A | AI67: #N/A | AJ67: #N/A | AK67: #N/A | AL67: #N/A | AP67: =AO67*E67 -> 0 | AR67: =AQ67*E67 -> 0 | AT67: =AS67*E67 -> 0 | AV67: =AU67*E67 -> 0 | AX67: =AW67*E67 -> 0 | AZ67: =AY67*E67 -> 0 | BB67: =BA67*E67 -> 0 | BD67: =BC67*E67 -> 0 | BF67: =BE67*E67 -> 0 | BH67: =BG67*E67 -> 0 | BJ67: =BI67*E67 -> 0 | BL67: =BK67*E67 -> 0
A68: 64 | B68: ='[6]NOI TAC 2026'!B70 -> S299835 | C68: =IF(B68="","",HYPERLINK("\\vdm-fsvr\Cokhi-機工\CONG VIEC CHUNG 2026\★2026年度年次目標設定\5.COSTDOWN 2026\5.MỤC TIÊU 2026\COSTDOWN 2026\PDF\"&B68&".pdf","XEM")) -> XEM | D68: ='[6]NOI TAC 2026'!F70 -> 1 | E68: ='[6]NOI TAC 2026'!AL70 -> 377.77292 | I68: 1 | R68: =SUM(F68:Q68) -> 1 | T68: =$E68*F68 -> 0 | U68: =$E68*G68 -> 0 | V68: =$E68*H68 -> 0 | W68: =$E68*I68 -> 377.77292 | X68: =$E68*J68 -> 0 | Y68: =$E68*K68 -> 0 | Z68: =$E68*L68 -> 0 | AA68: =$E68*M68 -> 0 | ... AE68: =$E68*Q68 -> 0 | AG68: #N/A | AH68: #N/A | AI68: #N/A | AJ68: #N/A | AK68: #N/A | AL68: #N/A | AP68: =AO68*E68 -> 0 | AR68: =AQ68*E68 -> 0 | AT68: =AS68*E68 -> 0 | AV68: =AU68*E68 -> 0 | AX68: =AW68*E68 -> 0 | AZ68: =AY68*E68 -> 0 | BB68: =BA68*E68 -> 0 | BD68: =BC68*E68 -> 0 | BF68: =BE68*E68 -> 0 | BH68: =BG68*E68 -> 0 | BJ68: =BI68*E68 -> 0 | BL68: =BK68*E68 -> 0
A69: 65 | B69: ='[6]NOI TAC 2026'!B71 -> S884105 | C69: =IF(B69="","",HYPERLINK("\\vdm-fsvr\Cokhi-機工\CONG VIEC CHUNG 2026\★2026年度年次目標設定\5.COSTDOWN 2026\5.MỤC TIÊU 2026\COSTDOWN 2026\PDF\"&B69&".pdf","XEM")) -> XEM | D69: ='[6]NOI TAC 2026'!F71 -> 6 | E69: ='[6]NOI TAC 2026'!AL71 -> 305.3892 | H69: 2 | L69: 2 | P69: 2 | R69: =SUM(F69:Q69) -> 6 | T69: =$E69*F69 -> 0 | U69: =$E69*G69 -> 0 | V69: =$E69*H69 -> 610.7784 | W69: =$E69*I69 -> 0 | X69: =$E69*J69 -> 0 | Y69: =$E69*K69 -> 0 | Z69: =$E69*L69 -> 610.7784 | AA69: =$E69*M69 -> 0 | ... AE69: =$E69*Q69 -> 0 | AG69: #N/A | AH69: #N/A | AI69: #N/A | AJ69: #N/A | AK69: #N/A | AL69: #N/A | AP69: =AO69*E69 -> 0 | AR69: =AQ69*E69 -> 0 | AT69: =AS69*E69 -> 0 | AV69: =AU69*E69 -> 0 | AX69: =AW69*E69 -> 0 | AZ69: =AY69*E69 -> 0 | BB69: =BA69*E69 -> 0 | BD69: =BC69*E69 -> 0 | BF69: =BE69*E69 -> 0 | BH69: =BG69*E69 -> 0 | BJ69: =BI69*E69 -> 0 | BL69: =BK69*E69 -> 0
A70: 66 | B70: ='[6]NOI TAC 2026'!B72 -> R009185 | C70: =IF(B70="","",HYPERLINK("\\vdm-fsvr\Cokhi-機工\CONG VIEC CHUNG 2026\★2026年度年次目標設定\5.COSTDOWN 2026\5.MỤC TIÊU 2026\COSTDOWN 2026\PDF\"&B70&".pdf","XEM")) -> XEM | D70: ='[6]NOI TAC 2026'!F72 -> 3 | E70: ='[6]NOI TAC 2026'!AL72 -> 350.00308 | F70: 1 | K70: 1 | Q70: 1 | R70: =SUM(F70:Q70) -> 3 | T70: =$E70*F70 -> 350.00308 | U70: =$E70*G70 -> 0 | V70: =$E70*H70 -> 0 | W70: =$E70*I70 -> 0 | X70: =$E70*J70 -> 0 | Y70: =$E70*K70 -> 350.00308 | Z70: =$E70*L70 -> 0 | AA70: =$E70*M70 -> 0 | ... AE70: =$E70*Q70 -> 350.00308 | AG70: #N/A | AH70: #N/A | AI70: #N/A | AJ70: #N/A | AK70: #N/A | AL70: #N/A | AP70: =AO70*E70 -> 0 | AR70: =AQ70*E70 -> 0 | AT70: =AS70*E70 -> 0 | AV70: =AU70*E70 -> 0 | AX70: =AW70*E70 -> 0 | AZ70: =AY70*E70 -> 0 | BB70: =BA70*E70 -> 0 | BD70: =BC70*E70 -> 0 | BF70: =BE70*E70 -> 0 | BH70: =BG70*E70 -> 0 | BJ70: =BI70*E70 -> 0 | BL70: =BK70*E70 -> 0
A71: 67 | B71: ='[6]NOI TAC 2026'!B73 -> S059015 | C71: =IF(B71="","",HYPERLINK("\\vdm-fsvr\Cokhi-機工\CONG VIEC CHUNG 2026\★2026年度年次目標設定\5.COSTDOWN 2026\5.MỤC TIÊU 2026\COSTDOWN 2026\PDF\"&B71&".pdf","XEM")) -> XEM | D71: ='[6]NOI TAC 2026'!F73 -> 2 | E71: ='[6]NOI TAC 2026'!AL73 -> 212.27445 | I71: 1 | O71: 1 | R71: =SUM(F71:Q71) -> 2 | T71: =$E71*F71 -> 0 | U71: =$E71*G71 -> 0 | V71: =$E71*H71 -> 0 | W71: =$E71*I71 -> 212.27445 | X71: =$E71*J71 -> 0 | Y71: =$E71*K71 -> 0 | Z71: =$E71*L71 -> 0 | AA71: =$E71*M71 -> 0 | ... AE71: =$E71*Q71 -> 0 | AG71: #N/A | AH71: #N/A | AI71: #N/A | AJ71: #N/A | AK71: #N/A | AL71: #N/A | AP71: =AO71*E71 -> 0 | AR71: =AQ71*E71 -> 0 | AT71: =AS71*E71 -> 0 | AV71: =AU71*E71 -> 0 | AX71: =AW71*E71 -> 0 | AZ71: =AY71*E71 -> 0 | BB71: =BA71*E71 -> 0 | BD71: =BC71*E71 -> 0 | BF71: =BE71*E71 -> 0 | BH71: =BG71*E71 -> 0 | BJ71: =BI71*E71 -> 0 | BL71: =BK71*E71 -> 0
A72: 68 | B72: ='[6]NOI TAC 2026'!B74 -> S862626 | C72: =IF(B72="","",HYPERLINK("\\vdm-fsvr\Cokhi-機工\CONG VIEC CHUNG 2026\★2026年度年次目標設定\5.COSTDOWN 2026\5.MỤC TIÊU 2026\COSTDOWN 2026\PDF\"&B72&".pdf","XEM")) -> XEM | D72: ='[6]NOI TAC 2026'!F74 -> 1 | E72: ='[6]NOI TAC 2026'!AL74 -> 296.7332 | K72: 1 | R72: =SUM(F72:Q72) -> 1 | T72: =$E72*F72 -> 0 | U72: =$E72*G72 -> 0 | V72: =$E72*H72 -> 0 | W72: =$E72*I72 -> 0 | X72: =$E72*J72 -> 0 | Y72: =$E72*K72 -> 296.7332 | Z72: =$E72*L72 -> 0 | AA72: =$E72*M72 -> 0 | ... AE72: =$E72*Q72 -> 0 | AG72: #N/A | AH72: #N/A | AI72: #N/A | AJ72: #N/A | AK72: #N/A | AL72: #N/A | AP72: =AO72*E72 -> 0 | AR72: =AQ72*E72 -> 0 | AT72: =AS72*E72 -> 0 | AV72: =AU72*E72 -> 0 | AX72: =AW72*E72 -> 0 | AZ72: =AY72*E72 -> 0 | BB72: =BA72*E72 -> 0 | BD72: =BC72*E72 -> 0 | BF72: =BE72*E72 -> 0 | BH72: =BG72*E72 -> 0 | BJ72: =BI72*E72 -> 0 | BL72: =BK72*E72 -> 0
A73: 69 | B73: ='[6]NOI TAC 2026'!B75 -> S764013 | C73: =IF(B73="","",HYPERLINK("\\vdm-fsvr\Cokhi-機工\CONG VIEC CHUNG 2026\★2026年度年次目標設定\5.COSTDOWN 2026\5.MỤC TIÊU 2026\COSTDOWN 2026\PDF\"&B73&".pdf","XEM")) -> XEM | D73: ='[6]NOI TAC 2026'!F75 -> 2 | E73: ='[6]NOI TAC 2026'!AL75 -> 140.21147 | H73: 1 | N73: 1 | R73: =SUM(F73:Q73) -> 2 | T73: =$E73*F73 -> 0 | U73: =$E73*G73 -> 0 | V73: =$E73*H73 -> 140.21147 | W73: =$E73*I73 -> 0 | X73: =$E73*J73 -> 0 | Y73: =$E73*K73 -> 0 | Z73: =$E73*L73 -> 0 | AA73: =$E73*M73 -> 0 | ... AE73: =$E73*Q73 -> 0 | AG73: #N/A | AH73: #N/A | AI73: #N/A | AJ73: #N/A | AK73: #N/A | AL73: #N/A | AP73: =AO73*E73 -> 0 | AR73: =AQ73*E73 -> 0 | AT73: =AS73*E73 -> 0 | AV73: =AU73*E73 -> 0 | AX73: =AW73*E73 -> 0 | AZ73: =AY73*E73 -> 0 | BB73: =BA73*E73 -> 0 | BD73: =BC73*E73 -> 0 | BF73: =BE73*E73 -> 0 | BH73: =BG73*E73 -> 0 | BJ73: =BI73*E73 -> 0 | BL73: =BK73*E73 -> 0
A74: 70 | B74: ='[6]NOI TAC 2026'!B76 -> R009204 | C74: =IF(B74="","",HYPERLINK("\\vdm-fsvr\Cokhi-機工\CONG VIEC CHUNG 2026\★2026年度年次目標設定\5.COSTDOWN 2026\5.MỤC TIÊU 2026\COSTDOWN 2026\PDF\"&B74&".pdf","XEM")) -> XEM | D74: ='[6]NOI TAC 2026'!F76 -> 5 | E74: ='[6]NOI TAC 2026'!AL76 -> 288.12768 | I74: 1 | L74: 1 | O74: 2 | Q74: 1 | R74: =SUM(F74:Q74) -> 5 | T74: =$E74*F74 -> 0 | U74: =$E74*G74 -> 0 | V74: =$E74*H74 -> 0 | W74: =$E74*I74 -> 288.12768 | X74: =$E74*J74 -> 0 | Y74: =$E74*K74 -> 0 | Z74: =$E74*L74 -> 288.12768 | AA74: =$E74*M74 -> 0 | ... AE74: =$E74*Q74 -> 288.12768 | AG74: #N/A | AH74: #N/A | AI74: #N/A | AJ74: #N/A | AK74: #N/A | AL74: #N/A | AP74: =AO74*E74 -> 0 | AR74: =AQ74*E74 -> 0 | AT74: =AS74*E74 -> 0 | AV74: =AU74*E74 -> 0 | AX74: =AW74*E74 -> 0 | AZ74: =AY74*E74 -> 0 | BB74: =BA74*E74 -> 0 | BD74: =BC74*E74 -> 0 | BF74: =BE74*E74 -> 0 | BH74: =BG74*E74 -> 0 | BJ74: =BI74*E74 -> 0 | BL74: =BK74*E74 -> 0
A75: 71 | B75: ='[6]NOI TAC 2026'!B77 -> S911094 | C75: =IF(B75="","",HYPERLINK("\\vdm-fsvr\Cokhi-機工\CONG VIEC CHUNG 2026\★2026年度年次目標設定\5.COSTDOWN 2026\5.MỤC TIÊU 2026\COSTDOWN 2026\PDF\"&B75&".pdf","XEM")) -> XEM | D75: ='[6]NOI TAC 2026'!F77 -> 2 | E75: ='[6]NOI TAC 2026'!AL77 -> 160.25715 | J75: 1 | P75: 1 | R75: =SUM(F75:Q75) -> 2 | T75: =$E75*F75 -> 0 | U75: =$E75*G75 -> 0 | V75: =$E75*H75 -> 0 | W75: =$E75*I75 -> 0 | X75: =$E75*J75 -> 160.25715 | Y75: =$E75*K75 -> 0 | Z75: =$E75*L75 -> 0 | AA75: =$E75*M75 -> 0 | ... AE75: =$E75*Q75 -> 0 | AG75: #N/A | AH75: #N/A | AI75: #N/A | AJ75: #N/A | AK75: #N/A | AL75: #N/A | AP75: =AO75*E75 -> 0 | AR75: =AQ75*E75 -> 0 | AT75: =AS75*E75 -> 0 | AV75: =AU75*E75 -> 0 | AX75: =AW75*E75 -> 0 | AZ75: =AY75*E75 -> 0 | BB75: =BA75*E75 -> 0 | BD75: =BC75*E75 -> 0 | BF75: =BE75*E75 -> 0 | BH75: =BG75*E75 -> 0 | BJ75: =BI75*E75 -> 0 | BL75: =BK75*E75 -> 0
A76: 72 | B76: ='[6]NOI TAC 2026'!B78 -> R003078 | C76: =IF(B76="","",HYPERLINK("\\vdm-fsvr\Cokhi-機工\CONG VIEC CHUNG 2026\★2026年度年次目標設定\5.COSTDOWN 2026\5.MỤC TIÊU 2026\COSTDOWN 2026\PDF\"&B76&".pdf","XEM")) -> XEM | D76: ='[6]NOI TAC 2026'!F78 -> 8 | E76: ='[6]NOI TAC 2026'!AL78 -> 100.90823 | H76: 2 | K76: 2 | M76: 2 | Q76: 2 | R76: =SUM(F76:Q76) -> 8 | T76: =$E76*F76 -> 0 | U76: =$E76*G76 -> 0 | V76: =$E76*H76 -> 201.81646 | W76: =$E76*I76 -> 0 | X76: =$E76*J76 -> 0 | Y76: =$E76*K76 -> 201.81646 | Z76: =$E76*L76 -> 0 | AA76: =$E76*M76 -> 201.81646 | ... AE76: =$E76*Q76 -> 201.81646 | AG76: 2136038304 | AH76: 4 | AI76: 1 | AJ76: EW | AK76: GS1 ED EW2 GS2 EN AF | AL76: 46114 | AP76: =AO76*E76 -> 0 | AR76: =AQ76*E76 -> 0 | AT76: =AS76*E76 -> 0 | AV76: =AU76*E76 -> 0 | AX76: =AW76*E76 -> 0 | AZ76: =AY76*E76 -> 0 | BB76: =BA76*E76 -> 0 | BD76: =BC76*E76 -> 0 | BF76: =BE76*E76 -> 0 | BH76: =BG76*E76 -> 0 | BJ76: =BI76*E76 -> 0 | BL76: =BK76*E76 -> 0
A77: 73 | B77: ='[6]NOI TAC 2026'!B79 -> R172140 | C77: =IF(B77="","",HYPERLINK("\\vdm-fsvr\Cokhi-機工\CONG VIEC CHUNG 2026\★2026年度年次目標設定\5.COSTDOWN 2026\5.MỤC TIÊU 2026\COSTDOWN 2026\PDF\"&B77&".pdf","XEM")) -> XEM | D77: ='[6]NOI TAC 2026'!F79 -> 2 | E77: ='[6]NOI TAC 2026'!AL79 -> 188.8836 | I77: 1 | N77: 1 | R77: =SUM(F77:Q77) -> 2 | T77: =$E77*F77 -> 0 | U77: =$E77*G77 -> 0 | V77: =$E77*H77 -> 0 | W77: =$E77*I77 -> 188.8836 | X77: =$E77*J77 -> 0 | Y77: =$E77*K77 -> 0 | Z77: =$E77*L77 -> 0 | AA77: =$E77*M77 -> 0 | ... AE77: =$E77*Q77 -> 0 | AG77: #N/A | AH77: #N/A | AI77: #N/A | AJ77: #N/A | AK77: #N/A | AL77: #N/A | AP77: =AO77*E77 -> 0 | AR77: =AQ77*E77 -> 0 | AT77: =AS77*E77 -> 0 | AV77: =AU77*E77 -> 0 | AX77: =AW77*E77 -> 0 | AZ77: =AY77*E77 -> 0 | BB77: =BA77*E77 -> 0 | BD77: =BC77*E77 -> 0 | BF77: =BE77*E77 -> 0 | BH77: =BG77*E77 -> 0 | BJ77: =BI77*E77 -> 0 | BL77: =BK77*E77 -> 0
A78: 74 | B78: ='[6]NOI TAC 2026'!B80 -> R341026 | C78: =IF(B78="","",HYPERLINK("\\vdm-fsvr\Cokhi-機工\CONG VIEC CHUNG 2026\★2026年度年次目標設定\5.COSTDOWN 2026\5.MỤC TIÊU 2026\COSTDOWN 2026\PDF\"&B78&".pdf","XEM")) -> XEM | D78: ='[6]NOI TAC 2026'!F80 -> 2 | E78: ='[6]NOI TAC 2026'!AL80 -> 161.21984 | H78: 1 | O78: 1 | R78: =SUM(F78:Q78) -> 2 | T78: =$E78*F78 -> 0 | U78: =$E78*G78 -> 0 | V78: =$E78*H78 -> 161.21984 | W78: =$E78*I78 -> 0 | X78: =$E78*J78 -> 0 | Y78: =$E78*K78 -> 0 | Z78: =$E78*L78 -> 0 | AA78: =$E78*M78 -> 0 | ... AE78: =$E78*Q78 -> 0 | AG78: #N/A | AH78: #N/A | AI78: #N/A | AJ78: #N/A | AK78: #N/A | AL78: #N/A | AP78: =AO78*E78 -> 0 | AR78: =AQ78*E78 -> 0 | AT78: =AS78*E78 -> 0 | AV78: =AU78*E78 -> 0 | AX78: =AW78*E78 -> 0 | AZ78: =AY78*E78 -> 0 | BB78: =BA78*E78 -> 0 | BD78: =BC78*E78 -> 0 | BF78: =BE78*E78 -> 0 | BH78: =BG78*E78 -> 0 | BJ78: =BI78*E78 -> 0 | BL78: =BK78*E78 -> 0
A79: 75 | B79: ='[6]NOI TAC 2026'!B81 -> S473898 | C79: =IF(B79="","",HYPERLINK("\\vdm-fsvr\Cokhi-機工\CONG VIEC CHUNG 2026\★2026年度年次目標設定\5.COSTDOWN 2026\5.MỤC TIÊU 2026\COSTDOWN 2026\PDF\"&B79&".pdf","XEM")) -> XEM | D79: ='[6]NOI TAC 2026'!F81 -> 2 | E79: ='[6]NOI TAC 2026'!AL81 -> 172.16116 | I79: 1 | P79: 1 | R79: =SUM(F79:Q79) -> 2 | T79: =$E79*F79 -> 0 | U79: =$E79*G79 -> 0 | V79: =$E79*H79 -> 0 | W79: =$E79*I79 -> 172.16116 | X79: =$E79*J79 -> 0 | Y79: =$E79*K79 -> 0 | Z79: =$E79*L79 -> 0 | AA79: =$E79*M79 -> 0 | ... AE79: =$E79*Q79 -> 0 | AG79: #N/A | AH79: #N/A | AI79: #N/A | AJ79: #N/A | AK79: #N/A | AL79: #N/A | AP79: =AO79*E79 -> 0 | AR79: =AQ79*E79 -> 0 | AT79: =AS79*E79 -> 0 | AV79: =AU79*E79 -> 0 | AX79: =AW79*E79 -> 0 | AZ79: =AY79*E79 -> 0 | BB79: =BA79*E79 -> 0 | BD79: =BC79*E79 -> 0 | BF79: =BE79*E79 -> 0 | BH79: =BG79*E79 -> 0 | BJ79: =BI79*E79 -> 0 | BL79: =BK79*E79 -> 0
A80: 76 | B80: ='[6]NOI TAC 2026'!B82 -> R176671 | C80: =IF(B80="","",HYPERLINK("\\vdm-fsvr\Cokhi-機工\CONG VIEC CHUNG 2026\★2026年度年次目標設定\5.COSTDOWN 2026\5.MỤC TIÊU 2026\COSTDOWN 2026\PDF\"&B80&".pdf","XEM")) -> XEM | D80: ='[6]NOI TAC 2026'!F82 -> 2 | E80: ='[6]NOI TAC 2026'!AL82 -> 89.487152 | J80: 1 | Q80: 1 | R80: =SUM(F80:Q80) -> 2 | T80: =$E80*F80 -> 0 | U80: =$E80*G80 -> 0 | V80: =$E80*H80 -> 0 | W80: =$E80*I80 -> 0 | X80: =$E80*J80 -> 89.487152 | Y80: =$E80*K80 -> 0 | Z80: =$E80*L80 -> 0 | AA80: =$E80*M80 -> 0 | ... AE80: =$E80*Q80 -> 89.487152 | AG80: #N/A | AH80: #N/A | AI80: #N/A | AJ80: #N/A | AK80: #N/A | AL80: #N/A | AP80: =AO80*E80 -> 0 | AR80: =AQ80*E80 -> 0 | AT80: =AS80*E80 -> 0 | AV80: =AU80*E80 -> 0 | AX80: =AW80*E80 -> 0 | AZ80: =AY80*E80 -> 0 | BB80: =BA80*E80 -> 0 | BD80: =BC80*E80 -> 0 | BF80: =BE80*E80 -> 0 | BH80: =BG80*E80 -> 0 | BJ80: =BI80*E80 -> 0 | BL80: =BK80*E80 -> 0
A81: 77 | B81: ='[6]NOI TAC 2026'!B83 -> R341202 | C81: =IF(B81="","",HYPERLINK("\\vdm-fsvr\Cokhi-機工\CONG VIEC CHUNG 2026\★2026年度年次目標設定\5.COSTDOWN 2026\5.MỤC TIÊU 2026\COSTDOWN 2026\PDF\"&B81&".pdf","XEM")) -> XEM | D81: ='[6]NOI TAC 2026'!F83 -> 8 | E81: ='[6]NOI TAC 2026'!AL83 -> 217.54844 | F81: 1 | H81: 1 | K81: 2 | N81: 2 | P81: 2 | R81: =SUM(F81:Q81) -> 8 | T81: =$E81*F81 -> 217.54844 | U81: =$E81*G81 -> 0 | V81: =$E81*H81 -> 217.54844 | W81: =$E81*I81 -> 0 | X81: =$E81*J81 -> 0 | Y81: =$E81*K81 -> 435.09688 | Z81: =$E81*L81 -> 0 | AA81: =$E81*M81 -> 0 | ... AE81: =$E81*Q81 -> 0 | AG81: #N/A | AH81: #N/A | AI81: #N/A | AJ81: #N/A | AK81: #N/A | AL81: #N/A | AP81: =AO81*E81 -> 0 | AR81: =AQ81*E81 -> 0 | AT81: =AS81*E81 -> 0 | AV81: =AU81*E81 -> 0 | AX81: =AW81*E81 -> 0 | AZ81: =AY81*E81 -> 0 | BB81: =BA81*E81 -> 0 | BD81: =BC81*E81 -> 0 | BF81: =BE81*E81 -> 0 | BH81: =BG81*E81 -> 0 | BJ81: =BI81*E81 -> 0 | BL81: =BK81*E81 -> 0
A82: 78 | B82: ='[6]NOI TAC 2026'!B84 -> R403433 | C82: =IF(B82="","",HYPERLINK("\\vdm-fsvr\Cokhi-機工\CONG VIEC CHUNG 2026\★2026年度年次目標設定\5.COSTDOWN 2026\5.MỤC TIÊU 2026\COSTDOWN 2026\PDF\"&B82&".pdf","XEM")) -> XEM | D82: ='[6]NOI TAC 2026'!F84 -> 2 | E82: ='[6]NOI TAC 2026'!AL84 -> 153.23416 | I82: 1 | L82: 1 | R82: =SUM(F82:Q82) -> 2 | T82: =$E82*F82 -> 0 | U82: =$E82*G82 -> 0 | V82: =$E82*H82 -> 0 | W82: =$E82*I82 -> 153.23416 | X82: =$E82*J82 -> 0 | Y82: =$E82*K82 -> 0 | Z82: =$E82*L82 -> 153.23416 | AA82: =$E82*M82 -> 0 | ... AE82: =$E82*Q82 -> 0 | AG82: #N/A | AH82: #N/A | AI82: #N/A | AJ82: #N/A | AK82: #N/A | AL82: #N/A | AP82: =AO82*E82 -> 0 | AR82: =AQ82*E82 -> 0 | AT82: =AS82*E82 -> 0 | AV82: =AU82*E82 -> 0 | AX82: =AW82*E82 -> 0 | AZ82: =AY82*E82 -> 0 | BB82: =BA82*E82 -> 0 | BD82: =BC82*E82 -> 0 | BF82: =BE82*E82 -> 0 | BH82: =BG82*E82 -> 0 | BJ82: =BI82*E82 -> 0 | BL82: =BK82*E82 -> 0
A83: 79 | B83: ='[6]NOI TAC 2026'!B85 -> R175057 | C83: =IF(B83="","",HYPERLINK("\\vdm-fsvr\Cokhi-機工\CONG VIEC CHUNG 2026\★2026年度年次目標設定\5.COSTDOWN 2026\5.MỤC TIÊU 2026\COSTDOWN 2026\PDF\"&B83&".pdf","XEM")) -> XEM | D83: ='[6]NOI TAC 2026'!F85 -> 3 | E83: ='[6]NOI TAC 2026'!AL85 -> 203.93244 | H83: 1 | M83: 2 | R83: =SUM(F83:Q83) -> 3 | T83: =$E83*F83 -> 0 | U83: =$E83*G83 -> 0 | V83: =$E83*H83 -> 203.93244 | W83: =$E83*I83 -> 0 | X83: =$E83*J83 -> 0 | Y83: =$E83*K83 -> 0 | Z83: =$E83*L83 -> 0 | AA83: =$E83*M83 -> 407.86488 | ... AE83: =$E83*Q83 -> 0 | AG83: #N/A | AH83: #N/A | AI83: #N/A | AJ83: #N/A | AK83: #N/A | AL83: #N/A | AP83: =AO83*E83 -> 0 | AR83: =AQ83*E83 -> 0 | AT83: =AS83*E83 -> 0 | AV83: =AU83*E83 -> 0 | AX83: =AW83*E83 -> 0 | AZ83: =AY83*E83 -> 0 | BB83: =BA83*E83 -> 0 | BD83: =BC83*E83 -> 0 | BF83: =BE83*E83 -> 0 | BH83: =BG83*E83 -> 0 | BJ83: =BI83*E83 -> 0 | BL83: =BK83*E83 -> 0
A84: 80 | B84: ='[6]NOI TAC 2026'!B86 -> R067539 | C84: =IF(B84="","",HYPERLINK("\\vdm-fsvr\Cokhi-機工\CONG VIEC CHUNG 2026\★2026年度年次目標設定\5.COSTDOWN 2026\5.MỤC TIÊU 2026\COSTDOWN 2026\PDF\"&B84&".pdf","XEM")) -> XEM | D84: ='[6]NOI TAC 2026'!F86 -> 1 | E84: ='[6]NOI TAC 2026'!AL86 -> 67.399152 | I84: 1 | R84: =SUM(F84:Q84) -> 1 | T84: =$E84*F84 -> 0 | U84: =$E84*G84 -> 0 | V84: =$E84*H84 -> 0 | W84: =$E84*I84 -> 67.399152 | X84: =$E84*J84 -> 0 | Y84: =$E84*K84 -> 0 | Z84: =$E84*L84 -> 0 | AA84: =$E84*M84 -> 0 | ... AE84: =$E84*Q84 -> 0 | AG84: #N/A | AH84: #N/A | AI84: #N/A | AJ84: #N/A | AK84: #N/A | AL84: #N/A | AP84: =AO84*E84 -> 0 | AR84: =AQ84*E84 -> 0 | AT84: =AS84*E84 -> 0 | AV84: =AU84*E84 -> 0 | AX84: =AW84*E84 -> 0 | AZ84: =AY84*E84 -> 0 | BB84: =BA84*E84 -> 0 | BD84: =BC84*E84 -> 0 | BF84: =BE84*E84 -> 0 | BH84: =BG84*E84 -> 0 | BJ84: =BI84*E84 -> 0 | BL84: =BK84*E84 -> 0
A85: 81 | B85: ='[6]NOI TAC 2026'!B87 -> R175052 | C85: =IF(B85="","",HYPERLINK("\\vdm-fsvr\Cokhi-機工\CONG VIEC CHUNG 2026\★2026年度年次目標設定\5.COSTDOWN 2026\5.MỤC TIÊU 2026\COSTDOWN 2026\PDF\"&B85&".pdf","XEM")) -> XEM | D85: ='[6]NOI TAC 2026'!F87 -> 1 | E85: ='[6]NOI TAC 2026'!AL87 -> 150.86277 | J85: 1 | R85: =SUM(F85:Q85) -> 1 | T85: =$E85*F85 -> 0 | U85: =$E85*G85 -> 0 | V85: =$E85*H85 -> 0 | W85: =$E85*I85 -> 0 | X85: =$E85*J85 -> 150.86277 | Y85: =$E85*K85 -> 0 | Z85: =$E85*L85 -> 0 | AA85: =$E85*M85 -> 0 | ... AE85: =$E85*Q85 -> 0 | AG85: #N/A | AH85: #N/A | AI85: #N/A | AJ85: #N/A | AK85: #N/A | AL85: #N/A | AP85: =AO85*E85 -> 0 | AR85: =AQ85*E85 -> 0 | AT85: =AS85*E85 -> 0 | AV85: =AU85*E85 -> 0 | AX85: =AW85*E85 -> 0 | AZ85: =AY85*E85 -> 0 | BB85: =BA85*E85 -> 0 | BD85: =BC85*E85 -> 0 | BF85: =BE85*E85 -> 0 | BH85: =BG85*E85 -> 0 | BJ85: =BI85*E85 -> 0 | BL85: =BK85*E85 -> 0
A86: 82 | B86: ='[6]NOI TAC 2026'!B88 -> R171362 | C86: =IF(B86="","",HYPERLINK("\\vdm-fsvr\Cokhi-機工\CONG VIEC CHUNG 2026\★2026年度年次目標設定\5.COSTDOWN 2026\5.MỤC TIÊU 2026\COSTDOWN 2026\PDF\"&B86&".pdf","XEM")) -> XEM | D86: ='[6]NOI TAC 2026'!F88 -> 2 | E86: ='[6]NOI TAC 2026'!AL88 -> 74.78884 | I86: 1 | L86: 1 | R86: =SUM(F86:Q86) -> 2 | T86: =$E86*F86 -> 0 | U86: =$E86*G86 -> 0 | V86: =$E86*H86 -> 0 | W86: =$E86*I86 -> 74.78884 | X86: =$E86*J86 -> 0 | Y86: =$E86*K86 -> 0 | Z86: =$E86*L86 -> 74.78884 | AA86: =$E86*M86 -> 0 | ... AE86: =$E86*Q86 -> 0 | AG86: #N/A | AH86: #N/A | AI86: #N/A | AJ86: #N/A | AK86: #N/A | AL86: #N/A | AP86: =AO86*E86 -> 0 | AR86: =AQ86*E86 -> 0 | AT86: =AS86*E86 -> 0 | AV86: =AU86*E86 -> 0 | AX86: =AW86*E86 -> 0 | AZ86: =AY86*E86 -> 0 | BB86: =BA86*E86 -> 0 | BD86: =BC86*E86 -> 0 | BF86: =BE86*E86 -> 0 | BH86: =BG86*E86 -> 0 | BJ86: =BI86*E86 -> 0 | BL86: =BK86*E86 -> 0
A87: 83 | B87: ='[6]NOI TAC 2026'!B89 -> R009220 | C87: =IF(B87="","",HYPERLINK("\\vdm-fsvr\Cokhi-機工\CONG VIEC CHUNG 2026\★2026年度年次目標設定\5.COSTDOWN 2026\5.MỤC TIÊU 2026\COSTDOWN 2026\PDF\"&B87&".pdf","XEM")) -> XEM | D87: ='[6]NOI TAC 2026'!F89 -> 3 | E87: ='[6]NOI TAC 2026'!AL89 -> 203.27664 | H87: 1 | K87: 1 | N87: 1 | R87: =SUM(F87:Q87) -> 3 | T87: =$E87*F87 -> 0 | U87: =$E87*G87 -> 0 | V87: =$E87*H87 -> 203.27664 | W87: =$E87*I87 -> 0 | X87: =$E87*J87 -> 0 | Y87: =$E87*K87 -> 203.27664 | Z87: =$E87*L87 -> 0 | AA87: =$E87*M87 -> 0 | ... AE87: =$E87*Q87 -> 0 | AG87: #N/A | AH87: #N/A | AI87: #N/A | AJ87: #N/A | AK87: #N/A | AL87: #N/A | AP87: =AO87*E87 -> 0 | AR87: =AQ87*E87 -> 0 | AT87: =AS87*E87 -> 0 | AV87: =AU87*E87 -> 0 | AX87: =AW87*E87 -> 0 | AZ87: =AY87*E87 -> 0 | BB87: =BA87*E87 -> 0 | BD87: =BC87*E87 -> 0 | BF87: =BE87*E87 -> 0 | BH87: =BG87*E87 -> 0 | BJ87: =BI87*E87 -> 0 | BL87: =BK87*E87 -> 0
A88: 84 | B88: ='[6]NOI TAC 2026'!B90 -> S833640 | C88: =IF(B88="","",HYPERLINK("\\vdm-fsvr\Cokhi-機工\CONG VIEC CHUNG 2026\★2026年度年次目標設定\5.COSTDOWN 2026\5.MỤC TIÊU 2026\COSTDOWN 2026\PDF\"&B88&".pdf","XEM")) -> XEM | D88: ='[6]NOI TAC 2026'!F90 -> 2 | E88: ='[6]NOI TAC 2026'!AL90 -> 160.79304 | I88: 1 | O88: 1 | R88: =SUM(F88:Q88) -> 2 | T88: =$E88*F88 -> 0 | U88: =$E88*G88 -> 0 | V88: =$E88*H88 -> 0 | W88: =$E88*I88 -> 160.79304 | X88: =$E88*J88 -> 0 | Y88: =$E88*K88 -> 0 | Z88: =$E88*L88 -> 0 | AA88: =$E88*M88 -> 0 | ... AE88: =$E88*Q88 -> 0 | AG88: #N/A | AH88: #N/A | AI88: #N/A | AJ88: #N/A | AK88: #N/A | AL88: #N/A | AP88: =AO88*E88 -> 0 | AR88: =AQ88*E88 -> 0 | AT88: =AS88*E88 -> 0 | AV88: =AU88*E88 -> 0 | AX88: =AW88*E88 -> 0 | AZ88: =AY88*E88 -> 0 | BB88: =BA88*E88 -> 0 | BD88: =BC88*E88 -> 0 | BF88: =BE88*E88 -> 0 | BH88: =BG88*E88 -> 0 | BJ88: =BI88*E88 -> 0 | BL88: =BK88*E88 -> 0
A89: 85 | B89: ='[6]NOI TAC 2026'!B91 -> S609462 | C89: =IF(B89="","",HYPERLINK("\\vdm-fsvr\Cokhi-機工\CONG VIEC CHUNG 2026\★2026年度年次目標設定\5.COSTDOWN 2026\5.MỤC TIÊU 2026\COSTDOWN 2026\PDF\"&B89&".pdf","XEM")) -> XEM | D89: ='[6]NOI TAC 2026'!F91 -> 2 | E89: ='[6]NOI TAC 2026'!AL91 -> 131.27884 | J89: 1 | P89: 1 | R89: =SUM(F89:Q89) -> 2 | T89: =$E89*F89 -> 0 | U89: =$E89*G89 -> 0 | V89: =$E89*H89 -> 0 | W89: =$E89*I89 -> 0 | X89: =$E89*J89 -> 131.27884 | Y89: =$E89*K89 -> 0 | Z89: =$E89*L89 -> 0 | AA89: =$E89*M89 -> 0 | ... AE89: =$E89*Q89 -> 0 | AG89: #N/A | AH89: #N/A | AI89: #N/A | AJ89: #N/A | AK89: #N/A | AL89: #N/A | AP89: =AO89*E89 -> 0 | AR89: =AQ89*E89 -> 0 | AT89: =AS89*E89 -> 0 | AV89: =AU89*E89 -> 0 | AX89: =AW89*E89 -> 0 | AZ89: =AY89*E89 -> 0 | BB89: =BA89*E89 -> 0 | BD89: =BC89*E89 -> 0 | BF89: =BE89*E89 -> 0 | BH89: =BG89*E89 -> 0 | BJ89: =BI89*E89 -> 0 | BL89: =BK89*E89 -> 0
A90: 86 | B90: ='[6]NOI TAC 2026'!B92 -> R341198 | C90: =IF(B90="","",HYPERLINK("\\vdm-fsvr\Cokhi-機工\CONG VIEC CHUNG 2026\★2026年度年次目標設定\5.COSTDOWN 2026\5.MỤC TIÊU 2026\COSTDOWN 2026\PDF\"&B90&".pdf","XEM")) -> XEM | D90: ='[6]NOI TAC 2026'!F92 -> 8 | E90: ='[6]NOI TAC 2026'!AL92 -> 43.551466 | F90: 1 | H90: 1 | K90: 2 | N90: 2 | Q90: 2 | R90: =SUM(F90:Q90) -> 8 | T90: =$E90*F90 -> 43.551466 | U90: =$E90*G90 -> 0 | V90: =$E90*H90 -> 43.551466 | W90: =$E90*I90 -> 0 | X90: =$E90*J90 -> 0 | Y90: =$E90*K90 -> 87.102932 | Z90: =$E90*L90 -> 0 | AA90: =$E90*M90 -> 0 | ... AE90: =$E90*Q90 -> 87.102932 | AG90: #N/A | AH90: #N/A | AI90: #N/A | AJ90: #N/A | AK90: #N/A | AL90: #N/A | AP90: =AO90*E90 -> 0 | AR90: =AQ90*E90 -> 0 | AT90: =AS90*E90 -> 0 | AV90: =AU90*E90 -> 0 | AX90: =AW90*E90 -> 0 | AZ90: =AY90*E90 -> 0 | BB90: =BA90*E90 -> 0 | BD90: =BC90*E90 -> 0 | BF90: =BE90*E90 -> 0 | BH90: =BG90*E90 -> 0 | BJ90: =BI90*E90 -> 0 | BL90: =BK90*E90 -> 0
A91: 87 | B91: ='[6]NOI TAC 2026'!B93 -> R316203 | C91: =IF(B91="","",HYPERLINK("\\vdm-fsvr\Cokhi-機工\CONG VIEC CHUNG 2026\★2026年度年次目標設定\5.COSTDOWN 2026\5.MỤC TIÊU 2026\COSTDOWN 2026\PDF\"&B91&".pdf","XEM")) -> XEM | D91: ='[6]NOI TAC 2026'!F93 -> 2 | E91: ='[6]NOI TAC 2026'!AL93 -> 86.52484 | I91: 1 | M91: 1 | R91: =SUM(F91:Q91) -> 2 | T91: =$E91*F91 -> 0 | U91: =$E91*G91 -> 0 | V91: =$E91*H91 -> 0 | W91: =$E91*I91 -> 86.52484 | X91: =$E91*J91 -> 0 | Y91: =$E91*K91 -> 0 | Z91: =$E91*L91 -> 0 | AA91: =$E91*M91 -> 86.52484 | ... AE91: =$E91*Q91 -> 0 | AG91: 2136038305 | AH91: 5 | AI91: 1 | AJ91: EW | AK91: GS ED EW GS2 EN | AL91: 46114 | AP91: =AO91*E91 -> 0 | AR91: =AQ91*E91 -> 0 | AT91: =AS91*E91 -> 0 | AV91: =AU91*E91 -> 0 | AX91: =AW91*E91 -> 0 | AZ91: =AY91*E91 -> 0 | BB91: =BA91*E91 -> 0 | BD91: =BC91*E91 -> 0 | BF91: =BE91*E91 -> 0 | BH91: =BG91*E91 -> 0 | BJ91: =BI91*E91 -> 0 | BL91: =BK91*E91 -> 0
A92: 88 | B92: ='[6]NOI TAC 2026'!B94 -> S416593 | C92: =IF(B92="","",HYPERLINK("\\vdm-fsvr\Cokhi-機工\CONG VIEC CHUNG 2026\★2026年度年次目標設定\5.COSTDOWN 2026\5.MỤC TIÊU 2026\COSTDOWN 2026\PDF\"&B92&".pdf","XEM")) -> XEM | D92: ='[6]NOI TAC 2026'!F94 -> 3 | E92: ='[6]NOI TAC 2026'!AL94 -> 45.322652 | J92: 1 | N92: 1 | Q92: 1 | R92: =SUM(F92:Q92) -> 3 | T92: =$E92*F92 -> 0 | U92: =$E92*G92 -> 0 | V92: =$E92*H92 -> 0 | W92: =$E92*I92 -> 0 | X92: =$E92*J92 -> 45.322652 | Y92: =$E92*K92 -> 0 | Z92: =$E92*L92 -> 0 | AA92: =$E92*M92 -> 0 | ... AE92: =$E92*Q92 -> 45.322652 | AG92: #N/A | AH92: #N/A | AI92: #N/A | AJ92: #N/A | AK92: #N/A | AL92: #N/A | AP92: =AO92*E92 -> 0 | AR92: =AQ92*E92 -> 0 | AT92: =AS92*E92 -> 0 | AV92: =AU92*E92 -> 0 | AX92: =AW92*E92 -> 0 | AZ92: =AY92*E92 -> 0 | BB92: =BA92*E92 -> 0 | BD92: =BC92*E92 -> 0 | BF92: =BE92*E92 -> 0 | BH92: =BG92*E92 -> 0 | BJ92: =BI92*E92 -> 0 | BL92: =BK92*E92 -> 0
A93: 89 | B93: ='[6]NOI TAC 2026'!B95 -> R152945 | C93: =IF(B93="","",HYPERLINK("\\vdm-fsvr\Cokhi-機工\CONG VIEC CHUNG 2026\★2026年度年次目標設定\5.COSTDOWN 2026\5.MỤC TIÊU 2026\COSTDOWN 2026\PDF\"&B93&".pdf","XEM")) -> XEM | D93: ='[6]NOI TAC 2026'!F95 -> 2 | E93: ='[6]NOI TAC 2026'!AL95 -> 65.093962 | H93: 1 | L93: 1 | R93: =SUM(F93:Q93) -> 2 | T93: =$E93*F93 -> 0 | U93: =$E93*G93 -> 0 | V93: =$E93*H93 -> 65.093962 | W93: =$E93*I93 -> 0 | X93: =$E93*J93 -> 0 | Y93: =$E93*K93 -> 0 | Z93: =$E93*L93 -> 65.093962 | AA93: =$E93*M93 -> 0 | ... AE93: =$E93*Q93 -> 0 | AG93: 2136038306 | AH93: 6 | AI93: 1 | AJ93: GS | AK93: GR EW EN GP | AL93: 46114 | AP93: =AO93*E93 -> 0 | AR93: =AQ93*E93 -> 0 | AT93: =AS93*E93 -> 0 | AV93: =AU93*E93 -> 0 | AX93: =AW93*E93 -> 0 | AZ93: =AY93*E93 -> 0 | BB93: =BA93*E93 -> 0 | BD93: =BC93*E93 -> 0 | BF93: =BE93*E93 -> 0 | BH93: =BG93*E93 -> 0 | BJ93: =BI93*E93 -> 0 | BL93: =BK93*E93 -> 0
A94: 90 | B94: ='[6]NOI TAC 2026'!B96 -> R172139 | C94: =IF(B94="","",HYPERLINK("\\vdm-fsvr\Cokhi-機工\CONG VIEC CHUNG 2026\★2026年度年次目標設定\5.COSTDOWN 2026\5.MỤC TIÊU 2026\COSTDOWN 2026\PDF\"&B94&".pdf","XEM")) -> XEM | D94: ='[6]NOI TAC 2026'!F96 -> 2 | E94: ='[6]NOI TAC 2026'!AL96 -> 116.23384 | I94: 1 | M94: 1 | R94: =SUM(F94:Q94) -> 2 | T94: =$E94*F94 -> 0 | U94: =$E94*G94 -> 0 | V94: =$E94*H94 -> 0 | W94: =$E94*I94 -> 116.23384 | X94: =$E94*J94 -> 0 | Y94: =$E94*K94 -> 0 | Z94: =$E94*L94 -> 0 | AA94: =$E94*M94 -> 116.23384 | ... AE94: =$E94*Q94 -> 0 | AG94: #N/A | AH94: #N/A | AI94: #N/A | AJ94: #N/A | AK94: #N/A | AL94: #N/A | AP94: =AO94*E94 -> 0 | AR94: =AQ94*E94 -> 0 | AT94: =AS94*E94 -> 0 | AV94: =AU94*E94 -> 0 | AX94: =AW94*E94 -> 0 | AZ94: =AY94*E94 -> 0 | BB94: =BA94*E94 -> 0 | BD94: =BC94*E94 -> 0 | BF94: =BE94*E94 -> 0 | BH94: =BG94*E94 -> 0 | BJ94: =BI94*E94 -> 0 | BL94: =BK94*E94 -> 0
A95: 91 | B95: ='[6]NOI TAC 2026'!B97 -> R009208 | C95: =IF(B95="","",HYPERLINK("\\vdm-fsvr\Cokhi-機工\CONG VIEC CHUNG 2026\★2026年度年次目標設定\5.COSTDOWN 2026\5.MỤC TIÊU 2026\COSTDOWN 2026\PDF\"&B95&".pdf","XEM")) -> XEM | D95: ='[6]NOI TAC 2026'!F97 -> 5 | E95: ='[6]NOI TAC 2026'!AL97 -> 118.9416 | J95: 2 | N95: 2 | P95: 1 | R95: =SUM(F95:Q95) -> 5 | T95: =$E95*F95 -> 0 | U95: =$E95*G95 -> 0 | V95: =$E95*H95 -> 0 | W95: =$E95*I95 -> 0 | X95: =$E95*J95 -> 237.8832 | Y95: =$E95*K95 -> 0 | Z95: =$E95*L95 -> 0 | AA95: =$E95*M95 -> 0 | ... AE95: =$E95*Q95 -> 0 | AG95: #N/A | AH95: #N/A | AI95: #N/A | AJ95: #N/A | AK95: #N/A | AL95: #N/A | AP95: =AO95*E95 -> 0 | AR95: =AQ95*E95 -> 0 | AT95: =AS95*E95 -> 0 | AV95: =AU95*E95 -> 0 | AX95: =AW95*E95 -> 0 | AZ95: =AY95*E95 -> 0 | BB95: =BA95*E95 -> 0 | BD95: =BC95*E95 -> 0 | BF95: =BE95*E95 -> 0 | BH95: =BG95*E95 -> 0 | BJ95: =BI95*E95 -> 0 | BL95: =BK95*E95 -> 0
A96: 92 | B96: ='[6]NOI TAC 2026'!B98 -> S015137 | C96: =IF(B96="","",HYPERLINK("\\vdm-fsvr\Cokhi-機工\CONG VIEC CHUNG 2026\★2026年度年次目標設定\5.COSTDOWN 2026\5.MỤC TIÊU 2026\COSTDOWN 2026\PDF\"&B96&".pdf","XEM")) -> XEM | D96: ='[6]NOI TAC 2026'!F98 -> 2 | E96: ='[6]NOI TAC 2026'!AL98 -> 117.712 | H96: 1 | L96: 1 | R96: =SUM(F96:Q96) -> 2 | T96: =$E96*F96 -> 0 | U96: =$E96*G96 -> 0 | V96: =$E96*H96 -> 117.712 | W96: =$E96*I96 -> 0 | X96: =$E96*J96 -> 0 | Y96: =$E96*K96 -> 0 | Z96: =$E96*L96 -> 117.712 | AA96: =$E96*M96 -> 0 | ... AE96: =$E96*Q96 -> 0 | AG96: #N/A | AH96: #N/A | AI96: #N/A | AJ96: #N/A | AK96: #N/A | AL96: #N/A | AP96: =AO96*E96 -> 0 | AR96: =AQ96*E96 -> 0 | AT96: =AS96*E96 -> 0 | AV96: =AU96*E96 -> 0 | AX96: =AW96*E96 -> 0 | AZ96: =AY96*E96 -> 0 | BB96: =BA96*E96 -> 0 | BD96: =BC96*E96 -> 0 | BF96: =BE96*E96 -> 0 | BH96: =BG96*E96 -> 0 | BJ96: =BI96*E96 -> 0 | BL96: =BK96*E96 -> 0
A97: 93 | B97: ='[6]NOI TAC 2026'!B99 -> R030339 | C97: =IF(B97="","",HYPERLINK("\\vdm-fsvr\Cokhi-機工\CONG VIEC CHUNG 2026\★2026年度年次目標設定\5.COSTDOWN 2026\5.MỤC TIÊU 2026\COSTDOWN 2026\PDF\"&B97&".pdf","XEM")) -> XEM | D97: ='[6]NOI TAC 2026'!F99 -> 4 | E97: ='[6]NOI TAC 2026'!AL99 -> 100.0862 | H97: 1 | J97: 1 | M97: 1 | P97: 1 | R97: =SUM(F97:Q97) -> 4 | T97: =$E97*F97 -> 0 | U97: =$E97*G97 -> 0 | V97: =$E97*H97 -> 100.0862 | W97: =$E97*I97 -> 0 | X97: =$E97*J97 -> 100.0862 | Y97: =$E97*K97 -> 0 | Z97: =$E97*L97 -> 0 | AA97: =$E97*M97 -> 100.0862 | ... AE97: =$E97*Q97 -> 0 | AG97: #N/A | AH97: #N/A | AI97: #N/A | AJ97: #N/A | AK97: #N/A | AL97: #N/A | AP97: =AO97*E97 -> 0 | AR97: =AQ97*E97 -> 0 | AT97: =AS97*E97 -> 0 | AV97: =AU97*E97 -> 0 | AX97: =AW97*E97 -> 0 | AZ97: =AY97*E97 -> 0 | BB97: =BA97*E97 -> 0 | BD97: =BC97*E97 -> 0 | BF97: =BE97*E97 -> 0 | BH97: =BG97*E97 -> 0 | BJ97: =BI97*E97 -> 0 | BL97: =BK97*E97 -> 0
A98: 94 | B98: ='[6]NOI TAC 2026'!B100 -> S100314 | C98: =IF(B98="","",HYPERLINK("\\vdm-fsvr\Cokhi-機工\CONG VIEC CHUNG 2026\★2026年度年次目標設定\5.COSTDOWN 2026\5.MỤC TIÊU 2026\COSTDOWN 2026\PDF\"&B98&".pdf","XEM")) -> XEM | D98: ='[6]NOI TAC 2026'!F100 -> 2 | E98: ='[6]NOI TAC 2026'!AL100 -> 89.0419 | I98: 1 | N98: 1 | R98: =SUM(F98:Q98) -> 2 | T98: =$E98*F98 -> 0 | U98: =$E98*G98 -> 0 | V98: =$E98*H98 -> 0 | W98: =$E98*I98 -> 89.0419 | X98: =$E98*J98 -> 0 | Y98: =$E98*K98 -> 0 | Z98: =$E98*L98 -> 0 | AA98: =$E98*M98 -> 0 | ... AE98: =$E98*Q98 -> 0 | AG98: #N/A | AH98: #N/A | AI98: #N/A | AJ98: #N/A | AK98: #N/A | AL98: #N/A | AP98: =AO98*E98 -> 0 | AR98: =AQ98*E98 -> 0 | AT98: =AS98*E98 -> 0 | AV98: =AU98*E98 -> 0 | AX98: =AW98*E98 -> 0 | AZ98: =AY98*E98 -> 0 | BB98: =BA98*E98 -> 0 | BD98: =BC98*E98 -> 0 | BF98: =BE98*E98 -> 0 | BH98: =BG98*E98 -> 0 | BJ98: =BI98*E98 -> 0 | BL98: =BK98*E98 -> 0
A99: 95 | B99: ='[6]NOI TAC 2026'!B101 -> S621125 | C99: =IF(B99="","",HYPERLINK("\\vdm-fsvr\Cokhi-機工\CONG VIEC CHUNG 2026\★2026年度年次目標設定\5.COSTDOWN 2026\5.MỤC TIÊU 2026\COSTDOWN 2026\PDF\"&B99&".pdf","XEM")) -> XEM | D99: ='[6]NOI TAC 2026'!F101 -> 2 | E99: ='[6]NOI TAC 2026'!AL101 -> 57.5177 | J99: 1 | O99: 1 | R99: =SUM(F99:Q99) -> 2 | T99: =$E99*F99 -> 0 | U99: =$E99*G99 -> 0 | V99: =$E99*H99 -> 0 | W99: =$E99*I99 -> 0 | X99: =$E99*J99 -> 57.5177 | Y99: =$E99*K99 -> 0 | Z99: =$E99*L99 -> 0 | AA99: =$E99*M99 -> 0 | ... AE99: =$E99*Q99 -> 0 | AG99: 213602111A | AH99: 37 | AI99: 1 | AJ99: MA | AK99: HT GS ED EW EN GR AF | AL99: 46114 | AM99: T1 | AO99: 1 | AP99: =AO99*E99 -> 57.5177 | AR99: =AQ99*E99 -> 0 | AT99: =AS99*E99 -> 0 | AV99: =AU99*E99 -> 0 | AX99: =AW99*E99 -> 0 | AZ99: =AY99*E99 -> 0 | BB99: =BA99*E99 -> 0 | BD99: =BC99*E99 -> 0 | BF99: =BE99*E99 -> 0 | BH99: =BG99*E99 -> 0 | BJ99: =BI99*E99 -> 0 | BL99: =BK99*E99 -> 0
A100: 96 | B100: ='[6]NOI TAC 2026'!B102 -> S252742 | C100: =IF(B100="","",HYPERLINK("\\vdm-fsvr\Cokhi-機工\CONG VIEC CHUNG 2026\★2026年度年次目標設定\5.COSTDOWN 2026\5.MỤC TIÊU 2026\COSTDOWN 2026\PDF\"&B100&".pdf","XEM")) -> XEM | D100: ='[6]NOI TAC 2026'!F102 -> 2 | E100: ='[6]NOI TAC 2026'!AL102 -> 89.38176 | K100: 1 | P100: 1 | R100: =SUM(F100:Q100) -> 2 | T100: =$E100*F100 -> 0 | U100: =$E100*G100 -> 0 | V100: =$E100*H100 -> 0 | W100: =$E100*I100 -> 0 | X100: =$E100*J100 -> 0 | Y100: =$E100*K100 -> 89.38176 | Z100: =$E100*L100 -> 0 | AA100: =$E100*M100 -> 0 | ... AE100: =$E100*Q100 -> 0 | AG100: #N/A | AH100: #N/A | AI100: #N/A | AJ100: #N/A | AK100: #N/A | AL100: #N/A | AP100: =AO100*E100 -> 0 | AR100: =AQ100*E100 -> 0 | AT100: =AS100*E100 -> 0 | AV100: =AU100*E100 -> 0 | AX100: =AW100*E100 -> 0 | AZ100: =AY100*E100 -> 0 | BB100: =BA100*E100 -> 0 | BD100: =BC100*E100 -> 0 | BF100: =BE100*E100 -> 0 | BH100: =BG100*E100 -> 0 | BJ100: =BI100*E100 -> 0 | BL100: =BK100*E100 -> 0
A101: 97 | B101: ='[6]NOI TAC 2026'!B103 -> S868063 | C101: =IF(B101="","",HYPERLINK("\\vdm-fsvr\Cokhi-機工\CONG VIEC CHUNG 2026\★2026年度年次目標設定\5.COSTDOWN 2026\5.MỤC TIÊU 2026\COSTDOWN 2026\PDF\"&B101&".pdf","XEM")) -> XEM | D101: ='[6]NOI TAC 2026'!F103 -> 2 | E101: ='[6]NOI TAC 2026'!AL103 -> 86.81256 | I101: 1 | N101: 1 | R101: =SUM(F101:Q101) -> 2 | T101: =$E101*F101 -> 0 | U101: =$E101*G101 -> 0 | V101: =$E101*H101 -> 0 | W101: =$E101*I101 -> 86.81256 | X101: =$E101*J101 -> 0 | Y101: =$E101*K101 -> 0 | Z101: =$E101*L101 -> 0 | AA101: =$E101*M101 -> 0 | ... AE101: =$E101*Q101 -> 0 | AG101: #N/A | AH101: #N/A | AI101: #N/A | AJ101: #N/A | AK101: #N/A | AL101: #N/A | AP101: =AO101*E101 -> 0 | AR101: =AQ101*E101 -> 0 | AT101: =AS101*E101 -> 0 | AV101: =AU101*E101 -> 0 | AX101: =AW101*E101 -> 0 | AZ101: =AY101*E101 -> 0 | BB101: =BA101*E101 -> 0 | BD101: =BC101*E101 -> 0 | BF101: =BE101*E101 -> 0 | BH101: =BG101*E101 -> 0 | BJ101: =BI101*E101 -> 0 | BL101: =BK101*E101 -> 0
...

Sheet 2.Nội tác LK thành hình
AN1: Thực tích costdown từng tháng
A2: KẾ HOẠCH GIA CÔNG | S2: Mục tiêu CostDown từng tháng | AF2: KỲ HẠN GIA CÔNG | AN2: 1月 | AP2: 2月 | AR2: 3月 | AT2: 4月 | AV2: 5月 | AX2: 6月 | AZ2: 7月 | BB2: 8月 | BD2: 9月 | BF2: 10月 | BH2: 11月 | BJ2: 12月
A3: No | B3: S,R no | C3: File PDF | D3: T1 | E3: T2 | F3: T3 | G3: T4 | H3: T5 | I3: T6 | J3: T7 | K3: T8 | L3: T9 | M3: T10 | N3: T11 | O3: T12 | P3: TỔNG | Q3: Đơn giá | S3: T1 | T3: T2 | U3: T3 | V3: T4 | W3: T5 | X3: T6 | Y3: T7 | Z3: T8 | AA3: T9 | AB3: T10 | AC3: T11 | AD3: T12 | AF3: SYC | AG3: REP | AH3: SL | AI3: CĐ-HT | AJ3: CĐ-TT | AK3: KH | AL3: CHÚ Ý | AN3: SL | AO3: CD | AP3: SL | AQ3: CD | AR3: SL | AS3: CD | AT3: SL | AU3: CD | AV3: SL | AW3: CD | AX3: SL | AY3: CD | AZ3: SL | BA3: CD | BB3: SL | BC3: CD | BD3: SL | BE3: CD | BF3: SL | BG3: CD | BH3: SL | BI3: CD | BJ3: SL | BK3: CD
A4: 1 | B4: ='[7]LIST S.NO'!C7 -> R067135 | C4: =IF(B4="","",HYPERLINK("\\vdm-fsvr\Cokhi-機工\CONG VIEC CHUNG 2026\★2026年度年次目標設定\5.COSTDOWN 2026\5.MỤC TIÊU 2026\COSTDOWN 2026\PDF\"&B4&".pdf","XEM")) -> XEM | F4: 1 | L4: 1 | P4: =SUM(D4:O4) -> 2 | Q4: ='[7]LIST S.NO'!AM7 -> 1112.0412 | S4: =$Q4*D4 -> 0 | T4: =$Q4*E4 -> 0 | U4: =$Q4*F4 -> 1112.0412 | V4: =$Q4*G4 -> 0 | W4: =$Q4*H4 -> 0 | X4: =$Q4*I4 -> 0 | Y4: =$Q4*J4 -> 0 | Z4: =$Q4*K4 -> 0 | ... AD4: =$Q4*O4 -> 0 | AF4: 2136038309 | AG4: 9 | AH4: 1 | AI4: GR | AJ4: GS ED EW GR2 GS2 EN GS3 GP AF | AK4: 46135 | AO4: =AN4*Q4 -> 0 | AQ4: =AP4*Q4 -> 0 | AS4: =AR4*Q4 -> 0 | AU4: =AT4*Q4 -> 0 | AW4: =AV4*Q4 -> 0 | AY4: =AX4*Q4 -> 0 | BA4: =AZ4*Q4 -> 0 | BC4: =BB4*Q4 -> 0 | BE4: =BD4*Q4 -> 0 | BG4: =BF4*Q4 -> 0 | BI4: =BH4*Q4 -> 0 | BK4: =BJ4*Q4 -> 0
A5: 2 | B5: ='[7]LIST S.NO'!C8 -> R062763 | C5: =IF(B5="","",HYPERLINK("\\vdm-fsvr\Cokhi-機工\CONG VIEC CHUNG 2026\★2026年度年次目標設定\5.COSTDOWN 2026\5.MỤC TIÊU 2026\COSTDOWN 2026\PDF\"&B5&".pdf","XEM")) -> XEM | E5: 1 | K5: 1 | P5: =SUM(D5:O5) -> 2 | Q5: ='[7]LIST S.NO'!AM8 -> 1291.8607 | S5: =$Q5*D5 -> 0 | T5: =$Q5*E5 -> 1291.8607 | U5: =$Q5*F5 -> 0 | V5: =$Q5*G5 -> 0 | W5: =$Q5*H5 -> 0 | X5: =$Q5*I5 -> 0 | Y5: =$Q5*J5 -> 0 | Z5: =$Q5*K5 -> 1291.8607 | ... AD5: =$Q5*O5 -> 0 | AF5: 2136038310 | AG5: 10 | AH5: 1 | AI5: BJ | AJ5: HT GR GS ED EW GR2 GS2 EN GP | AK5: 46136 | AO5: =AN5*Q5 -> 0 | AQ5: =AP5*Q5 -> 0 | AS5: =AR5*Q5 -> 0 | AU5: =AT5*Q5 -> 0 | AW5: =AV5*Q5 -> 0 | AY5: =AX5*Q5 -> 0 | BA5: =AZ5*Q5 -> 0 | BC5: =BB5*Q5 -> 0 | BE5: =BD5*Q5 -> 0 | BG5: =BF5*Q5 -> 0 | BI5: =BH5*Q5 -> 0 | BK5: =BJ5*Q5 -> 0
A6: 3 | B6: ='[7]LIST S.NO'!C9 -> S031476 | C6: =IF(B6="","",HYPERLINK("\\vdm-fsvr\Cokhi-機工\CONG VIEC CHUNG 2026\★2026年度年次目標設定\5.COSTDOWN 2026\5.MỤC TIÊU 2026\COSTDOWN 2026\PDF\"&B6&".pdf","XEM")) -> XEM | D6: 1 | J6: 1 | P6: =SUM(D6:O6) -> 2 | Q6: ='[7]LIST S.NO'!AM9 -> 1040.0568 | S6: =$Q6*D6 -> 1040.0568 | T6: =$Q6*E6 -> 0 | U6: =$Q6*F6 -> 0 | V6: =$Q6*G6 -> 0 | W6: =$Q6*H6 -> 0 | X6: =$Q6*I6 -> 0 | Y6: =$Q6*J6 -> 1040.0568 | Z6: =$Q6*K6 -> 0 | ... AD6: =$Q6*O6 -> 0 | AF6: #N/A | AG6: #N/A | AH6: #N/A | AI6: #N/A | AJ6: #N/A | AK6: #N/A | AO6: =AN6*Q6 -> 0 | AQ6: =AP6*Q6 -> 0 | AS6: =AR6*Q6 -> 0 | AU6: =AT6*Q6 -> 0 | AW6: =AV6*Q6 -> 0 | AY6: =AX6*Q6 -> 0 | BA6: =AZ6*Q6 -> 0 | BC6: =BB6*Q6 -> 0 | BE6: =BD6*Q6 -> 0 | BG6: =BF6*Q6 -> 0 | BI6: =BH6*Q6 -> 0 | BK6: =BJ6*Q6 -> 0
A7: 4 | B7: ='[7]LIST S.NO'!C10 -> S899529 | C7: =IF(B7="","",HYPERLINK("\\vdm-fsvr\Cokhi-機工\CONG VIEC CHUNG 2026\★2026年度年次目標設定\5.COSTDOWN 2026\5.MỤC TIÊU 2026\COSTDOWN 2026\PDF\"&B7&".pdf","XEM")) -> XEM | G7: 1 | M7: 1 | P7: =SUM(D7:O7) -> 2 | Q7: ='[7]LIST S.NO'!AM10 -> 1079.1915 | S7: =$Q7*D7 -> 0 | T7: =$Q7*E7 -> 0 | U7: =$Q7*F7 -> 0 | V7: =$Q7*G7 -> 1079.1915 | W7: =$Q7*H7 -> 0 | X7: =$Q7*I7 -> 0 | Y7: =$Q7*J7 -> 0 | Z7: =$Q7*K7 -> 0 | ... AD7: =$Q7*O7 -> 0 | AF7: 213512225A | AG7: 48 | AH7: 1 | AI7: OK | AK7: 2026/06/02 | AL7: T4 | AO7: =AN7*Q7 -> 0 | AQ7: =AP7*Q7 -> 0 | AR7: 1 | AS7: =AR7*Q7 -> 1079.1915 | AU7: =AT7*Q7 -> 0 | AW7: =AV7*Q7 -> 0 | AY7: =AX7*Q7 -> 0 | BA7: =AZ7*Q7 -> 0 | BC7: =BB7*Q7 -> 0 | BE7: =BD7*Q7 -> 0 | BG7: =BF7*Q7 -> 0 | BI7: =BH7*Q7 -> 0 | BK7: =BJ7*Q7 -> 0
A8: 5 | B8: ='[7]LIST S.NO'!C11 -> S742878 | C8: =IF(B8="","",HYPERLINK("\\vdm-fsvr\Cokhi-機工\CONG VIEC CHUNG 2026\★2026年度年次目標設定\5.COSTDOWN 2026\5.MỤC TIÊU 2026\COSTDOWN 2026\PDF\"&B8&".pdf","XEM")) -> XEM | F8: 1 | L8: 1 | P8: =SUM(D8:O8) -> 2 | Q8: ='[7]LIST S.NO'!AM11 -> 639.56459 | S8: =$Q8*D8 -> 0 | T8: =$Q8*E8 -> 0 | U8: =$Q8*F8 -> 639.56459 | V8: =$Q8*G8 -> 0 | W8: =$Q8*H8 -> 0 | X8: =$Q8*I8 -> 0 | Y8: =$Q8*J8 -> 0 | Z8: =$Q8*K8 -> 0 | ... AD8: =$Q8*O8 -> 0 | AF8: 2136038311 | AG8: 11 | AH8: 1 | AI8: BJ | AJ8: HT GR GS GJ EN AF | AK8: 46115 | AO8: =AN8*Q8 -> 0 | AQ8: =AP8*Q8 -> 0 | AS8: =AR8*Q8 -> 0 | AU8: =AT8*Q8 -> 0 | AW8: =AV8*Q8 -> 0 | AY8: =AX8*Q8 -> 0 | BA8: =AZ8*Q8 -> 0 | BC8: =BB8*Q8 -> 0 | BE8: =BD8*Q8 -> 0 | BG8: =BF8*Q8 -> 0 | BI8: =BH8*Q8 -> 0 | BK8: =BJ8*Q8 -> 0
A9: 6 | B9: ='[7]LIST S.NO'!C12 -> S899525 | C9: =IF(B9="","",HYPERLINK("\\vdm-fsvr\Cokhi-機工\CONG VIEC CHUNG 2026\★2026年度年次目標設定\5.COSTDOWN 2026\5.MỤC TIÊU 2026\COSTDOWN 2026\PDF\"&B9&".pdf","XEM")) -> XEM | H9: 1 | N9: 1 | P9: =SUM(D9:O9) -> 2 | Q9: ='[7]LIST S.NO'!AM12 -> 847.60756 | S9: =$Q9*D9 -> 0 | T9: =$Q9*E9 -> 0 | U9: =$Q9*F9 -> 0 | V9: =$Q9*G9 -> 0 | W9: =$Q9*H9 -> 847.60756 | X9: =$Q9*I9 -> 0 | Y9: =$Q9*J9 -> 0 | Z9: =$Q9*K9 -> 0 | ... AD9: =$Q9*O9 -> 0 | AF9: #N/A | AG9: #N/A | AH9: #N/A | AI9: #N/A | AJ9: #N/A | AK9: #N/A | AO9: =AN9*Q9 -> 0 | AQ9: =AP9*Q9 -> 0 | AS9: =AR9*Q9 -> 0 | AU9: =AT9*Q9 -> 0 | AW9: =AV9*Q9 -> 0 | AY9: =AX9*Q9 -> 0 | BA9: =AZ9*Q9 -> 0 | BC9: =BB9*Q9 -> 0 | BE9: =BD9*Q9 -> 0 | BG9: =BF9*Q9 -> 0 | BI9: =BH9*Q9 -> 0 | BK9: =BJ9*Q9 -> 0
A10: 7 | B10: ='[7]LIST S.NO'!C13 -> S202159 | C10: =IF(B10="","",HYPERLINK("\\vdm-fsvr\Cokhi-機工\CONG VIEC CHUNG 2026\★2026年度年次目標設定\5.COSTDOWN 2026\5.MỤC TIÊU 2026\COSTDOWN 2026\PDF\"&B10&".pdf","XEM")) -> XEM | I10: 1 | O10: 1 | P10: =SUM(D10:O10) -> 2 | Q10: ='[7]LIST S.NO'!AM13 -> 201.93641 | S10: =$Q10*D10 -> 0 | T10: =$Q10*E10 -> 0 | U10: =$Q10*F10 -> 0 | V10: =$Q10*G10 -> 0 | W10: =$Q10*H10 -> 0 | X10: =$Q10*I10 -> 201.93641 | Y10: =$Q10*J10 -> 0 | Z10: =$Q10*K10 -> 0 | ... AD10: =$Q10*O10 -> 201.93641 | AF10: 213509054A | AG10: 30 | AH10: 1 | AI10: OK | AK10: 2026/03/09 | AL10: T4 | AO10: =AN10*Q10 -> 0 | AQ10: =AP10*Q10 -> 0 | AR10: 1 | AS10: =AR10*Q10 -> 201.93641 | AU10: =AT10*Q10 -> 0 | AW10: =AV10*Q10 -> 0 | AY10: =AX10*Q10 -> 0 | BA10: =AZ10*Q10 -> 0 | BC10: =BB10*Q10 -> 0 | BE10: =BD10*Q10 -> 0 | BG10: =BF10*Q10 -> 0 | BI10: =BH10*Q10 -> 0 | BK10: =BJ10*Q10 -> 0
A11: 8 | B11: ='[7]LIST S.NO'!C14 -> R485016 | C11: =IF(B11="","",HYPERLINK("\\vdm-fsvr\Cokhi-機工\CONG VIEC CHUNG 2026\★2026年度年次目標設定\5.COSTDOWN 2026\5.MỤC TIÊU 2026\COSTDOWN 2026\PDF\"&B11&".pdf","XEM")) -> XEM | D11: 1 | K11: 1 | P11: =SUM(D11:O11) -> 2 | Q11: ='[7]LIST S.NO'!AM14 -> 411.30382 | S11: =$Q11*D11 -> 411.30382 | T11: =$Q11*E11 -> 0 | U11: =$Q11*F11 -> 0 | V11: =$Q11*G11 -> 0 | W11: =$Q11*H11 -> 0 | X11: =$Q11*I11 -> 0 | Y11: =$Q11*J11 -> 0 | Z11: =$Q11*K11 -> 411.30382 | ... AD11: =$Q11*O11 -> 0 | AF11: #N/A | AG11: #N/A | AH11: #N/A | AI11: #N/A | AJ11: #N/A | AK11: #N/A | AO11: =AN11*Q11 -> 0 | AQ11: =AP11*Q11 -> 0 | AS11: =AR11*Q11 -> 0 | AU11: =AT11*Q11 -> 0 | AW11: =AV11*Q11 -> 0 | AY11: =AX11*Q11 -> 0 | BA11: =AZ11*Q11 -> 0 | BC11: =BB11*Q11 -> 0 | BE11: =BD11*Q11 -> 0 | BG11: =BF11*Q11 -> 0 | BI11: =BH11*Q11 -> 0 | BK11: =BJ11*Q11 -> 0
A12: 9 | B12: ='[7]LIST S.NO'!C15 -> R485011 | C12: =IF(B12="","",HYPERLINK("\\vdm-fsvr\Cokhi-機工\CONG VIEC CHUNG 2026\★2026年度年次目標設定\5.COSTDOWN 2026\5.MỤC TIÊU 2026\COSTDOWN 2026\PDF\"&B12&".pdf","XEM")) -> XEM | E12: 1 | J12: 1 | P12: =SUM(D12:O12) -> 2 | Q12: ='[7]LIST S.NO'!AM15 -> 62.352179 | S12: =$Q12*D12 -> 0 | T12: =$Q12*E12 -> 62.352179 | U12: =$Q12*F12 -> 0 | V12: =$Q12*G12 -> 0 | W12: =$Q12*H12 -> 0 | X12: =$Q12*I12 -> 0 | Y12: =$Q12*J12 -> 62.352179 | Z12: =$Q12*K12 -> 0 | ... AD12: =$Q12*O12 -> 0 | AF12: #N/A | AG12: #N/A | AH12: #N/A | AI12: #N/A | AJ12: #N/A | AK12: #N/A | AO12: =AN12*Q12 -> 0 | AQ12: =AP12*Q12 -> 0 | AS12: =AR12*Q12 -> 0 | AU12: =AT12*Q12 -> 0 | AW12: =AV12*Q12 -> 0 | AY12: =AX12*Q12 -> 0 | BA12: =AZ12*Q12 -> 0 | BC12: =BB12*Q12 -> 0 | BE12: =BD12*Q12 -> 0 | BG12: =BF12*Q12 -> 0 | BI12: =BH12*Q12 -> 0 | BK12: =BJ12*Q12 -> 0
A13: 10 | B13: ='[7]LIST S.NO'!C16 -> R059797 | C13: =IF(B13="","",HYPERLINK("\\vdm-fsvr\Cokhi-機工\CONG VIEC CHUNG 2026\★2026年度年次目標設定\5.COSTDOWN 2026\5.MỤC TIÊU 2026\COSTDOWN 2026\PDF\"&B13&".pdf","XEM")) -> XEM | J13: 1 | L13: 1 | P13: =SUM(D13:O13) -> 2 | Q13: ='[7]LIST S.NO'!AM16 -> 348.68872 | S13: =$Q13*D13 -> 0 | T13: =$Q13*E13 -> 0 | U13: =$Q13*F13 -> 0 | V13: =$Q13*G13 -> 0 | W13: =$Q13*H13 -> 0 | X13: =$Q13*I13 -> 0 | Y13: =$Q13*J13 -> 348.68872 | Z13: =$Q13*K13 -> 0 | ... AD13: =$Q13*O13 -> 0 | AF13: 213510091A | AG13: 6 | AH13: 1 | AI13: OK | AK13: 2026/01/23 | AL13: T1 | AN13: 1 | AO13: =AN13*Q13 -> 348.68872 | AQ13: =AP13*Q13 -> 0 | AS13: =AR13*Q13 -> 0 | AU13: =AT13*Q13 -> 0 | AW13: =AV13*Q13 -> 0 | AY13: =AX13*Q13 -> 0 | BA13: =AZ13*Q13 -> 0 | BC13: =BB13*Q13 -> 0 | BE13: =BD13*Q13 -> 0 | BG13: =BF13*Q13 -> 0 | BI13: =BH13*Q13 -> 0 | BK13: =BJ13*Q13 -> 0
A14: 11 | B14: ='[7]LIST S.NO'!C17 -> R067136 | C14: =IF(B14="","",HYPERLINK("\\vdm-fsvr\Cokhi-機工\CONG VIEC CHUNG 2026\★2026年度年次目標設定\5.COSTDOWN 2026\5.MỤC TIÊU 2026\COSTDOWN 2026\PDF\"&B14&".pdf","XEM")) -> XEM | F14: 1 | L14: 1 | P14: =SUM(D14:O14) -> 2 | Q14: ='[7]LIST S.NO'!AM17 -> 462.11179 | S14: =$Q14*D14 -> 0 | T14: =$Q14*E14 -> 0 | U14: =$Q14*F14 -> 462.11179 | V14: =$Q14*G14 -> 0 | W14: =$Q14*H14 -> 0 | X14: =$Q14*I14 -> 0 | Y14: =$Q14*J14 -> 0 | Z14: =$Q14*K14 -> 0 | ... AD14: =$Q14*O14 -> 0 | AF14: 213510092A | AG14: 7 | AH14: 1 | AI14: OK | AK14: 2026/01/20 | AL14: T1 | AN14: 1 | AO14: =AN14*Q14 -> 462.11179 | AQ14: =AP14*Q14 -> 0 | AS14: =AR14*Q14 -> 0 | AU14: =AT14*Q14 -> 0 | AW14: =AV14*Q14 -> 0 | AY14: =AX14*Q14 -> 0 | BA14: =AZ14*Q14 -> 0 | BC14: =BB14*Q14 -> 0 | BE14: =BD14*Q14 -> 0 | BG14: =BF14*Q14 -> 0 | BI14: =BH14*Q14 -> 0 | BK14: =BJ14*Q14 -> 0
A15: 12 | B15: ='[7]LIST S.NO'!C18 -> R067143 | C15: =IF(B15="","",HYPERLINK("\\vdm-fsvr\Cokhi-機工\CONG VIEC CHUNG 2026\★2026年度年次目標設定\5.COSTDOWN 2026\5.MỤC TIÊU 2026\COSTDOWN 2026\PDF\"&B15&".pdf","XEM")) -> XEM | G15: 1 | N15: 1 | P15: =SUM(D15:O15) -> 2 | Q15: ='[7]LIST S.NO'!AM18 -> 123.58064 | S15: =$Q15*D15 -> 0 | T15: =$Q15*E15 -> 0 | U15: =$Q15*F15 -> 0 | V15: =$Q15*G15 -> 123.58064 | W15: =$Q15*H15 -> 0 | X15: =$Q15*I15 -> 0 | Y15: =$Q15*J15 -> 0 | Z15: =$Q15*K15 -> 0 | ... AD15: =$Q15*O15 -> 0 | AF15: 213510093A | AG15: 8 | AH15: 1 | AI15: OK | AK15: 2026/02/27 | AL15: T4 | AO15: =AN15*Q15 -> 0 | AQ15: =AP15*Q15 -> 0 | AR15: 1 | AS15: =AR15*Q15 -> 123.58064 | AU15: =AT15*Q15 -> 0 | AW15: =AV15*Q15 -> 0 | AY15: =AX15*Q15 -> 0 | BA15: =AZ15*Q15 -> 0 | BC15: =BB15*Q15 -> 0 | BE15: =BD15*Q15 -> 0 | BG15: =BF15*Q15 -> 0 | BI15: =BH15*Q15 -> 0 | BK15: =BJ15*Q15 -> 0
A16: 13 | B16: ='[7]LIST S.NO'!C19 -> R062773 | C16: =IF(B16="","",HYPERLINK("\\vdm-fsvr\Cokhi-機工\CONG VIEC CHUNG 2026\★2026年度年次目標設定\5.COSTDOWN 2026\5.MỤC TIÊU 2026\COSTDOWN 2026\PDF\"&B16&".pdf","XEM")) -> XEM | I16: 1 | M16: 1 | P16: =SUM(D16:O16) -> 2 | Q16: ='[7]LIST S.NO'!AM19 -> 127.12987 | S16: =$Q16*D16 -> 0 | T16: =$Q16*E16 -> 0 | U16: =$Q16*F16 -> 0 | V16: =$Q16*G16 -> 0 | W16: =$Q16*H16 -> 0 | X16: =$Q16*I16 -> 127.12987 | Y16: =$Q16*J16 -> 0 | Z16: =$Q16*K16 -> 0 | ... AD16: =$Q16*O16 -> 0 | AF16: 213506240A | AG16: 3 | AH16: 3 | AI16: OK | AK16: 2026/02/23 | AL16: T2+t4 | AO16: =AN16*Q16 -> 0 | AP16: 2 | AQ16: =AP16*Q16 -> 254.25974 | AR16: 3 | AS16: =AR16*Q16 -> 381.38962 | AU16: =AT16*Q16 -> 0 | AW16: =AV16*Q16 -> 0 | AY16: =AX16*Q16 -> 0 | BA16: =AZ16*Q16 -> 0 | BC16: =BB16*Q16 -> 0 | BE16: =BD16*Q16 -> 0 | BG16: =BF16*Q16 -> 0 | BI16: =BH16*Q16 -> 0 | BK16: =BJ16*Q16 -> 0
A17: 14 | B17: ='[7]LIST S.NO'!C20 -> R070100 | C17: =IF(B17="","",HYPERLINK("\\vdm-fsvr\Cokhi-機工\CONG VIEC CHUNG 2026\★2026年度年次目標設定\5.COSTDOWN 2026\5.MỤC TIÊU 2026\COSTDOWN 2026\PDF\"&B17&".pdf","XEM")) -> XEM | D17: 1 | K17: 1 | P17: =SUM(D17:O17) -> 2 | Q17: ='[7]LIST S.NO'!AM20 -> 513.20382 | S17: =$Q17*D17 -> 513.20382 | T17: =$Q17*E17 -> 0 | U17: =$Q17*F17 -> 0 | V17: =$Q17*G17 -> 0 | W17: =$Q17*H17 -> 0 | X17: =$Q17*I17 -> 0 | Y17: =$Q17*J17 -> 0 | Z17: =$Q17*K17 -> 513.20382 | ... AD17: =$Q17*O17 -> 0 | AF17: #N/A | AG17: #N/A | AH17: #N/A | AI17: #N/A | AJ17: #N/A | AK17: #N/A | AO17: =AN17*Q17 -> 0 | AQ17: =AP17*Q17 -> 0 | AS17: =AR17*Q17 -> 0 | AU17: =AT17*Q17 -> 0 | AW17: =AV17*Q17 -> 0 | AY17: =AX17*Q17 -> 0 | BA17: =AZ17*Q17 -> 0 | BC17: =BB17*Q17 -> 0 | BE17: =BD17*Q17 -> 0 | BG17: =BF17*Q17 -> 0 | BI17: =BH17*Q17 -> 0 | BK17: =BJ17*Q17 -> 0
A18: 15 | B18: ='[7]LIST S.NO'!C21 -> R175058 | C18: =IF(B18="","",HYPERLINK("\\vdm-fsvr\Cokhi-機工\CONG VIEC CHUNG 2026\★2026年度年次目標設定\5.COSTDOWN 2026\5.MỤC TIÊU 2026\COSTDOWN 2026\PDF\"&B18&".pdf","XEM")) -> XEM | I18: 1 | O18: 1 | P18: =SUM(D18:O18) -> 2 | Q18: ='[7]LIST S.NO'!AM21 -> 2534.7908 | S18: =$Q18*D18 -> 0 | T18: =$Q18*E18 -> 0 | U18: =$Q18*F18 -> 0 | V18: =$Q18*G18 -> 0 | W18: =$Q18*H18 -> 0 | X18: =$Q18*I18 -> 2534.7908 | Y18: =$Q18*J18 -> 0 | Z18: =$Q18*K18 -> 0 | ... AD18: =$Q18*O18 -> 2534.7908 | AF18: 213512302A | AG18: 17 | AH18: 4 | AI18: AA | AJ18: MA BJ HT GS ED EW GS2 EN GS3 | AK18: 2026/03/25 | AL18: T1+T3 | AN18: 1 | AO18: =AN18*Q18 -> 2534.7908 | AQ18: =AP18*Q18 -> 0 | AR18: 1 | AS18: =AR18*Q18 -> 2534.7908 | AU18: =AT18*Q18 -> 0 | AW18: =AV18*Q18 -> 0 | AY18: =AX18*Q18 -> 0 | BA18: =AZ18*Q18 -> 0 | BC18: =BB18*Q18 -> 0 | BE18: =BD18*Q18 -> 0 | BG18: =BF18*Q18 -> 0 | BI18: =BH18*Q18 -> 0 | BK18: =BJ18*Q18 -> 0
A19: 16 | B19: ='[7]LIST S.NO'!C22 -> R021024 | C19: =IF(B19="","",HYPERLINK("\\vdm-fsvr\Cokhi-機工\CONG VIEC CHUNG 2026\★2026年度年次目標設定\5.COSTDOWN 2026\5.MỤC TIÊU 2026\COSTDOWN 2026\PDF\"&B19&".pdf","XEM")) -> XEM | E19: 1 | J19: 1 | P19: =SUM(D19:O19) -> 2 | Q19: ='[7]LIST S.NO'!AM22 -> 1432.803 | S19: =$Q19*D19 -> 0 | T19: =$Q19*E19 -> 1432.803 | U19: =$Q19*F19 -> 0 | V19: =$Q19*G19 -> 0 | W19: =$Q19*H19 -> 0 | X19: =$Q19*I19 -> 0 | Y19: =$Q19*J19 -> 1432.803 | Z19: =$Q19*K19 -> 0 | ... AD19: =$Q19*O19 -> 0 | AF19: #N/A | AG19: #N/A | AH19: #N/A | AI19: #N/A | AJ19: #N/A | AK19: #N/A | AO19: =AN19*Q19 -> 0 | AQ19: =AP19*Q19 -> 0 | AS19: =AR19*Q19 -> 0 | AU19: =AT19*Q19 -> 0 | AW19: =AV19*Q19 -> 0 | AY19: =AX19*Q19 -> 0 | BA19: =AZ19*Q19 -> 0 | BC19: =BB19*Q19 -> 0 | BE19: =BD19*Q19 -> 0 | BG19: =BF19*Q19 -> 0 | BI19: =BH19*Q19 -> 0 | BK19: =BJ19*Q19 -> 0
A20: 17 | B20: ='[7]LIST S.NO'!C23 -> R307558 | C20: =IF(B20="","",HYPERLINK("\\vdm-fsvr\Cokhi-機工\CONG VIEC CHUNG 2026\★2026年度年次目標設定\5.COSTDOWN 2026\5.MỤC TIÊU 2026\COSTDOWN 2026\PDF\"&B20&".pdf","XEM")) -> XEM | G20: 1 | L20: 1 | P20: =SUM(D20:O20) -> 2 | Q20: ='[7]LIST S.NO'!AM23 -> 310.2411 | S20: =$Q20*D20 -> 0 | T20: =$Q20*E20 -> 0 | U20: =$Q20*F20 -> 0 | V20: =$Q20*G20 -> 310.2411 | W20: =$Q20*H20 -> 0 | X20: =$Q20*I20 -> 0 | Y20: =$Q20*J20 -> 0 | Z20: =$Q20*K20 -> 0 | ... AD20: =$Q20*O20 -> 0 | AF20: 213601060A | AG20: 17 | AH20: 1 | AI20: ED | AJ20: EW,GS2,EN,GS2 | AK20: 2026/03/25 | AO20: =AN20*Q20 -> 0 | AQ20: =AP20*Q20 -> 0 | AS20: =AR20*Q20 -> 0 | AU20: =AT20*Q20 -> 0 | AW20: =AV20*Q20 -> 0 | AY20: =AX20*Q20 -> 0 | BA20: =AZ20*Q20 -> 0 | BC20: =BB20*Q20 -> 0 | BE20: =BD20*Q20 -> 0 | BG20: =BF20*Q20 -> 0 | BI20: =BH20*Q20 -> 0 | BK20: =BJ20*Q20 -> 0
A21: 18 | B21: ='[7]LIST S.NO'!C24 -> R324592 | C21: =IF(B21="","",HYPERLINK("\\vdm-fsvr\Cokhi-機工\CONG VIEC CHUNG 2026\★2026年度年次目標設定\5.COSTDOWN 2026\5.MỤC TIÊU 2026\COSTDOWN 2026\PDF\"&B21&".pdf","XEM")) -> XEM | F21: 1 | N21: 1 | P21: =SUM(D21:O21) -> 2 | Q21: ='[7]LIST S.NO'!AM24 -> 1274.8223 | S21: =$Q21*D21 -> 0 | T21: =$Q21*E21 -> 0 | U21: =$Q21*F21 -> 1274.8223 | V21: =$Q21*G21 -> 0 | W21: =$Q21*H21 -> 0 | X21: =$Q21*I21 -> 0 | Y21: =$Q21*J21 -> 0 | Z21: =$Q21*K21 -> 0 | ... AD21: =$Q21*O21 -> 0 | AF21: #N/A | AG21: #N/A | AH21: #N/A | AI21: #N/A | AJ21: #N/A | AK21: #N/A | AO21: =AN21*Q21 -> 0 | AQ21: =AP21*Q21 -> 0 | AS21: =AR21*Q21 -> 0 | AU21: =AT21*Q21 -> 0 | AW21: =AV21*Q21 -> 0 | AY21: =AX21*Q21 -> 0 | BA21: =AZ21*Q21 -> 0 | BC21: =BB21*Q21 -> 0 | BE21: =BD21*Q21 -> 0 | BG21: =BF21*Q21 -> 0 | BI21: =BH21*Q21 -> 0 | BK21: =BJ21*Q21 -> 0
A22: 19 | B22: ='[7]LIST S.NO'!C25 -> R070109 | C22: =IF(B22="","",HYPERLINK("\\vdm-fsvr\Cokhi-機工\CONG VIEC CHUNG 2026\★2026年度年次目標設定\5.COSTDOWN 2026\5.MỤC TIÊU 2026\COSTDOWN 2026\PDF\"&B22&".pdf","XEM")) -> XEM | G22: 1 | K22: 1 | P22: =SUM(D22:O22) -> 2 | Q22: ='[7]LIST S.NO'!AM25 -> 364.89077 | S22: =$Q22*D22 -> 0 | T22: =$Q22*E22 -> 0 | U22: =$Q22*F22 -> 0 | V22: =$Q22*G22 -> 364.89077 | W22: =$Q22*H22 -> 0 | X22: =$Q22*I22 -> 0 | Y22: =$Q22*J22 -> 0 | Z22: =$Q22*K22 -> 364.89077 | ... AD22: =$Q22*O22 -> 0 | AF22: #N/A | AG22: #N/A | AH22: #N/A | AI22: #N/A | AJ22: #N/A | AK22: #N/A | AO22: =AN22*Q22 -> 0 | AQ22: =AP22*Q22 -> 0 | AS22: =AR22*Q22 -> 0 | AU22: =AT22*Q22 -> 0 | AW22: =AV22*Q22 -> 0 | AY22: =AX22*Q22 -> 0 | BA22: =AZ22*Q22 -> 0 | BC22: =BB22*Q22 -> 0 | BE22: =BD22*Q22 -> 0 | BG22: =BF22*Q22 -> 0 | BI22: =BH22*Q22 -> 0 | BK22: =BJ22*Q22 -> 0
A23: 20 | B23: ='[7]LIST S.NO'!C26 -> R067554 | C23: =IF(B23="","",HYPERLINK("\\vdm-fsvr\Cokhi-機工\CONG VIEC CHUNG 2026\★2026年度年次目標設定\5.COSTDOWN 2026\5.MỤC TIÊU 2026\COSTDOWN 2026\PDF\"&B23&".pdf","XEM")) -> XEM | F23: 1 | L23: 1 | P23: =SUM(D23:O23) -> 2 | Q23: ='[7]LIST S.NO'!AM26 -> 332.03944 | S23: =$Q23*D23 -> 0 | T23: =$Q23*E23 -> 0 | U23: =$Q23*F23 -> 332.03944 | V23: =$Q23*G23 -> 0 | W23: =$Q23*H23 -> 0 | X23: =$Q23*I23 -> 0 | Y23: =$Q23*J23 -> 0 | Z23: =$Q23*K23 -> 0 | ... AD23: =$Q23*O23 -> 0 | AF23: #N/A | AG23: #N/A | AH23: #N/A | AI23: #N/A | AJ23: #N/A | AK23: #N/A | AO23: =AN23*Q23 -> 0 | AQ23: =AP23*Q23 -> 0 | AS23: =AR23*Q23 -> 0 | AU23: =AT23*Q23 -> 0 | AW23: =AV23*Q23 -> 0 | AY23: =AX23*Q23 -> 0 | BA23: =AZ23*Q23 -> 0 | BC23: =BB23*Q23 -> 0 | BE23: =BD23*Q23 -> 0 | BG23: =BF23*Q23 -> 0 | BI23: =BH23*Q23 -> 0 | BK23: =BJ23*Q23 -> 0
A24: 21 | B24: ='[7]LIST S.NO'!C27 -> S939685 | C24: =IF(B24="","",HYPERLINK("\\vdm-fsvr\Cokhi-機工\CONG VIEC CHUNG 2026\★2026年度年次目標設定\5.COSTDOWN 2026\5.MỤC TIÊU 2026\COSTDOWN 2026\PDF\"&B24&".pdf","XEM")) -> XEM | H24: 1 | N24: 1 | P24: =SUM(D24:O24) -> 2 | Q24: ='[7]LIST S.NO'!AM27 -> 1034.6751 | S24: =$Q24*D24 -> 0 | T24: =$Q24*E24 -> 0 | U24: =$Q24*F24 -> 0 | V24: =$Q24*G24 -> 0 | W24: =$Q24*H24 -> 1034.6751 | X24: =$Q24*I24 -> 0 | Y24: =$Q24*J24 -> 0 | Z24: =$Q24*K24 -> 0 | ... AD24: =$Q24*O24 -> 0 | AF24: 213506259A | AG24: 32 | AH24: 2 | AI24: OK | AK24: 2026/03/03 | AL24: T1 | AN24: 2 | AO24: =AN24*Q24 -> 2069.3503 | AQ24: =AP24*Q24 -> 0 | AS24: =AR24*Q24 -> 0 | AU24: =AT24*Q24 -> 0 | AW24: =AV24*Q24 -> 0 | AY24: =AX24*Q24 -> 0 | BA24: =AZ24*Q24 -> 0 | BC24: =BB24*Q24 -> 0 | BE24: =BD24*Q24 -> 0 | BG24: =BF24*Q24 -> 0 | BI24: =BH24*Q24 -> 0 | BK24: =BJ24*Q24 -> 0
A25: 22 | B25: ='[7]LIST S.NO'!C28 -> R480421 | C25: =IF(B25="","",HYPERLINK("\\vdm-fsvr\Cokhi-機工\CONG VIEC CHUNG 2026\★2026年度年次目標設定\5.COSTDOWN 2026\5.MỤC TIÊU 2026\COSTDOWN 2026\PDF\"&B25&".pdf","XEM")) -> XEM | D25: 1 | J25: 1 | P25: =SUM(D25:O25) -> 2 | Q25: ='[7]LIST S.NO'!AM28 -> 479.31152 | S25: =$Q25*D25 -> 479.31152 | T25: =$Q25*E25 -> 0 | U25: =$Q25*F25 -> 0 | V25: =$Q25*G25 -> 0 | W25: =$Q25*H25 -> 0 | X25: =$Q25*I25 -> 0 | Y25: =$Q25*J25 -> 479.31152 | Z25: =$Q25*K25 -> 0 | ... AD25: =$Q25*O25 -> 0 | AF25: #N/A | AG25: #N/A | AH25: #N/A | AI25: #N/A | AJ25: #N/A | AK25: #N/A | AO25: =AN25*Q25 -> 0 | AQ25: =AP25*Q25 -> 0 | AS25: =AR25*Q25 -> 0 | AU25: =AT25*Q25 -> 0 | AW25: =AV25*Q25 -> 0 | AY25: =AX25*Q25 -> 0 | BA25: =AZ25*Q25 -> 0 | BC25: =BB25*Q25 -> 0 | BE25: =BD25*Q25 -> 0 | BG25: =BF25*Q25 -> 0 | BI25: =BH25*Q25 -> 0 | BK25: =BJ25*Q25 -> 0
A26: 23 | B26: ='[7]LIST S.NO'!C29 -> R372298 | C26: =IF(B26="","",HYPERLINK("\\vdm-fsvr\Cokhi-機工\CONG VIEC CHUNG 2026\★2026年度年次目標設定\5.COSTDOWN 2026\5.MỤC TIÊU 2026\COSTDOWN 2026\PDF\"&B26&".pdf","XEM")) -> XEM | G26: 1 | M26: 1 | P26: =SUM(D26:O26) -> 2 | Q26: ='[7]LIST S.NO'!AM29 -> 359.31128 | S26: =$Q26*D26 -> 0 | T26: =$Q26*E26 -> 0 | U26: =$Q26*F26 -> 0 | V26: =$Q26*G26 -> 359.31128 | W26: =$Q26*H26 -> 0 | X26: =$Q26*I26 -> 0 | Y26: =$Q26*J26 -> 0 | Z26: =$Q26*K26 -> 0 | ... AD26: =$Q26*O26 -> 0 | AF26: 213504189A | AG26: 19 | AH26: 2 | AI26: OK | AK26: 2026/03/18 | AL26: T2 | AO26: =AN26*Q26 -> 0 | AP26: 2 | AQ26: =AP26*Q26 -> 718.62255 | AS26: =AR26*Q26 -> 0 | AU26: =AT26*Q26 -> 0 | AW26: =AV26*Q26 -> 0 | AY26: =AX26*Q26 -> 0 | BA26: =AZ26*Q26 -> 0 | BC26: =BB26*Q26 -> 0 | BE26: =BD26*Q26 -> 0 | BG26: =BF26*Q26 -> 0 | BI26: =BH26*Q26 -> 0 | BK26: =BJ26*Q26 -> 0
A27: 24 | B27: ='[7]LIST S.NO'!C30 -> R067142 | C27: =IF(B27="","",HYPERLINK("\\vdm-fsvr\Cokhi-機工\CONG VIEC CHUNG 2026\★2026年度年次目標設定\5.COSTDOWN 2026\5.MỤC TIÊU 2026\COSTDOWN 2026\PDF\"&B27&".pdf","XEM")) -> XEM | I27: 1 | O27: 1 | P27: =SUM(D27:O27) -> 2 | Q27: ='[7]LIST S.NO'!AM30 -> 384.2593 | S27: =$Q27*D27 -> 0 | T27: =$Q27*E27 -> 0 | U27: =$Q27*F27 -> 0 | V27: =$Q27*G27 -> 0 | W27: =$Q27*H27 -> 0 | X27: =$Q27*I27 -> 384.2593 | Y27: =$Q27*J27 -> 0 | Z27: =$Q27*K27 -> 0 | ... AD27: =$Q27*O27 -> 384.2593 | AF27: 213502326A | AG27: 5 | AH27: 3 | AI27: OK | AK27: 2026/03/02 | AL27: T4 | AO27: =AN27*Q27 -> 0 | AQ27: =AP27*Q27 -> 0 | AR27: 3 | AS27: =AR27*Q27 -> 1152.7779 | AU27: =AT27*Q27 -> 0 | AW27: =AV27*Q27 -> 0 | AY27: =AX27*Q27 -> 0 | BA27: =AZ27*Q27 -> 0 | BC27: =BB27*Q27 -> 0 | BE27: =BD27*Q27 -> 0 | BG27: =BF27*Q27 -> 0 | BI27: =BH27*Q27 -> 0 | BK27: =BJ27*Q27 -> 0
A28: 25 | B28: ='[7]LIST S.NO'!C31 -> S837815 | C28: =IF(B28="","",HYPERLINK("\\vdm-fsvr\Cokhi-機工\CONG VIEC CHUNG 2026\★2026年度年次目標設定\5.COSTDOWN 2026\5.MỤC TIÊU 2026\COSTDOWN 2026\PDF\"&B28&".pdf","XEM")) -> XEM | H28: 2 | P28: =SUM(D28:O28) -> 2 | Q28: ='[7]LIST S.NO'!AM31 -> 401.82805 | S28: =$Q28*D28 -> 0 | T28: =$Q28*E28 -> 0 | U28: =$Q28*F28 -> 0 | V28: =$Q28*G28 -> 0 | W28: =$Q28*H28 -> 803.6561 | X28: =$Q28*I28 -> 0 | Y28: =$Q28*J28 -> 0 | Z28: =$Q28*K28 -> 0 | ... AD28: =$Q28*O28 -> 0 | AF28: 213512259A | AG28: 32 | AH28: 4 | AI28: OK | AK28: 2026/04/20 | AL28: T2+T4 | AO28: =AN28*Q28 -> 0 | AP28: 2 | AQ28: =AP28*Q28 -> 803.6561 | AR28: 4 | AS28: =AR28*Q28 -> 1607.3122 | AU28: =AT28*Q28 -> 0 | AW28: =AV28*Q28 -> 0 | AY28: =AX28*Q28 -> 0 | BA28: =AZ28*Q28 -> 0 | BC28: =BB28*Q28 -> 0 | BE28: =BD28*Q28 -> 0 | BG28: =BF28*Q28 -> 0 | BI28: =BH28*Q28 -> 0 | BK28: =BJ28*Q28 -> 0
A29: 26 | B29: ='[7]LIST S.NO'!C32 -> R440397 | C29: =IF(B29="","",HYPERLINK("\\vdm-fsvr\Cokhi-機工\CONG VIEC CHUNG 2026\★2026年度年次目標設定\5.COSTDOWN 2026\5.MỤC TIÊU 2026\COSTDOWN 2026\PDF\"&B29&".pdf","XEM")) -> XEM | I29: 1 | M29: 1 | P29: =SUM(D29:O29) -> 2 | Q29: ='[7]LIST S.NO'!AM32 -> 197.42458 | S29: =$Q29*D29 -> 0 | T29: =$Q29*E29 -> 0 | U29: =$Q29*F29 -> 0 | V29: =$Q29*G29 -> 0 | W29: =$Q29*H29 -> 0 | X29: =$Q29*I29 -> 197.42458 | Y29: =$Q29*J29 -> 0 | Z29: =$Q29*K29 -> 0 | ... AD29: =$Q29*O29 -> 0 | AF29: #N/A | AG29: #N/A | AH29: #N/A | AI29: #N/A | AJ29: #N/A | AK29: #N/A | AO29: =AN29*Q29 -> 0 | AQ29: =AP29*Q29 -> 0 | AS29: =AR29*Q29 -> 0 | AU29: =AT29*Q29 -> 0 | AW29: =AV29*Q29 -> 0 | AY29: =AX29*Q29 -> 0 | BA29: =AZ29*Q29 -> 0 | BC29: =BB29*Q29 -> 0 | BE29: =BD29*Q29 -> 0 | BG29: =BF29*Q29 -> 0 | BI29: =BH29*Q29 -> 0 | BK29: =BJ29*Q29 -> 0
A30: 27 | B30: ='[7]LIST S.NO'!C33 -> S844919 | C30: =IF(B30="","",HYPERLINK("\\vdm-fsvr\Cokhi-機工\CONG VIEC CHUNG 2026\★2026年度年次目標設定\5.COSTDOWN 2026\5.MỤC TIÊU 2026\COSTDOWN 2026\PDF\"&B30&".pdf","XEM")) -> XEM | G30: 1 | M30: 1 | P30: =SUM(D30:O30) -> 2 | Q30: ='[7]LIST S.NO'!AM33 -> 450.24074 | S30: =$Q30*D30 -> 0 | T30: =$Q30*E30 -> 0 | U30: =$Q30*F30 -> 0 | V30: =$Q30*G30 -> 450.24074 | W30: =$Q30*H30 -> 0 | X30: =$Q30*I30 -> 0 | Y30: =$Q30*J30 -> 0 | Z30: =$Q30*K30 -> 0 | ... AD30: =$Q30*O30 -> 0 | AF30: #N/A | AG30: #N/A | AH30: #N/A | AI30: #N/A | AJ30: #N/A | AK30: #N/A | AO30: =AN30*Q30 -> 0 | AQ30: =AP30*Q30 -> 0 | AS30: =AR30*Q30 -> 0 | AU30: =AT29*Q29 -> 0 | AW30: =AV30*Q30 -> 0 | AY30: =AX30*Q30 -> 0 | BA30: =AZ30*Q30 -> 0 | BC30: =BB30*Q30 -> 0 | BE30: =BD30*Q30 -> 0 | BG30: =BF30*Q30 -> 0 | BI30: =BH30*Q30 -> 0 | BK30: =BJ30*Q30 -> 0
P31: =SUM(P4:P30) -> 54 | S31: =SUM(S4:S30) -> 2443.876 | T31: =SUM(T4:T30) -> 2787.0159 | U31: =SUM(U4:U30) -> 3820.5793 | V31: =SUM(V4:V30) -> 2687.456 | W31: =SUM(W4:W30) -> 2685.9388 | X31: =SUM(X4:X30) -> 3445.541 | Y31: =SUM(Y4:Y30) -> 3363.2122 | Z31: =SUM(Z4:Z30) -> 2581.2591 | ... AD31: =SUM(AD4:AD30) -> 3120.9865 | AE31: =SUM(S31:AD31) -> 35634.535 | AO31: =SUM(AO4:AO30) -> 5414.9416 | AQ31: =SUM(AQ4:AQ30) -> 1776.5384 | AS31: =SUM(AS4:AS30) -> 7080.9791 | AU31: =SUM(AU4:AU30) -> 0 | AW31: =SUM(AW4:AW30) -> 0 | AY31: =SUM(AY4:AY30) -> 0 | BA31: =SUM(BA4:BA30) -> 0 | BC31: =SUM(BC4:BC30) -> 0 | BE31: =SUM(BE4:BE30) -> 0 | BG31: =SUM(BG4:BG30) -> 0 | BI31: =SUM(BI4:BI30) -> 0 | BK31: =SUM(BK4:BK30) -> 0
S32: =S31*26000/1000000 -> 63.540775 | T32: =T31*26000/1000000 -> 72.462414 | U32: =U31*26000/1000000 -> 99.335062 | V32: =V31*26000/1000000 -> 69.873857 | W32: =W31*26000/1000000 -> 69.834409 | X32: =X31*26000/1000000 -> 89.584065 | Y32: =Y31*26000/1000000 -> 87.443518 | Z32: =Z31*26000/1000000 -> 67.112738 | ... AE32: =AE31*26000/1000000 -> 926.49792 | AO32: =AO31*26000/1000000 -> 140.78848 | AQ32: =AQ31/26 -> 68.3284 | AS32: =AS31/26 -> 272.34535 | AU32: =AU31/26 -> 0 | AW32: =AW31/26 -> 0 | AY32: =AY31/26 -> 0 | BA32: =BA31/26 -> 0 | BC32: =BC31/26 -> 0 | BE32: =BE31/26 -> 0 | BG32: =BG31/26 -> 0 | BI32: =BI31/26 -> 0 | BK32: =BK31/26 -> 0

Sheet 3.Nội tác LK khuôn dập
A2: Stt | B2: S,R no | C2: File PDF | D2: Kế hoạch 2026 (PCS) | E2: Đơn Giá (USD) | F2: Kế hoạch gia công | R2: Tổng | T2: Mục tiêu CostDown từng tháng | AG2: Quản lí tiến độ | AN2: Thực tích costdown từng tháng
F3: 1月 | G3: 2月 | H3: 3月 | I3: 4月 | J3: 5月 | K3: 6月 | L3: 7月 | M3: 8月 | N3: 9月 | O3: 10月 | P3: 11月 | Q3: 12月 | T3: 1月 | U3: 2月 | V3: 3月 | W3: 4月 | X3: 5月 | Y3: 6月 | Z3: 7月 | AA3: 8月 | AB3: 9月 | AC3: 10月 | AD3: 11月 | AE3: 12月 | AG3: Số Y/c | AH3: REP | AI3: Số Pcs | AJ3: CĐ H TẠI | AK3: CĐ TIẾP THEO | AL3: KÌ HẠN | AN3: 1月 | AP3: 2月 | AR3: 3月 | AT3: 4月 | AV3: 5月 | AX3: 6月 | AZ3: 7月 | BB3: 8月 | BD3: 9月 | BF3: 10月 | BH3: 11月 | BJ3: 12月
AM4: CHÚ Ý | AN4: SL | AO4: CD | AP4: SL | AQ4: CD | AR4: SL | AS4: CD | AT4: SL | AU4: CD | AV4: SL | AW4: CD | AX4: SL | AY4: CD | AZ4: SL | BA4: CD | BB4: SL | BC4: CD | BD4: SL | BE4: CD | BF4: SL | BG4: CD | BH4: SL | BI4: CD | BJ4: SL | BK4: CD
A5: 1 | B5: ='[8]Linh Kiện'!D7 -> R171379 | C5: =IF(B5="","",HYPERLINK("\\vdm-fsvr\Cokhi-機工\CONG VIEC CHUNG 2026\★2026年度年次目標設定\5.COSTDOWN 2026\5.MỤC TIÊU 2026\COSTDOWN 2026\PDF\"&B5&".pdf","XEM")) -> XEM | D5: ='[8]Linh Kiện'!E7 -> 1 | E5: ='[8]Linh Kiện'!AK7 -> 72.92 | G5: 1 | R5: =SUM(F5:Q5) -> 1 | T5: =$E5*F5 -> 0 | U5: =$E5*G5 -> 72.92 | V5: =$E5*H5 -> 0 | W5: =$E5*I5 -> 0 | X5: =$E5*J5 -> 0 | Y5: =$E5*K5 -> 0 | Z5: =$E5*L5 -> 0 | AA5: =$E5*M5 -> 0 | ... AE5: =$E5*Q5 -> 0 | AG5: #N/A | AH5: #N/A | AI5: #N/A | AJ5: #N/A | AK5: #N/A | AL5: #N/A | AO5: =AN5*E5 -> 0 | AQ5: =AP5*E5 -> 0 | AS5: =AR5*E5 -> 0 | AU5: =AT5*E5 -> 0 | AW5: =AV5*E5 -> 0 | AY5: =AX5*E5 -> 0 | BA5: =AZ5*E5 -> 0 | BC5: =BB5*E5 -> 0 | BE5: =BD5*E5 -> 0 | BG5: =BF5*E5 -> 0 | BI5: =BH5*E5 -> 0 | BK5: =BJ5*E5 -> 0
A6: 2 | B6: ='[8]Linh Kiện'!D8 -> S792796 | C6: =IF(B6="","",HYPERLINK("\\vdm-fsvr\Cokhi-機工\CONG VIEC CHUNG 2026\★2026年度年次目標設定\5.COSTDOWN 2026\5.MỤC TIÊU 2026\COSTDOWN 2026\PDF\"&B6&".pdf","XEM")) -> XEM | D6: ='[8]Linh Kiện'!E8 -> 1 | E6: ='[8]Linh Kiện'!AK8 -> 424.45908 | H6: 1 | R6: =SUM(F6:Q6) -> 1 | T6: =$E6*F6 -> 0 | U6: =$E6*G6 -> 0 | V6: =$E6*H6 -> 424.45908 | W6: =$E6*I6 -> 0 | X6: =$E6*J6 -> 0 | Y6: =$E6*K6 -> 0 | Z6: =$E6*L6 -> 0 | AA6: =$E6*M6 -> 0 | ... AE6: =$E6*Q6 -> 0 | AG6: #N/A | AH6: #N/A | AI6: #N/A | AJ6: #N/A | AK6: #N/A | AL6: #N/A | AO6: =AN6*E6 -> 0 | AQ6: =AP6*E6 -> 0 | AS6: =AR6*E6 -> 0 | AU6: =AT6*E6 -> 0 | AW6: =AV6*E6 -> 0 | AY6: =AX6*E6 -> 0 | BA6: =AZ6*E6 -> 0 | BC6: =BB6*E6 -> 0 | BE6: =BD6*E6 -> 0 | BG6: =BF6*E6 -> 0 | BI6: =BH6*E6 -> 0 | BK6: =BJ6*E6 -> 0
A7: 3 | B7: ='[8]Linh Kiện'!D9 -> S332383 | C7: =IF(B7="","",HYPERLINK("\\vdm-fsvr\Cokhi-機工\CONG VIEC CHUNG 2026\★2026年度年次目標設定\5.COSTDOWN 2026\5.MỤC TIÊU 2026\COSTDOWN 2026\PDF\"&B7&".pdf","XEM")) -> XEM | D7: ='[8]Linh Kiện'!E9 -> 1 | E7: ='[8]Linh Kiện'!AK9 -> 56.5024 | F7: 1 | R7: =SUM(F7:Q7) -> 1 | T7: =$E7*F7 -> 56.5024 | U7: =$E7*G7 -> 0 | V7: =$E7*H7 -> 0 | W7: =$E7*I7 -> 0 | X7: =$E7*J7 -> 0 | Y7: =$E7*K7 -> 0 | Z7: =$E7*L7 -> 0 | AA7: =$E7*M7 -> 0 | ... AE7: =$E7*Q7 -> 0 | AG7: #N/A | AH7: #N/A | AI7: #N/A | AJ7: #N/A | AK7: #N/A | AL7: #N/A | AO7: =AN7*E7 -> 0 | AQ7: =AP7*E7 -> 0 | AS7: =AR7*E7 -> 0 | AU7: =AT7*E7 -> 0 | AW7: =AV7*E7 -> 0 | AY7: =AX7*E7 -> 0 | BA7: =AZ7*E7 -> 0 | BC7: =BB7*E7 -> 0 | BE7: =BD7*E7 -> 0 | BG7: =BF7*E7 -> 0 | BI7: =BH7*E7 -> 0 | BK7: =BJ7*E7 -> 0
A8: 4 | B8: ='[8]Linh Kiện'!D10 -> S947762 | C8: =IF(B8="","",HYPERLINK("\\vdm-fsvr\Cokhi-機工\CONG VIEC CHUNG 2026\★2026年度年次目標設定\5.COSTDOWN 2026\5.MỤC TIÊU 2026\COSTDOWN 2026\PDF\"&B8&".pdf","XEM")) -> XEM | D8: ='[8]Linh Kiện'!E10 -> 1 | E8: ='[8]Linh Kiện'!AK10 -> 36.8728 | H8: 1 | R8: =SUM(F8:Q8) -> 1 | T8: =$E8*F8 -> 0 | U8: =$E8*G8 -> 0 | V8: =$E8*H8 -> 36.8728 | W8: =$E8*I8 -> 0 | X8: =$E8*J8 -> 0 | Y8: =$E8*K8 -> 0 | Z8: =$E8*L8 -> 0 | AA8: =$E8*M8 -> 0 | ... AE8: =$E8*Q8 -> 0 | AG8: 2136038312 | AH8: 12 | AI8: 1 | AJ8: GR | AK8: GS GP AF LA WG GS2 GC AF2 | AL8: 46118 | AO8: =AN8*E8 -> 0 | AQ8: =AP8*E8 -> 0 | AS8: =AR8*E8 -> 0 | AU8: =AT8*E8 -> 0 | AW8: =AV8*E8 -> 0 | AY8: =AX8*E8 -> 0 | BA8: =AZ8*E8 -> 0 | BC8: =BB8*E8 -> 0 | BE8: =BD8*E8 -> 0 | BG8: =BF8*E8 -> 0 | BI8: =BH8*E8 -> 0 | BK8: =BJ8*E8 -> 0
A9: 5 | B9: ='[8]Linh Kiện'!D11 -> R061779 | C9: =IF(B9="","",HYPERLINK("\\vdm-fsvr\Cokhi-機工\CONG VIEC CHUNG 2026\★2026年度年次目標設定\5.COSTDOWN 2026\5.MỤC TIÊU 2026\COSTDOWN 2026\PDF\"&B9&".pdf","XEM")) -> XEM | D9: ='[8]Linh Kiện'!E11 -> 1 | E9: ='[8]Linh Kiện'!AK11 -> 94.9304 | H9: 1 | R9: =SUM(F9:Q9) -> 1 | T9: =$E9*F9 -> 0 | U9: =$E9*G9 -> 0 | V9: =$E9*H9 -> 94.9304 | W9: =$E9*I9 -> 0 | X9: =$E9*J9 -> 0 | Y9: =$E9*K9 -> 0 | Z9: =$E9*L9 -> 0 | AA9: =$E9*M9 -> 0 | ... AE9: =$E9*Q9 -> 0 | AG9: #N/A | AH9: #N/A | AI9: #N/A | AJ9: #N/A | AK9: #N/A | AL9: #N/A | AO9: =AN9*E9 -> 0 | AQ9: =AP9*E9 -> 0 | AS9: =AR9*E9 -> 0 | AU9: =AT9*E9 -> 0 | AW9: =AV9*E9 -> 0 | AY9: =AX9*E9 -> 0 | BA9: =AZ9*E9 -> 0 | BC9: =BB9*E9 -> 0 | BE9: =BD9*E9 -> 0 | BG9: =BF9*E9 -> 0 | BI9: =BH9*E9 -> 0 | BK9: =BJ9*E9 -> 0
A10: 6 | B10: ='[8]Linh Kiện'!D12 -> S759985 | C10: =IF(B10="","",HYPERLINK("\\vdm-fsvr\Cokhi-機工\CONG VIEC CHUNG 2026\★2026年度年次目標設定\5.COSTDOWN 2026\5.MỤC TIÊU 2026\COSTDOWN 2026\PDF\"&B10&".pdf","XEM")) -> XEM | D10: ='[8]Linh Kiện'!E12 -> 1 | E10: ='[8]Linh Kiện'!AK12 -> 107.2644 | F10: 1 | R10: =SUM(F10:Q10) -> 1 | T10: =$E10*F10 -> 107.2644 | U10: =$E10*G10 -> 0 | V10: =$E10*H10 -> 0 | W10: =$E10*I10 -> 0 | X10: =$E10*J10 -> 0 | Y10: =$E10*K10 -> 0 | Z10: =$E10*L10 -> 0 | AA10: =$E10*M10 -> 0 | ... AE10: =$E10*Q10 -> 0 | AG10: #N/A | AH10: #N/A | AI10: #N/A | AJ10: #N/A | AK10: #N/A | AL10: #N/A | AO10: =AN10*E10 -> 0 | AQ10: =AP10*E10 -> 0 | AS10: =AR10*E10 -> 0 | AU10: =AT10*E10 -> 0 | AW10: =AV10*E10 -> 0 | AY10: =AX10*E10 -> 0 | BA10: =AZ10*E10 -> 0 | BC10: =BB10*E10 -> 0 | BE10: =BD10*E10 -> 0 | BG10: =BF10*E10 -> 0 | BI10: =BH10*E10 -> 0 | BK10: =BJ10*E10 -> 0
A11: 7 | B11: ='[8]Linh Kiện'!D13 -> R061772 | C11: =IF(B11="","",HYPERLINK("\\vdm-fsvr\Cokhi-機工\CONG VIEC CHUNG 2026\★2026年度年次目標設定\5.COSTDOWN 2026\5.MỤC TIÊU 2026\COSTDOWN 2026\PDF\"&B11&".pdf","XEM")) -> XEM | D11: ='[8]Linh Kiện'!E13 -> 1 | E11: ='[8]Linh Kiện'!AK13 -> 146.5436 | H11: 1 | R11: =SUM(F11:Q11) -> 1 | T11: =$E11*F11 -> 0 | U11: =$E11*G11 -> 0 | V11: =$E11*H11 -> 146.5436 | W11: =$E11*I11 -> 0 | X11: =$E11*J11 -> 0 | Y11: =$E11*K11 -> 0 | Z11: =$E11*L11 -> 0 | AA11: =$E11*M11 -> 0 | ... AE11: =$E11*Q11 -> 0 | AG11: #N/A | AH11: #N/A | AI11: #N/A | AJ11: #N/A | AK11: #N/A | AL11: #N/A | AO11: =AN11*E11 -> 0 | AQ11: =AP11*E11 -> 0 | AS11: =AR11*E11 -> 0 | AU11: =AT11*E11 -> 0 | AW11: =AV11*E11 -> 0 | AY11: =AX11*E11 -> 0 | BA11: =AZ11*E11 -> 0 | BC11: =BB11*E11 -> 0 | BE11: =BD11*E11 -> 0 | BG11: =BF11*E11 -> 0 | BI11: =BH11*E11 -> 0 | BK11: =BJ11*E11 -> 0
A12: 8 | B12: ='[8]Linh Kiện'!D14 -> S759979 | C12: =IF(B12="","",HYPERLINK("\\vdm-fsvr\Cokhi-機工\CONG VIEC CHUNG 2026\★2026年度年次目標設定\5.COSTDOWN 2026\5.MỤC TIÊU 2026\COSTDOWN 2026\PDF\"&B12&".pdf","XEM")) -> XEM | D12: ='[8]Linh Kiện'!E14 -> 1 | E12: ='[8]Linh Kiện'!AK14 -> 147.5436 | K12: 1 | R12: =SUM(F12:Q12) -> 1 | T12: =$E12*F12 -> 0 | U12: =$E12*G12 -> 0 | V12: =$E12*H12 -> 0 | W12: =$E12*I12 -> 0 | X12: =$E12*J12 -> 0 | Y12: =$E12*K12 -> 147.5436 | Z12: =$E12*L12 -> 0 | AA12: =$E12*M12 -> 0 | ... AE12: =$E12*Q12 -> 0 | AG12: #N/A | AH12: #N/A | AI12: #N/A | AJ12: #N/A | AK12: #N/A | AL12: #N/A | AO12: =AN12*E12 -> 0 | AQ12: =AP12*E12 -> 0 | AS12: =AR12*E12 -> 0 | AU12: =AT12*E12 -> 0 | AW12: =AV12*E12 -> 0 | AY12: =AX12*E12 -> 0 | BA12: =AZ12*E12 -> 0 | BC12: =BB12*E12 -> 0 | BE12: =BD12*E12 -> 0 | BG12: =BF12*E12 -> 0 | BI12: =BH12*E12 -> 0 | BK12: =BJ12*E12 -> 0
A13: 9 | B13: ='[8]Linh Kiện'!D15 -> S759990 | C13: =IF(B13="","",HYPERLINK("\\vdm-fsvr\Cokhi-機工\CONG VIEC CHUNG 2026\★2026年度年次目標設定\5.COSTDOWN 2026\5.MỤC TIÊU 2026\COSTDOWN 2026\PDF\"&B13&".pdf","XEM")) -> XEM | D13: ='[8]Linh Kiện'!E15 -> 1 | E13: ='[8]Linh Kiện'!AK15 -> 158.292 | F13: 1 | R13: =SUM(F13:Q13) -> 1 | T13: =$E13*F13 -> 158.292 | U13: =$E13*G13 -> 0 | V13: =$E13*H13 -> 0 | W13: =$E13*I13 -> 0 | X13: =$E13*J13 -> 0 | Y13: =$E13*K13 -> 0 | Z13: =$E13*L13 -> 0 | AA13: =$E13*M13 -> 0 | ... AE13: =$E13*Q13 -> 0 | AG13: #N/A | AH13: #N/A | AI13: #N/A | AJ13: #N/A | AK13: #N/A | AL13: #N/A | AO13: =AN13*E13 -> 0 | AQ13: =AP13*E13 -> 0 | AS13: =AR13*E13 -> 0 | AU13: =AT13*E13 -> 0 | AW13: =AV13*E13 -> 0 | AY13: =AX13*E13 -> 0 | BA13: =AZ13*E13 -> 0 | BC13: =BB13*E13 -> 0 | BE13: =BD13*E13 -> 0 | BG13: =BF13*E13 -> 0 | BI13: =BH13*E13 -> 0 | BK13: =BJ13*E13 -> 0
A14: 10 | B14: ='[8]Linh Kiện'!D16 -> R061784 | C14: =IF(B14="","",HYPERLINK("\\vdm-fsvr\Cokhi-機工\CONG VIEC CHUNG 2026\★2026年度年次目標設定\5.COSTDOWN 2026\5.MỤC TIÊU 2026\COSTDOWN 2026\PDF\"&B14&".pdf","XEM")) -> XEM | D14: ='[8]Linh Kiện'!E16 -> 1 | E14: ='[8]Linh Kiện'!AK16 -> 170.348 | H14: 1 | R14: =SUM(F14:Q14) -> 1 | T14: =$E14*F14 -> 0 | U14: =$E14*G14 -> 0 | V14: =$E14*H14 -> 170.348 | W14: =$E14*I14 -> 0 | X14: =$E14*J14 -> 0 | Y14: =$E14*K14 -> 0 | Z14: =$E14*L14 -> 0 | AA14: =$E14*M14 -> 0 | ... AE14: =$E14*Q14 -> 0 | AG14: #N/A | AH14: #N/A | AI14: #N/A | AJ14: #N/A | AK14: #N/A | AL14: #N/A | AO14: =AN14*E14 -> 0 | AQ14: =AP14*E14 -> 0 | AS14: =AR14*E14 -> 0 | AU14: =AT14*E14 -> 0 | AW14: =AV14*E14 -> 0 | AY14: =AX14*E14 -> 0 | BA14: =AZ14*E14 -> 0 | BC14: =BB14*E14 -> 0 | BE14: =BD14*E14 -> 0 | BG14: =BF14*E14 -> 0 | BI14: =BH14*E14 -> 0 | BK14: =BJ14*E14 -> 0
A15: 11 | B15: ='[8]Linh Kiện'!D17 -> R061775 | C15: =IF(B15="","",HYPERLINK("\\vdm-fsvr\Cokhi-機工\CONG VIEC CHUNG 2026\★2026年度年次目標設定\5.COSTDOWN 2026\5.MỤC TIÊU 2026\COSTDOWN 2026\PDF\"&B15&".pdf","XEM")) -> XEM | D15: ='[8]Linh Kiện'!E17 -> 1 | E15: ='[8]Linh Kiện'!AK17 -> 262.0272 | H15: 1 | R15: =SUM(F15:Q15) -> 1 | T15: =$E15*F15 -> 0 | U15: =$E15*G15 -> 0 | V15: =$E15*H15 -> 262.0272 | W15: =$E15*I15 -> 0 | X15: =$E15*J15 -> 0 | Y15: =$E15*K15 -> 0 | Z15: =$E15*L15 -> 0 | AA15: =$E15*M15 -> 0 | ... AE15: =$E15*Q15 -> 0 | AG15: #N/A | AH15: #N/A | AI15: #N/A | AJ15: #N/A | AK15: #N/A | AL15: #N/A | AO15: =AN15*E15 -> 0 | AQ15: =AP15*E15 -> 0 | AS15: =AR15*E15 -> 0 | AU15: =AT15*E15 -> 0 | AW15: =AV15*E15 -> 0 | AY15: =AX15*E15 -> 0 | BA15: =AZ15*E15 -> 0 | BC15: =BB15*E15 -> 0 | BE15: =BD15*E15 -> 0 | BG15: =BF15*E15 -> 0 | BI15: =BH15*E15 -> 0 | BK15: =BJ15*E15 -> 0
A16: 12 | B16: ='[8]Linh Kiện'!D18 -> R061777 | C16: =IF(B16="","",HYPERLINK("\\vdm-fsvr\Cokhi-機工\CONG VIEC CHUNG 2026\★2026年度年次目標設定\5.COSTDOWN 2026\5.MỤC TIÊU 2026\COSTDOWN 2026\PDF\"&B16&".pdf","XEM")) -> XEM | D16: ='[8]Linh Kiện'!E18 -> 1 | E16: ='[8]Linh Kiện'!AK18 -> 355.2744 | I16: 1 | R16: =SUM(F16:Q16) -> 1 | T16: =$E16*F16 -> 0 | U16: =$E16*G16 -> 0 | V16: =$E16*H16 -> 0 | W16: =$E16*I16 -> 355.2744 | X16: =$E16*J16 -> 0 | Y16: =$E16*K16 -> 0 | Z16: =$E16*L16 -> 0 | AA16: =$E16*M16 -> 0 | ... AE16: =$E16*Q16 -> 0 | AG16: #N/A | AH16: #N/A | AI16: #N/A | AJ16: #N/A | AK16: #N/A | AL16: #N/A | AO16: =AN16*E16 -> 0 | AQ16: =AP16*E16 -> 0 | AS16: =AR16*E16 -> 0 | AU16: =AT16*E16 -> 0 | AW16: =AV16*E16 -> 0 | AY16: =AX16*E16 -> 0 | BA16: =AZ16*E16 -> 0 | BC16: =BB16*E16 -> 0 | BE16: =BD16*E16 -> 0 | BG16: =BF16*E16 -> 0 | BI16: =BH16*E16 -> 0 | BK16: =BJ16*E16 -> 0
A17: 13 | B17: ='[8]Linh Kiện'!D19 -> S329382 | C17: =IF(B17="","",HYPERLINK("\\vdm-fsvr\Cokhi-機工\CONG VIEC CHUNG 2026\★2026年度年次目標設定\5.COSTDOWN 2026\5.MỤC TIÊU 2026\COSTDOWN 2026\PDF\"&B17&".pdf","XEM")) -> XEM | D17: ='[8]Linh Kiện'!E19 -> 1 | E17: ='[8]Linh Kiện'!AK19 -> 390.0196 | I17: 1 | R17: =SUM(F17:Q17) -> 1 | T17: =$E17*F17 -> 0 | U17: =$E17*G17 -> 0 | V17: =$E17*H17 -> 0 | W17: =$E17*I17 -> 390.0196 | X17: =$E17*J17 -> 0 | Y17: =$E17*K17 -> 0 | Z17: =$E17*L17 -> 0 | AA17: =$E17*M17 -> 0 | ... AE17: =$E17*Q17 -> 0 | AG17: #N/A | AH17: #N/A | AI17: #N/A | AJ17: #N/A | AK17: #N/A | AL17: #N/A | AO17: =AN17*E17 -> 0 | AQ17: =AP17*E17 -> 0 | AS17: =AR17*E17 -> 0 | AU17: =AT17*E17 -> 0 | AW17: =AV17*E17 -> 0 | AY17: =AX17*E17 -> 0 | BA17: =AZ17*E17 -> 0 | BC17: =BB17*E17 -> 0 | BE17: =BD17*E17 -> 0 | BG17: =BF17*E17 -> 0 | BI17: =BH17*E17 -> 0 | BK17: =BJ17*E17 -> 0
A18: 14 | B18: ='[8]Linh Kiện'!D20 -> R332878 | C18: =IF(B18="","",HYPERLINK("\\vdm-fsvr\Cokhi-機工\CONG VIEC CHUNG 2026\★2026年度年次目標設定\5.COSTDOWN 2026\5.MỤC TIÊU 2026\COSTDOWN 2026\PDF\"&B18&".pdf","XEM")) -> XEM | D18: ='[8]Linh Kiện'!E20 -> 2 | E18: ='[8]Linh Kiện'!AK20 -> 422.4296 | J18: 1 | M18: 1 | R18: =SUM(F18:Q18) -> 2 | T18: =$E18*F18 -> 0 | U18: =$E18*G18 -> 0 | V18: =$E18*H18 -> 0 | W18: =$E18*I18 -> 0 | X18: =$E18*J18 -> 422.4296 | Y18: =$E18*K18 -> 0 | Z18: =$E18*L18 -> 0 | AA18: =$E18*M18 -> 422.4296 | ... AE18: =$E18*Q18 -> 0 | AG18: #N/A | AH18: #N/A | AI18: #N/A | AJ18: #N/A | AK18: #N/A | AL18: #N/A | AO18: =AN18*E18 -> 0 | AQ18: =AP18*E18 -> 0 | AS18: =AR18*E18 -> 0 | AU18: =AT18*E18 -> 0 | AW18: =AV18*E18 -> 0 | AY18: =AX18*E18 -> 0 | BA18: =AZ18*E18 -> 0 | BC18: =BB18*E18 -> 0 | BE18: =BD18*E18 -> 0 | BG18: =BF18*E18 -> 0 | BI18: =BH18*E18 -> 0 | BK18: =BJ18*E18 -> 0
A19: 15 | B19: ='[8]Linh Kiện'!D21 -> S919916 | C19: =IF(B19="","",HYPERLINK("\\vdm-fsvr\Cokhi-機工\CONG VIEC CHUNG 2026\★2026年度年次目標設定\5.COSTDOWN 2026\5.MỤC TIÊU 2026\COSTDOWN 2026\PDF\"&B19&".pdf","XEM")) -> XEM | D19: ='[8]Linh Kiện'!E21 -> 2 | E19: ='[8]Linh Kiện'!AK21 -> 523.9352 | G19: 1 | O19: 1 | R19: =SUM(F19:Q19) -> 2 | T19: =$E19*F19 -> 0 | U19: =$E19*G19 -> 523.9352 | V19: =$E19*H19 -> 0 | W19: =$E19*I19 -> 0 | X19: =$E19*J19 -> 0 | Y19: =$E19*K19 -> 0 | Z19: =$E19*L19 -> 0 | AA19: =$E19*M19 -> 0 | ... AE19: =$E19*Q19 -> 0 | AG19: #N/A | AH19: #N/A | AI19: #N/A | AJ19: #N/A | AK19: #N/A | AL19: #N/A | AO19: =AN19*E19 -> 0 | AQ19: =AP19*E19 -> 0 | AS19: =AR19*E19 -> 0 | AU19: =AT19*E19 -> 0 | AW19: =AV19*E19 -> 0 | AY19: =AX19*E19 -> 0 | BA19: =AZ19*E19 -> 0 | BC19: =BB19*E19 -> 0 | BE19: =BD19*E19 -> 0 | BG19: =BF19*E19 -> 0 | BI19: =BH19*E19 -> 0 | BK19: =BJ19*E19 -> 0
A20: 16 | B20: ='[8]Linh Kiện'!D22 -> S077647 | C20: =IF(B20="","",HYPERLINK("\\vdm-fsvr\Cokhi-機工\CONG VIEC CHUNG 2026\★2026年度年次目標設定\5.COSTDOWN 2026\5.MỤC TIÊU 2026\COSTDOWN 2026\PDF\"&B20&".pdf","XEM")) -> XEM | D20: ='[8]Linh Kiện'!E22 -> 1 | E20: ='[8]Linh Kiện'!AK22 -> 512.8328 | L20: 1 | R20: =SUM(F20:Q20) -> 1 | T20: =$E20*F20 -> 0 | U20: =$E20*G20 -> 0 | V20: =$E20*H20 -> 0 | W20: =$E20*I20 -> 0 | X20: =$E20*J20 -> 0 | Y20: =$E20*K20 -> 0 | Z20: =$E20*L20 -> 512.8328 | AA20: =$E20*M20 -> 0 | ... AE20: =$E20*Q20 -> 0 | AG20: #N/A | AH20: #N/A | AI20: #N/A | AJ20: #N/A | AK20: #N/A | AL20: #N/A | AO20: =AN20*E20 -> 0 | AQ20: =AP20*E20 -> 0 | AS20: =AR20*E20 -> 0 | AU20: =AT20*E20 -> 0 | AW20: =AV20*E20 -> 0 | AY20: =AX20*E20 -> 0 | BA20: =AZ20*E20 -> 0 | BC20: =BB20*E20 -> 0 | BE20: =BD20*E20 -> 0 | BG20: =BF20*E20 -> 0 | BI20: =BH20*E20 -> 0 | BK20: =BJ20*E20 -> 0
A21: 17 | B21: ='[8]Linh Kiện'!D23 -> R173278 | C21: =IF(B21="","",HYPERLINK("\\vdm-fsvr\Cokhi-機工\CONG VIEC CHUNG 2026\★2026年度年次目標設定\5.COSTDOWN 2026\5.MỤC TIÊU 2026\COSTDOWN 2026\PDF\"&B21&".pdf","XEM")) -> XEM | D21: ='[8]Linh Kiện'!E23 -> 1 | E21: ='[8]Linh Kiện'!AK23 -> 427.048 | J21: 1 | R21: =SUM(F21:Q21) -> 1 | T21: =$E21*F21 -> 0 | U21: =$E21*G21 -> 0 | V21: =$E21*H21 -> 0 | W21: =$E21*I21 -> 0 | X21: =$E21*J21 -> 427.048 | Y21: =$E21*K21 -> 0 | Z21: =$E21*L21 -> 0 | AA21: =$E21*M21 -> 0 | ... AE21: =$E21*Q21 -> 0 | AG21: #N/A | AH21: #N/A | AI21: #N/A | AJ21: #N/A | AK21: #N/A | AL21: #N/A | AO21: =AN21*E21 -> 0 | AQ21: =AP21*E21 -> 0 | AS21: =AR21*E21 -> 0 | AU21: =AT21*E21 -> 0 | AW21: =AV21*E21 -> 0 | AY21: =AX21*E21 -> 0 | BA21: =AZ21*E21 -> 0 | BC21: =BB21*E21 -> 0 | BE21: =BD21*E21 -> 0 | BG21: =BF21*E21 -> 0 | BI21: =BH21*E21 -> 0 | BK21: =BJ21*E21 -> 0
A22: 18 | B22: ='[8]Linh Kiện'!D24 -> R058139 | C22: =IF(B22="","",HYPERLINK("\\vdm-fsvr\Cokhi-機工\CONG VIEC CHUNG 2026\★2026年度年次目標設定\5.COSTDOWN 2026\5.MỤC TIÊU 2026\COSTDOWN 2026\PDF\"&B22&".pdf","XEM")) -> XEM | D22: ='[8]Linh Kiện'!E24 -> 1 | E22: ='[8]Linh Kiện'!AK24 -> 873.30624 | J22: 1 | R22: =SUM(F22:Q22) -> 1 | T22: =$E22*F22 -> 0 | U22: =$E22*G22 -> 0 | V22: =$E22*H22 -> 0 | W22: =$E22*I22 -> 0 | X22: =$E22*J22 -> 873.30624 | Y22: =$E22*K22 -> 0 | Z22: =$E22*L22 -> 0 | AA22: =$E22*M22 -> 0 | ... AE22: =$E22*Q22 -> 0 | AG22: #N/A | AH22: #N/A | AI22: #N/A | AJ22: #N/A | AK22: #N/A | AL22: #N/A | AO22: =AN22*E22 -> 0 | AQ22: =AP22*E22 -> 0 | AS22: =AR22*E22 -> 0 | AU22: =AT22*E22 -> 0 | AW22: =AV22*E22 -> 0 | AY22: =AX22*E22 -> 0 | BA22: =AZ22*E22 -> 0 | BC22: =BB22*E22 -> 0 | BE22: =BD22*E22 -> 0 | BG22: =BF22*E22 -> 0 | BI22: =BH22*E22 -> 0 | BK22: =BJ22*E22 -> 0
A23: 19 | B23: ='[8]Linh Kiện'!D25 -> S792594 | C23: =IF(B23="","",HYPERLINK("\\vdm-fsvr\Cokhi-機工\CONG VIEC CHUNG 2026\★2026年度年次目標設定\5.COSTDOWN 2026\5.MỤC TIÊU 2026\COSTDOWN 2026\PDF\"&B23&".pdf","XEM")) -> XEM | D23: ='[8]Linh Kiện'!E25 -> 1 | E23: ='[8]Linh Kiện'!AK25 -> 491.6332 | H23: 1 | R23: =SUM(F23:Q23) -> 1 | T23: =$E23*F23 -> 0 | U23: =$E23*G23 -> 0 | V23: =$E23*H23 -> 491.6332 | W23: =$E23*I23 -> 0 | X23: =$E23*J23 -> 0 | Y23: =$E23*K23 -> 0 | Z23: =$E23*L23 -> 0 | AA23: =$E23*M23 -> 0 | ... AE23: =$E23*Q23 -> 0 | AG23: #N/A | AH23: #N/A | AI23: #N/A | AJ23: #N/A | AK23: #N/A | AL23: #N/A | AO23: =AN23*E23 -> 0 | AQ23: =AP23*E23 -> 0 | AS23: =AR23*E23 -> 0 | AU23: =AT23*E23 -> 0 | AW23: =AV23*E23 -> 0 | AY23: =AX23*E23 -> 0 | BA23: =AZ23*E23 -> 0 | BC23: =BB23*E23 -> 0 | BE23: =BD23*E23 -> 0 | BG23: =BF23*E23 -> 0 | BI23: =BH23*E23 -> 0 | BK23: =BJ23*E23 -> 0
A24: 20 | B24: ='[8]Linh Kiện'!D26 -> S206843 | C24: =IF(B24="","",HYPERLINK("\\vdm-fsvr\Cokhi-機工\CONG VIEC CHUNG 2026\★2026年度年次目標設定\5.COSTDOWN 2026\5.MỤC TIÊU 2026\COSTDOWN 2026\PDF\"&B24&".pdf","XEM")) -> XEM | D24: ='[8]Linh Kiện'!E26 -> 1 | E24: ='[8]Linh Kiện'!AK26 -> 2695.678 | K24: 1 | R24: =SUM(F24:Q24) -> 1 | T24: =$E24*F24 -> 0 | U24: =$E24*G24 -> 0 | V24: =$E24*H24 -> 0 | W24: =$E24*I24 -> 0 | X24: =$E24*J24 -> 0 | Y24: =$E24*K24 -> 2695.678 | Z24: =$E24*L24 -> 0 | AA24: =$E24*M24 -> 0 | ... AE24: =$E24*Q24 -> 0 | AG24: #N/A | AH24: #N/A | AI24: #N/A | AJ24: #N/A | AK24: #N/A | AL24: #N/A | AO24: =AN24*E24 -> 0 | AQ24: =AP24*E24 -> 0 | AS24: =AR24*E24 -> 0 | AU24: =AT24*E24 -> 0 | AW24: =AV24*E24 -> 0 | AY24: =AX24*E24 -> 0 | BA24: =AZ24*E24 -> 0 | BC24: =BB24*E24 -> 0 | BE24: =BD24*E24 -> 0 | BG24: =BF24*E24 -> 0 | BI24: =BH24*E24 -> 0 | BK24: =BJ24*E24 -> 0
A25: 21 | B25: ='[8]Linh Kiện'!D27 -> S206840 | C25: =IF(B25="","",HYPERLINK("\\vdm-fsvr\Cokhi-機工\CONG VIEC CHUNG 2026\★2026年度年次目標設定\5.COSTDOWN 2026\5.MỤC TIÊU 2026\COSTDOWN 2026\PDF\"&B25&".pdf","XEM")) -> XEM | D25: ='[8]Linh Kiện'!E27 -> 1 | E25: ='[8]Linh Kiện'!AK27 -> 2472.9718 | N25: 1 | R25: =SUM(F25:Q25) -> 1 | T25: =$E25*F25 -> 0 | U25: =$E25*G25 -> 0 | V25: =$E25*H25 -> 0 | W25: =$E25*I25 -> 0 | X25: =$E25*J25 -> 0 | Y25: =$E25*K25 -> 0 | Z25: =$E25*L25 -> 0 | AA25: =$E25*M25 -> 0 | ... AE25: =$E25*Q25 -> 0 | AG25: #N/A | AH25: #N/A | AI25: #N/A | AJ25: #N/A | AK25: #N/A | AL25: #N/A | AO25: =AN25*E25 -> 0 | AQ25: =AP25*E25 -> 0 | AS25: =AR25*E25 -> 0 | AU25: =AT25*E25 -> 0 | AW25: =AV25*E25 -> 0 | AY25: =AX25*E25 -> 0 | BA25: =AZ25*E25 -> 0 | BC25: =BB25*E25 -> 0 | BE25: =BD25*E25 -> 0 | BG25: =BF25*E25 -> 0 | BI25: =BH25*E25 -> 0 | BK25: =BJ25*E25 -> 0
A26: 22 | B26: ='[8]Linh Kiện'!D28 -> S156672 | C26: =IF(B26="","",HYPERLINK("\\vdm-fsvr\Cokhi-機工\CONG VIEC CHUNG 2026\★2026年度年次目標設定\5.COSTDOWN 2026\5.MỤC TIÊU 2026\COSTDOWN 2026\PDF\"&B26&".pdf","XEM")) -> XEM | D26: ='[8]Linh Kiện'!E28 -> 1 | E26: ='[8]Linh Kiện'!AK28 -> 324.35024 | L26: 1 | R26: =SUM(F26:Q26) -> 1 | T26: =$E26*F26 -> 0 | U26: =$E26*G26 -> 0 | V26: =$E26*H26 -> 0 | W26: =$E26*I26 -> 0 | X26: =$E26*J26 -> 0 | Y26: =$E26*K26 -> 0 | Z26: =$E26*L26 -> 324.35024 | AA26: =$E26*M26 -> 0 | ... AE26: =$E26*Q26 -> 0 | AG26: #N/A | AH26: #N/A | AI26: #N/A | AJ26: #N/A | AK26: #N/A | AL26: #N/A | AO26: =AN26*E26 -> 0 | AQ26: =AP26*E26 -> 0 | AS26: =AR26*E26 -> 0 | AU26: =AT26*E26 -> 0 | AW26: =AV26*E26 -> 0 | AY26: =AX26*E26 -> 0 | BA26: =AZ26*E26 -> 0 | BC26: =BB26*E26 -> 0 | BE26: =BD26*E26 -> 0 | BG26: =BF26*E26 -> 0 | BI26: =BH26*E26 -> 0 | BK26: =BJ26*E26 -> 0
A27: 23 | B27: ='[8]Linh Kiện'!D29 -> S763089 | C27: =IF(B27="","",HYPERLINK("\\vdm-fsvr\Cokhi-機工\CONG VIEC CHUNG 2026\★2026年度年次目標設定\5.COSTDOWN 2026\5.MỤC TIÊU 2026\COSTDOWN 2026\PDF\"&B27&".pdf","XEM")) -> XEM | D27: ='[8]Linh Kiện'!E29 -> 2 | E27: ='[8]Linh Kiện'!AK29 -> 81.207038 | G27: 1 | P27: 1 | R27: =SUM(F27:Q27) -> 2 | T27: =$E27*F27 -> 0 | U27: =$E27*G27 -> 81.207038 | V27: =$E27*H27 -> 0 | W27: =$E27*I27 -> 0 | X27: =$E27*J27 -> 0 | Y27: =$E27*K27 -> 0 | Z27: =$E27*L27 -> 0 | AA27: =$E27*M27 -> 0 | ... AE27: =$E27*Q27 -> 0 | AG27: #N/A | AH27: #N/A | AI27: #N/A | AJ27: #N/A | AK27: #N/A | AL27: #N/A | AO27: =AN27*E27 -> 0 | AQ27: =AP27*E27 -> 0 | AS27: =AR27*E27 -> 0 | AU27: =AT27*E27 -> 0 | AW27: =AV27*E27 -> 0 | AY27: =AX27*E27 -> 0 | BA27: =AZ27*E27 -> 0 | BC27: =BB27*E27 -> 0 | BE27: =BD27*E27 -> 0 | BG27: =BF27*E27 -> 0 | BI27: =BH27*E27 -> 0 | BK27: =BJ27*E27 -> 0
A28: 24 | B28: ='[8]Linh Kiện'!D30 -> S814328 | C28: =IF(B28="","",HYPERLINK("\\vdm-fsvr\Cokhi-機工\CONG VIEC CHUNG 2026\★2026年度年次目標設定\5.COSTDOWN 2026\5.MỤC TIÊU 2026\COSTDOWN 2026\PDF\"&B28&".pdf","XEM")) -> XEM | D28: ='[8]Linh Kiện'!E30 -> 1 | E28: ='[8]Linh Kiện'!AK30 -> 235.2148 | K28: 1 | R28: =SUM(F28:Q28) -> 1 | T28: =$E28*F28 -> 0 | U28: =$E28*G28 -> 0 | V28: =$E28*H28 -> 0 | W28: =$E28*I28 -> 0 | X28: =$E28*J28 -> 0 | Y28: =$E28*K28 -> 235.2148 | Z28: =$E28*L28 -> 0 | AA28: =$E28*M28 -> 0 | ... AE28: =$E28*Q28 -> 0 | AG28: #N/A | AH28: #N/A | AI28: #N/A | AJ28: #N/A | AK28: #N/A | AL28: #N/A | AO28: =AN28*E28 -> 0 | AQ28: =AP28*E28 -> 0 | AS28: =AR28*E28 -> 0 | AU28: =AT28*E28 -> 0 | AW28: =AV28*E28 -> 0 | AY28: =AX28*E28 -> 0 | BA28: =AZ28*E28 -> 0 | BC28: =BB28*E28 -> 0 | BE28: =BD28*E28 -> 0 | BG28: =BF28*E28 -> 0 | BI28: =BH28*E28 -> 0 | BK28: =BJ28*E28 -> 0
A29: 25 | B29: ='[8]Linh Kiện'!D31 -> S895708 | C29: =IF(B29="","",HYPERLINK("\\vdm-fsvr\Cokhi-機工\CONG VIEC CHUNG 2026\★2026年度年次目標設定\5.COSTDOWN 2026\5.MỤC TIÊU 2026\COSTDOWN 2026\PDF\"&B29&".pdf","XEM")) -> XEM | D29: ='[8]Linh Kiện'!E31 -> 1 | E29: ='[8]Linh Kiện'!AK31 -> 47.4664 | M29: 1 | R29: =SUM(F29:Q29) -> 1 | T29: =$E29*F29 -> 0 | U29: =$E29*G29 -> 0 | V29: =$E29*H29 -> 0 | W29: =$E29*I29 -> 0 | X29: =$E29*J29 -> 0 | Y29: =$E29*K29 -> 0 | Z29: =$E29*L29 -> 0 | AA29: =$E29*M29 -> 47.4664 | ... AE29: =$E29*Q29 -> 0 | AG29: #N/A | AH29: #N/A | AI29: #N/A | AJ29: #N/A | AK29: #N/A | AL29: #N/A | AO29: =AN29*E29 -> 0 | AQ29: =AP29*E29 -> 0 | AS29: =AR29*E29 -> 0 | AU29: =AT29*E29 -> 0 | AW29: =AV29*E29 -> 0 | AY29: =AX29*E29 -> 0 | BA29: =AZ29*E29 -> 0 | BC29: =BB29*E29 -> 0 | BE29: =BD29*E29 -> 0 | BG29: =BF29*E29 -> 0 | BI29: =BH29*E29 -> 0 | BK29: =BJ29*E29 -> 0
A30: 26 | B30: ='[8]Linh Kiện'!D32 -> S895686 | C30: =IF(B30="","",HYPERLINK("\\vdm-fsvr\Cokhi-機工\CONG VIEC CHUNG 2026\★2026年度年次目標設定\5.COSTDOWN 2026\5.MỤC TIÊU 2026\COSTDOWN 2026\PDF\"&B30&".pdf","XEM")) -> XEM | D30: ='[8]Linh Kiện'!E32 -> 1 | E30: ='[8]Linh Kiện'!AK32 -> 182.0418 | L30: 1 | R30: =SUM(F30:Q30) -> 1 | T30: =$E30*F30 -> 0 | U30: =$E30*G30 -> 0 | V30: =$E30*H30 -> 0 | W30: =$E30*I30 -> 0 | X30: =$E30*J30 -> 0 | Y30: =$E30*K30 -> 0 | Z30: =$E30*L30 -> 182.0418 | AA30: =$E30*M30 -> 0 | ... AE30: =$E30*Q30 -> 0 | AG30: #N/A | AH30: #N/A | AI30: #N/A | AJ30: #N/A | AK30: #N/A | AL30: #N/A | AO30: =AN30*E30 -> 0 | AQ30: =AP30*E30 -> 0 | AS30: =AR30*E30 -> 0 | AU30: =AT30*E30 -> 0 | AW30: =AV30*E30 -> 0 | AY30: =AX30*E30 -> 0 | BA30: =AZ30*E30 -> 0 | BC30: =BB30*E30 -> 0 | BE30: =BD30*E30 -> 0 | BG30: =BF30*E30 -> 0 | BI30: =BH30*E30 -> 0 | BK30: =BJ30*E30 -> 0
A31: 27 | B31: ='[8]Linh Kiện'!D33 -> S029213 | C31: =IF(B31="","",HYPERLINK("\\vdm-fsvr\Cokhi-機工\CONG VIEC CHUNG 2026\★2026年度年次目標設定\5.COSTDOWN 2026\5.MỤC TIÊU 2026\COSTDOWN 2026\PDF\"&B31&".pdf","XEM")) -> XEM | D31: ='[8]Linh Kiện'!E33 -> 1 | E31: ='[8]Linh Kiện'!AK33 -> 25.501802 | I31: 1 | R31: =SUM(F31:Q31) -> 1 | T31: =$E31*F31 -> 0 | U31: =$E31*G31 -> 0 | V31: =$E31*H31 -> 0 | W31: =$E31*I31 -> 25.501802 | X31: =$E31*J31 -> 0 | Y31: =$E31*K31 -> 0 | Z31: =$E31*L31 -> 0 | AA31: =$E31*M31 -> 0 | ... AE31: =$E31*Q31 -> 0 | AG31: #N/A | AH31: #N/A | AI31: #N/A | AJ31: #N/A | AK31: #N/A | AL31: #N/A | AO31: =AN31*E31 -> 0 | AQ31: =AP31*E31 -> 0 | AS31: =AR31*E31 -> 0 | AU31: =AT31*E31 -> 0 | AW31: =AV31*E31 -> 0 | AY31: =AX31*E31 -> 0 | BA31: =AZ31*E31 -> 0 | BC31: =BB31*E31 -> 0 | BE31: =BD31*E31 -> 0 | BG31: =BF31*E31 -> 0 | BI31: =BH31*E31 -> 0 | BK31: =BJ31*E31 -> 0
A32: 28 | B32: ='[8]Linh Kiện'!D34 -> S028567 | C32: =IF(B32="","",HYPERLINK("\\vdm-fsvr\Cokhi-機工\CONG VIEC CHUNG 2026\★2026年度年次目標設定\5.COSTDOWN 2026\5.MỤC TIÊU 2026\COSTDOWN 2026\PDF\"&B32&".pdf","XEM")) -> XEM | D32: ='[8]Linh Kiện'!E34 -> 1 | E32: ='[8]Linh Kiện'!AK34 -> 119.558 | P32: 1 | R32: =SUM(F32:Q32) -> 1 | T32: =$E32*F32 -> 0 | U32: =$E32*G32 -> 0 | V32: =$E32*H32 -> 0 | W32: =$E32*I32 -> 0 | X32: =$E32*J32 -> 0 | Y32: =$E32*K32 -> 0 | Z32: =$E32*L32 -> 0 | AA32: =$E32*M32 -> 0 | ... AE32: =$E32*Q32 -> 0 | AG32: #N/A | AH32: #N/A | AI32: #N/A | AJ32: #N/A | AK32: #N/A | AL32: #N/A | AO32: =AN32*E32 -> 0 | AQ32: =AP32*E32 -> 0 | AS32: =AR32*E32 -> 0 | AU32: =AT32*E32 -> 0 | AW32: =AV32*E32 -> 0 | AY32: =AX32*E32 -> 0 | BA32: =AZ32*E32 -> 0 | BC32: =BB32*E32 -> 0 | BE32: =BD32*E32 -> 0 | BG32: =BF32*E32 -> 0 | BI32: =BH32*E32 -> 0 | BK32: =BJ32*E32 -> 0
A33: 29 | B33: ='[8]Linh Kiện'!D35 -> S204742 | C33: =IF(B33="","",HYPERLINK("\\vdm-fsvr\Cokhi-機工\CONG VIEC CHUNG 2026\★2026年度年次目標設定\5.COSTDOWN 2026\5.MỤC TIÊU 2026\COSTDOWN 2026\PDF\"&B33&".pdf","XEM")) -> XEM | D33: ='[8]Linh Kiện'!E35 -> 1 | E33: ='[8]Linh Kiện'!AK35 -> 124.5418 | Q33: 1 | R33: =SUM(F33:Q33) -> 1 | T33: =$E33*F33 -> 0 | U33: =$E33*G33 -> 0 | V33: =$E33*H33 -> 0 | W33: =$E33*I33 -> 0 | X33: =$E33*J33 -> 0 | Y33: =$E33*K33 -> 0 | Z33: =$E33*L33 -> 0 | AA33: =$E33*M33 -> 0 | ... AE33: =$E33*Q33 -> 124.5418 | AG33: #N/A | AH33: #N/A | AI33: #N/A | AJ33: #N/A | AK33: #N/A | AL33: #N/A | AO33: =AN33*E33 -> 0 | AQ33: =AP33*E33 -> 0 | AS33: =AR33*E33 -> 0 | AU33: =AT33*E33 -> 0 | AW33: =AV33*E33 -> 0 | AY33: =AX33*E33 -> 0 | BA33: =AZ33*E33 -> 0 | BC33: =BB33*E33 -> 0 | BE33: =BD33*E33 -> 0 | BG33: =BF33*E33 -> 0 | BI33: =BH33*E33 -> 0 | BK33: =BJ33*E33 -> 0
A34: 30 | B34: ='[8]Linh Kiện'!D36 -> S799077 | C34: =IF(B34="","",HYPERLINK("\\vdm-fsvr\Cokhi-機工\CONG VIEC CHUNG 2026\★2026年度年次目標設定\5.COSTDOWN 2026\5.MỤC TIÊU 2026\COSTDOWN 2026\PDF\"&B34&".pdf","XEM")) -> XEM | D34: ='[8]Linh Kiện'!E36 -> 1 | E34: ='[8]Linh Kiện'!AK36 -> 187.0718 | J34: 1 | R34: =SUM(F34:Q34) -> 1 | T34: =$E34*F34 -> 0 | U34: =$E34*G34 -> 0 | V34: =$E34*H34 -> 0 | W34: =$E34*I34 -> 0 | X34: =$E34*J34 -> 187.0718 | Y34: =$E34*K34 -> 0 | Z34: =$E34*L34 -> 0 | AA34: =$E34*M34 -> 0 | ... AE34: =$E34*Q34 -> 0 | AG34: #N/A | AH34: #N/A | AI34: #N/A | AJ34: #N/A | AK34: #N/A | AL34: #N/A | AO34: =AN34*E34 -> 0 | AQ34: =AP34*E34 -> 0 | AS34: =AR34*E34 -> 0 | AU34: =AT34*E34 -> 0 | AW34: =AV34*E34 -> 0 | AY34: =AX34*E34 -> 0 | BA34: =AZ34*E34 -> 0 | BC34: =BB34*E34 -> 0 | BE34: =BD34*E34 -> 0 | BG34: =BF34*E34 -> 0 | BI34: =BH34*E34 -> 0 | BK34: =BJ34*E34 -> 0
A35: 31 | B35: ='[8]Linh Kiện'!D37 -> S204746 | C35: =IF(B35="","",HYPERLINK("\\vdm-fsvr\Cokhi-機工\CONG VIEC CHUNG 2026\★2026年度年次目標設定\5.COSTDOWN 2026\5.MỤC TIÊU 2026\COSTDOWN 2026\PDF\"&B35&".pdf","XEM")) -> XEM | D35: ='[8]Linh Kiện'!E37 -> 1 | E35: ='[8]Linh Kiện'!AK37 -> 120.94 | Q35: 1 | R35: =SUM(F35:Q35) -> 1 | T35: =$E35*F35 -> 0 | U35: =$E35*G35 -> 0 | V35: =$E35*H35 -> 0 | W35: =$E35*I35 -> 0 | X35: =$E35*J35 -> 0 | Y35: =$E35*K35 -> 0 | Z35: =$E35*L35 -> 0 | AA35: =$E35*M35 -> 0 | ... AE35: =$E35*Q35 -> 120.94 | AG35: #N/A | AH35: #N/A | AI35: #N/A | AJ35: #N/A | AK35: #N/A | AL35: #N/A | AO35: =AN35*E35 -> 0 | AQ35: =AP35*E35 -> 0 | AS35: =AR35*E35 -> 0 | AU35: =AT35*E35 -> 0 | AW35: =AV35*E35 -> 0 | AY35: =AX35*E35 -> 0 | BA35: =AZ35*E35 -> 0 | BC35: =BB35*E35 -> 0 | BE35: =BD35*E35 -> 0 | BG35: =BF35*E35 -> 0 | BI35: =BH35*E35 -> 0 | BK35: =BJ35*E35 -> 0
A36: 32 | B36: ='[8]Linh Kiện'!D38 -> S611125 | C36: =IF(B36="","",HYPERLINK("\\vdm-fsvr\Cokhi-機工\CONG VIEC CHUNG 2026\★2026年度年次目標設定\5.COSTDOWN 2026\5.MỤC TIÊU 2026\COSTDOWN 2026\PDF\"&B36&".pdf","XEM")) -> XEM | D36: ='[8]Linh Kiện'!E38 -> 1 | E36: ='[8]Linh Kiện'!AK38 -> 126.7148 | M36: 1 | R36: =SUM(F36:Q36) -> 1 | T36: =$E36*F36 -> 0 | U36: =$E36*G36 -> 0 | V36: =$E36*H36 -> 0 | W36: =$E36*I36 -> 0 | X36: =$E36*J36 -> 0 | Y36: =$E36*K36 -> 0 | Z36: =$E36*L36 -> 0 | AA36: =$E36*M36 -> 126.7148 | ... AE36: =$E36*Q36 -> 0 | AG36: #N/A | AH36: #N/A | AI36: #N/A | AJ36: #N/A | AK36: #N/A | AL36: #N/A | AO36: =AN36*E36 -> 0 | AQ36: =AP36*E36 -> 0 | AS36: =AR36*E36 -> 0 | AU36: =AT36*E36 -> 0 | AW36: =AV36*E36 -> 0 | AY36: =AX36*E36 -> 0 | BA36: =AZ36*E36 -> 0 | BC36: =BB36*E36 -> 0 | BE36: =BD36*E36 -> 0 | BG36: =BF36*E36 -> 0 | BI36: =BH36*E36 -> 0 | BK36: =BJ36*E36 -> 0
A37: 33 | B37: ='[8]Linh Kiện'!D39 -> R105773 | C37: =IF(B37="","",HYPERLINK("\\vdm-fsvr\Cokhi-機工\CONG VIEC CHUNG 2026\★2026年度年次目標設定\5.COSTDOWN 2026\5.MỤC TIÊU 2026\COSTDOWN 2026\PDF\"&B37&".pdf","XEM")) -> XEM | D37: ='[8]Linh Kiện'!E39 -> 1 | E37: ='[8]Linh Kiện'!AK39 -> 502.67904 | P37: 1 | R37: =SUM(F37:Q37) -> 1 | T37: =$E37*F37 -> 0 | U37: =$E37*G37 -> 0 | V37: =$E37*H37 -> 0 | W37: =$E37*I37 -> 0 | X37: =$E37*J37 -> 0 | Y37: =$E37*K37 -> 0 | Z37: =$E37*L37 -> 0 | AA37: =$E37*M37 -> 0 | ... AE37: =$E37*Q37 -> 0 | AG37: #N/A | AH37: #N/A | AI37: #N/A | AJ37: #N/A | AK37: #N/A | AL37: #N/A | AO37: =AN37*E37 -> 0 | AQ37: =AP37*E37 -> 0 | AS37: =AR37*E37 -> 0 | AU37: =AT37*E37 -> 0 | AW37: =AV37*E37 -> 0 | AY37: =AX37*E37 -> 0 | BA37: =AZ37*E37 -> 0 | BC37: =BB37*E37 -> 0 | BE37: =BD37*E37 -> 0 | BG37: =BF37*E37 -> 0 | BI37: =BH37*E37 -> 0 | BK37: =BJ37*E37 -> 0
A38: 34 | B38: ='[8]Linh Kiện'!D40 -> R105242 | C38: =IF(B38="","",HYPERLINK("\\vdm-fsvr\Cokhi-機工\CONG VIEC CHUNG 2026\★2026年度年次目標設定\5.COSTDOWN 2026\5.MỤC TIÊU 2026\COSTDOWN 2026\PDF\"&B38&".pdf","XEM")) -> XEM | D38: ='[8]Linh Kiện'!E40 -> 1 | E38: ='[8]Linh Kiện'!AK40 -> 606.4786 | O38: 1 | R38: =SUM(F38:Q38) -> 1 | T38: =$E38*F38 -> 0 | U38: =$E38*G38 -> 0 | V38: =$E38*H38 -> 0 | W38: =$E38*I38 -> 0 | X38: =$E38*J38 -> 0 | Y38: =$E38*K38 -> 0 | Z38: =$E38*L38 -> 0 | AA38: =$E38*M38 -> 0 | ... AE38: =$E38*Q38 -> 0 | AG38: #N/A | AH38: #N/A | AI38: #N/A | AJ38: #N/A | AK38: #N/A | AL38: #N/A | AO38: =AN38*E38 -> 0 | AQ38: =AP38*E38 -> 0 | AS38: =AR38*E38 -> 0 | AU38: =AT38*E38 -> 0 | AW38: =AV38*E38 -> 0 | AY38: =AX38*E38 -> 0 | BA38: =AZ38*E38 -> 0 | BC38: =BB38*E38 -> 0 | BE38: =BD38*E38 -> 0 | BG38: =BF38*E38 -> 0 | BI38: =BH38*E38 -> 0 | BK38: =BJ38*E38 -> 0
A39: 35 | B39: ='[8]Linh Kiện'!D41 -> R477244 | C39: =IF(B39="","",HYPERLINK("\\vdm-fsvr\Cokhi-機工\CONG VIEC CHUNG 2026\★2026年度年次目標設定\5.COSTDOWN 2026\5.MỤC TIÊU 2026\COSTDOWN 2026\PDF\"&B39&".pdf","XEM")) -> XEM | D39: ='[8]Linh Kiện'!E41 -> 1 | E39: ='[8]Linh Kiện'!AK41 -> 1031.8546 | H39: 1 | R39: =SUM(F39:Q39) -> 1 | T39: =$E39*F39 -> 0 | U39: =$E39*G39 -> 0 | V39: =$E39*H39 -> 1031.8546 | W39: =$E39*I39 -> 0 | X39: =$E39*J39 -> 0 | Y39: =$E39*K39 -> 0 | Z39: =$E39*L39 -> 0 | AA39: =$E39*M39 -> 0 | ... AE39: =$E39*Q39 -> 0 | AG39: #N/A | AH39: #N/A | AI39: #N/A | AJ39: #N/A | AK39: #N/A | AL39: #N/A | AO39: =AN39*E39 -> 0 | AQ39: =AP39*E39 -> 0 | AS39: =AR39*E39 -> 0 | AU39: =AT39*E39 -> 0 | AW39: =AV39*E39 -> 0 | AY39: =AX39*E39 -> 0 | BA39: =AZ39*E39 -> 0 | BC39: =BB39*E39 -> 0 | BE39: =BD39*E39 -> 0 | BG39: =BF39*E39 -> 0 | BI39: =BH39*E39 -> 0 | BK39: =BJ39*E39 -> 0
A40: 36 | B40: ='[8]Linh Kiện'!D42 -> R058132 | C40: =IF(B40="","",HYPERLINK("\\vdm-fsvr\Cokhi-機工\CONG VIEC CHUNG 2026\★2026年度年次目標設定\5.COSTDOWN 2026\5.MỤC TIÊU 2026\COSTDOWN 2026\PDF\"&B40&".pdf","XEM")) -> XEM | D40: ='[8]Linh Kiện'!E42 -> 1 | E40: ='[8]Linh Kiện'!AK42 -> 674.05524 | F40: 1 | R40: =SUM(F40:Q40) -> 1 | T40: =$E40*F40 -> 674.05524 | U40: =$E40*G40 -> 0 | V40: =$E40*H40 -> 0 | W40: =$E40*I40 -> 0 | X40: =$E40*J40 -> 0 | Y40: =$E40*K40 -> 0 | Z40: =$E40*L40 -> 0 | AA40: =$E40*M40 -> 0 | ... AE40: =$E40*Q40 -> 0 | AG40: #N/A | AH40: #N/A | AI40: #N/A | AJ40: #N/A | AK40: #N/A | AL40: #N/A | AO40: =AN40*E40 -> 0 | AQ40: =AP40*E40 -> 0 | AS40: =AR40*E40 -> 0 | AU40: =AT40*E40 -> 0 | AW40: =AV40*E40 -> 0 | AY40: =AX40*E40 -> 0 | BA40: =AZ40*E40 -> 0 | BC40: =BB40*E40 -> 0 | BE40: =BD40*E40 -> 0 | BG40: =BF40*E40 -> 0 | BI40: =BH40*E40 -> 0 | BK40: =BJ40*E40 -> 0
A41: 37 | B41: ='[8]Linh Kiện'!D43 -> R408691 | C41: =IF(B41="","",HYPERLINK("\\vdm-fsvr\Cokhi-機工\CONG VIEC CHUNG 2026\★2026年度年次目標設定\5.COSTDOWN 2026\5.MỤC TIÊU 2026\COSTDOWN 2026\PDF\"&B41&".pdf","XEM")) -> XEM | D41: ='[8]Linh Kiện'!E43 -> 1 | E41: ='[8]Linh Kiện'!AK43 -> 413.76024 | H41: 1 | R41: =SUM(F41:Q41) -> 1 | T41: =$E41*F41 -> 0 | U41: =$E41*G41 -> 0 | V41: =$E41*H41 -> 413.76024 | W41: =$E41*I41 -> 0 | X41: =$E41*J41 -> 0 | Y41: =$E41*K41 -> 0 | Z41: =$E41*L41 -> 0 | AA41: =$E41*M41 -> 0 | ... AE41: =$E41*Q41 -> 0 | AG41: #N/A | AH41: #N/A | AI41: #N/A | AJ41: #N/A | AK41: #N/A | AL41: #N/A | AO41: =AN41*E41 -> 0 | AQ41: =AP41*E41 -> 0 | AS41: =AR41*E41 -> 0 | AU41: =AT41*E41 -> 0 | AW41: =AV41*E41 -> 0 | AY41: =AX41*E41 -> 0 | BA41: =AZ41*E41 -> 0 | BC41: =BB41*E41 -> 0 | BE41: =BD41*E41 -> 0 | BG41: =BF41*E41 -> 0 | BI41: =BH41*E41 -> 0 | BK41: =BJ41*E41 -> 0
A42: 38 | B42: ='[8]Linh Kiện'!D44 -> R029206 | C42: =IF(B42="","",HYPERLINK("\\vdm-fsvr\Cokhi-機工\CONG VIEC CHUNG 2026\★2026年度年次目標設定\5.COSTDOWN 2026\5.MỤC TIÊU 2026\COSTDOWN 2026\PDF\"&B42&".pdf","XEM")) -> XEM | D42: ='[8]Linh Kiện'!E44 -> 1 | E42: ='[8]Linh Kiện'!AK44 -> 385.8856 | L42: 1 | R42: =SUM(F42:Q42) -> 1 | T42: =$E42*F42 -> 0 | U42: =$E42*G42 -> 0 | V42: =$E42*H42 -> 0 | W42: =$E42*I42 -> 0 | X42: =$E42*J42 -> 0 | Y42: =$E42*K42 -> 0 | Z42: =$E42*L42 -> 385.8856 | AA42: =$E42*M42 -> 0 | ... AE42: =$E42*Q42 -> 0 | AG42: #N/A | AH42: #N/A | AI42: #N/A | AJ42: #N/A | AK42: #N/A | AL42: #N/A | AO42: =AN42*E42 -> 0 | AQ42: =AP42*E42 -> 0 | AS42: =AR42*E42 -> 0 | AU42: =AT42*E42 -> 0 | AW42: =AV42*E42 -> 0 | AY42: =AX42*E42 -> 0 | BA42: =AZ42*E42 -> 0 | BC42: =BB42*E42 -> 0 | BE42: =BD42*E42 -> 0 | BG42: =BF42*E42 -> 0 | BI42: =BH42*E42 -> 0 | BK42: =BJ42*E42 -> 0
A43: 39 | B43: ='[8]Linh Kiện'!D45 -> R487257 | C43: =IF(B43="","",HYPERLINK("\\vdm-fsvr\Cokhi-機工\CONG VIEC CHUNG 2026\★2026年度年次目標設定\5.COSTDOWN 2026\5.MỤC TIÊU 2026\COSTDOWN 2026\PDF\"&B43&".pdf","XEM")) -> XEM | D43: ='[8]Linh Kiện'!E45 -> 1 | E43: ='[8]Linh Kiện'!AK45 -> 682.02215 | M43: 1 | R43: =SUM(F43:Q43) -> 1 | T43: =$E43*F43 -> 0 | U43: =$E43*G43 -> 0 | V43: =$E43*H43 -> 0 | W43: =$E43*I43 -> 0 | X43: =$E43*J43 -> 0 | Y43: =$E43*K43 -> 0 | Z43: =$E43*L43 -> 0 | AA43: =$E43*M43 -> 682.02215 | ... AE43: =$E43*Q43 -> 0 | AG43: 6115110031 | AH43: 1 | AI43: 1 | AJ43: AF | AL43: 2026/03/25 | AM43: T3 | AO43: =AN43*E43 -> 0 | AQ43: =AP43*E43 -> 0 | AS43: =AR43*E43 -> 0 | AU43: =AT43*E43 -> 0 | AW43: =AV43*E43 -> 0 | AY43: =AX43*E43 -> 0 | BA43: =AZ43*E43 -> 0 | BC43: =BB43*E43 -> 0 | BE43: =BD43*E43 -> 0 | BG43: =BF43*E43 -> 0 | BI43: =BH43*E43 -> 0 | BK43: =BJ43*E43 -> 0
A44: 40 | B44: ='[8]Linh Kiện'!D46 -> R568495 | C44: =IF(B44="","",HYPERLINK("\\vdm-fsvr\Cokhi-機工\CONG VIEC CHUNG 2026\★2026年度年次目標設定\5.COSTDOWN 2026\5.MỤC TIÊU 2026\COSTDOWN 2026\PDF\"&B44&".pdf","XEM")) -> XEM | D44: ='[8]Linh Kiện'!E46 -> 1 | E44: ='[8]Linh Kiện'!AK46 -> 461.03329 | H44: 1 | R44: =SUM(F44:Q44) -> 1 | T44: =$E44*F44 -> 0 | U44: =$E44*G44 -> 0 | V44: =$E44*H44 -> 461.03329 | W44: =$E44*I44 -> 0 | X44: =$E44*J44 -> 0 | Y44: =$E44*K44 -> 0 | Z44: =$E44*L44 -> 0 | AA44: =$E44*M44 -> 0 | ... AE44: =$E44*Q44 -> 0 | AG44: #N/A | AH44: #N/A | AI44: #N/A | AJ44: #N/A | AK44: #N/A | AL44: #N/A | AO44: =AN44*E44 -> 0 | AQ44: =AP44*E44 -> 0 | AS44: =AR44*E44 -> 0 | AU44: =AT44*E44 -> 0 | AW44: =AV44*E44 -> 0 | AY44: =AX44*E44 -> 0 | BA44: =AZ44*E44 -> 0 | BC44: =BB44*E44 -> 0 | BE44: =BD44*E44 -> 0 | BG44: =BF44*E44 -> 0 | BI44: =BH44*E44 -> 0 | BK44: =BJ44*E44 -> 0
A45: 41 | B45: ='[8]Linh Kiện'!D47 -> R568490 | C45: =IF(B45="","",HYPERLINK("\\vdm-fsvr\Cokhi-機工\CONG VIEC CHUNG 2026\★2026年度年次目標設定\5.COSTDOWN 2026\5.MỤC TIÊU 2026\COSTDOWN 2026\PDF\"&B45&".pdf","XEM")) -> XEM | D45: ='[8]Linh Kiện'!E47 -> 1 | E45: ='[8]Linh Kiện'!AK47 -> 472.8356 | I45: 1 | R45: =SUM(F45:Q45) -> 1 | T45: =$E45*F45 -> 0 | U45: =$E45*G45 -> 0 | V45: =$E45*H45 -> 0 | W45: =$E45*I45 -> 472.8356 | X45: =$E45*J45 -> 0 | Y45: =$E45*K45 -> 0 | Z45: =$E45*L45 -> 0 | AA45: =$E45*M45 -> 0 | ... AE45: =$E45*Q45 -> 0 | AG45: 213509264A | AH45: 22 | AI45: 1 | AJ45: OK | AL45: 2026/01/28 | AM45: T1 | AN45: 1 | AO45: =AN45*E45 -> 472.8356 | AQ45: =AP45*E45 -> 0 | AS45: =AR45*E45 -> 0 | AU45: =AT45*E45 -> 0 | AW45: =AV45*E45 -> 0 | AY45: =AX45*E45 -> 0 | BA45: =AZ45*E45 -> 0 | BC45: =BB45*E45 -> 0 | BE45: =BD45*E45 -> 0 | BG45: =BF45*E45 -> 0 | BI45: =BH45*E45 -> 0 | BK45: =BJ45*E45 -> 0
A46: 42 | B46: ='[8]Linh Kiện'!D48 -> R104415 | C46: =IF(B46="","",HYPERLINK("\\vdm-fsvr\Cokhi-機工\CONG VIEC CHUNG 2026\★2026年度年次目標設定\5.COSTDOWN 2026\5.MỤC TIÊU 2026\COSTDOWN 2026\PDF\"&B46&".pdf","XEM")) -> XEM | D46: ='[8]Linh Kiện'!E48 -> 1 | E46: ='[8]Linh Kiện'!AK48 -> 931.13344 | Q46: 1 | R46: =SUM(F46:Q46) -> 1 | T46: =$E46*F46 -> 0 | U46: =$E46*G46 -> 0 | V46: =$E46*H46 -> 0 | W46: =$E46*I46 -> 0 | X46: =$E46*J46 -> 0 | Y46: =$E46*K46 -> 0 | Z46: =$E46*L46 -> 0 | AA46: =$E46*M46 -> 0 | ... AE46: =$E46*Q46 -> 931.13344 | AG46: #N/A | AH46: #N/A | AI46: #N/A | AJ46: #N/A | AK46: #N/A | AL46: #N/A | AO46: =AN46*E46 -> 0 | AQ46: =AP46*E46 -> 0 | AS46: =AR46*E46 -> 0 | AU46: =AT46*E46 -> 0 | AW46: =AV46*E46 -> 0 | AY46: =AX46*E46 -> 0 | BA46: =AZ46*E46 -> 0 | BC46: =BB46*E46 -> 0 | BE46: =BD46*E46 -> 0 | BG46: =BF46*E46 -> 0 | BI46: =BH46*E46 -> 0 | BK46: =BJ46*E46 -> 0
A47: 43 | B47: ='[8]Linh Kiện'!D49 -> S933608 | C47: =IF(B47="","",HYPERLINK("\\vdm-fsvr\Cokhi-機工\CONG VIEC CHUNG 2026\★2026年度年次目標設定\5.COSTDOWN 2026\5.MỤC TIÊU 2026\COSTDOWN 2026\PDF\"&B47&".pdf","XEM")) -> XEM | D47: ='[8]Linh Kiện'!E49 -> 2 | E47: ='[8]Linh Kiện'!AK49 -> 56.312638 | I47: 1 | M47: 1 | R47: =SUM(F47:Q47) -> 2 | T47: =$E47*F47 -> 0 | U47: =$E47*G47 -> 0 | V47: =$E47*H47 -> 0 | W47: =$E47*I47 -> 56.312638 | X47: =$E47*J47 -> 0 | Y47: =$E47*K47 -> 0 | Z47: =$E47*L47 -> 0 | AA47: =$E47*M47 -> 56.312638 | ... AE47: =$E47*Q47 -> 0 | AG47: 213511088A | AH47: 52 | AI47: 1 | AJ47: OK | AL47: 2026/03/06 | AM47: T2 | AN47: 1 | AO47: =AN47*E47 -> 56.312638 | AP47: 1 | AQ47: =AP47*E47 -> 56.312638 | AS47: =AR47*E47 -> 0 | AU47: =AT47*E47 -> 0 | AW47: =AV47*E47 -> 0 | AY47: =AX47*E47 -> 0 | BA47: =AZ47*E47 -> 0 | BC47: =BB47*E47 -> 0 | BE47: =BD47*E47 -> 0 | BG47: =BF47*E47 -> 0 | BI47: =BH47*E47 -> 0 | BK47: =BJ47*E47 -> 0
A48: 44 | B48: ='[8]Linh Kiện'!D50 -> R058142 | C48: =IF(B48="","",HYPERLINK("\\vdm-fsvr\Cokhi-機工\CONG VIEC CHUNG 2026\★2026年度年次目標設定\5.COSTDOWN 2026\5.MỤC TIÊU 2026\COSTDOWN 2026\PDF\"&B48&".pdf","XEM")) -> XEM | D48: ='[8]Linh Kiện'!E50 -> 1 | E48: ='[8]Linh Kiện'!AK50 -> 593.99004 | O48: 1 | R48: =SUM(F48:Q48) -> 1 | T48: =$E48*F48 -> 0 | U48: =$E48*G48 -> 0 | V48: =$E48*H48 -> 0 | W48: =$E48*I48 -> 0 | X48: =$E48*J48 -> 0 | Y48: =$E48*K48 -> 0 | Z48: =$E48*L48 -> 0 | AA48: =$E48*M48 -> 0 | ... AE48: =$E48*Q48 -> 0 | AG48: #N/A | AH48: #N/A | AI48: #N/A | AJ48: #N/A | AK48: #N/A | AL48: #N/A | AO48: =AN48*E48 -> 0 | AQ48: =AP48*E48 -> 0 | AS48: =AR48*E48 -> 0 | AU48: =AT48*E48 -> 0 | AW48: =AV48*E48 -> 0 | AY48: =AX48*E48 -> 0 | BA48: =AZ48*E48 -> 0 | BC48: =BB48*E48 -> 0 | BE48: =BD48*E48 -> 0 | BG48: =BF48*E48 -> 0 | BI48: =BH48*E48 -> 0 | BK48: =BJ48*E48 -> 0
A49: 45 | B49: ='[8]Linh Kiện'!D51 -> S856500 | C49: =IF(B49="","",HYPERLINK("\\vdm-fsvr\Cokhi-機工\CONG VIEC CHUNG 2026\★2026年度年次目標設定\5.COSTDOWN 2026\5.MỤC TIÊU 2026\COSTDOWN 2026\PDF\"&B49&".pdf","XEM")) -> XEM | D49: ='[8]Linh Kiện'!E51 -> 1 | E49: ='[8]Linh Kiện'!AK51 -> 436.49644 | J49: 1 | R49: =SUM(F49:Q49) -> 1 | T49: =$E49*F49 -> 0 | U49: =$E49*G49 -> 0 | V49: =$E49*H49 -> 0 | W49: =$E49*I49 -> 0 | X49: =$E49*J49 -> 436.49644 | Y49: =$E49*K49 -> 0 | Z49: =$E49*L49 -> 0 | AA49: =$E49*M49 -> 0 | ... AE49: =$E49*Q49 -> 0 | AG49: L611507035 | AH49: 2 | AI49: 1 | AJ49: OK | AL49: 2026/02/10 | AM49: T1 | AN49: 1 | AO49: =AN49*E49 -> 436.49644 | AQ49: =AP49*E49 -> 0 | AS49: =AR49*E49 -> 0 | AU49: =AT49*E49 -> 0 | AW49: =AV49*E49 -> 0 | AY49: =AX49*E49 -> 0 | BA49: =AZ49*E49 -> 0 | BC49: =BB49*E49 -> 0 | BE49: =BD49*E49 -> 0 | BG49: =BF49*E49 -> 0 | BI49: =BH49*E49 -> 0 | BK49: =BJ49*E49 -> 0
A50: 46 | B50: ='[8]Linh Kiện'!D52 -> R477713 | C50: =IF(B50="","",HYPERLINK("\\vdm-fsvr\Cokhi-機工\CONG VIEC CHUNG 2026\★2026年度年次目標設定\5.COSTDOWN 2026\5.MỤC TIÊU 2026\COSTDOWN 2026\PDF\"&B50&".pdf","XEM")) -> XEM | D50: ='[8]Linh Kiện'!E52 -> 1 | E50: ='[8]Linh Kiện'!AK52 -> 976.67004 | F50: 1 | R50: =SUM(F50:Q50) -> 1 | T50: =$E50*F50 -> 976.67004 | U50: =$E50*G50 -> 0 | V50: =$E50*H50 -> 0 | W50: =$E50*I50 -> 0 | X50: =$E50*J50 -> 0 | Y50: =$E50*K50 -> 0 | Z50: =$E50*L50 -> 0 | AA50: =$E50*M50 -> 0 | ... AE50: =$E50*Q50 -> 0 | AG50: #N/A | AH50: #N/A | AI50: #N/A | AJ50: #N/A | AK50: #N/A | AL50: #N/A | AO50: =AN50*E50 -> 0 | AQ50: =AP50*E50 -> 0 | AS50: =AR50*E50 -> 0 | AU50: =AT50*E50 -> 0 | AW50: =AV50*E50 -> 0 | AY50: =AX50*E50 -> 0 | BA50: =AZ50*E50 -> 0 | BC50: =BB50*E50 -> 0 | BE50: =BD50*E50 -> 0 | BG50: =BF50*E50 -> 0 | BI50: =BH50*E50 -> 0 | BK50: =BJ50*E50 -> 0
A51: 47 | B51: ='[8]Linh Kiện'!D53 -> R551914 | C51: =IF(B51="","",HYPERLINK("\\vdm-fsvr\Cokhi-機工\CONG VIEC CHUNG 2026\★2026年度年次目標設定\5.COSTDOWN 2026\5.MỤC TIÊU 2026\COSTDOWN 2026\PDF\"&B51&".pdf","XEM")) -> XEM | D51: ='[8]Linh Kiện'!E53 -> 1 | E51: ='[8]Linh Kiện'!AK53 -> 427.7408 | M51: 1 | R51: =SUM(F51:Q51) -> 1 | T51: =$E51*F51 -> 0 | U51: =$E51*G51 -> 0 | V51: =$E51*H51 -> 0 | W51: =$E51*I51 -> 0 | X51: =$E51*J51 -> 0 | Y51: =$E51*K51 -> 0 | Z51: =$E51*L51 -> 0 | AA51: =$E51*M51 -> 427.7408 | ... AE51: =$E51*Q51 -> 0 | AG51: #N/A | AH51: #N/A | AI51: #N/A | AJ51: #N/A | AK51: #N/A | AL51: #N/A | AO51: =AN51*E51 -> 0 | AQ51: =AP51*E51 -> 0 | AS51: =AR51*E51 -> 0 | AU51: =AT51*E51 -> 0 | AW51: =AV51*E51 -> 0 | AY51: =AX51*E51 -> 0 | BA51: =AZ51*E51 -> 0 | BC51: =BB51*E51 -> 0 | BE51: =BD51*E51 -> 0 | BG51: =BF51*E51 -> 0 | BI51: =BH51*E51 -> 0 | BK51: =BJ51*E51 -> 0
A52: 48 | B52: ='[8]Linh Kiện'!D54 -> R063081 | C52: =IF(B52="","",HYPERLINK("\\vdm-fsvr\Cokhi-機工\CONG VIEC CHUNG 2026\★2026年度年次目標設定\5.COSTDOWN 2026\5.MỤC TIÊU 2026\COSTDOWN 2026\PDF\"&B52&".pdf","XEM")) -> XEM | D52: ='[8]Linh Kiện'!E54 -> 1 | E52: ='[8]Linh Kiện'!AK54 -> 334.95264 | I52: 1 | R52: =SUM(F52:Q52) -> 1 | T52: =$E52*F52 -> 0 | U52: =$E52*G52 -> 0 | V52: =$E52*H52 -> 0 | W52: =$E52*I52 -> 334.95264 | X52: =$E52*J52 -> 0 | Y52: =$E52*K52 -> 0 | Z52: =$E52*L52 -> 0 | AA52: =$E52*M52 -> 0 | ... AE52: =$E52*Q52 -> 0 | AG52: #N/A | AH52: #N/A | AI52: #N/A | AJ52: #N/A | AK52: #N/A | AL52: #N/A | AO52: =AN52*E52 -> 0 | AQ52: =AP52*E52 -> 0 | AS52: =AR52*E52 -> 0 | AU52: =AT52*E52 -> 0 | AW52: =AV52*E52 -> 0 | AY52: =AX52*E52 -> 0 | BA52: =AZ52*E52 -> 0 | BC52: =BB52*E52 -> 0 | BE52: =BD52*E52 -> 0 | BG52: =BF52*E52 -> 0 | BI52: =BH52*E52 -> 0 | BK52: =BJ52*E52 -> 0
A53: 49 | B53: ='[8]Linh Kiện'!D55 -> S056253 | C53: =IF(B53="","",HYPERLINK("\\vdm-fsvr\Cokhi-機工\CONG VIEC CHUNG 2026\★2026年度年次目標設定\5.COSTDOWN 2026\5.MỤC TIÊU 2026\COSTDOWN 2026\PDF\"&B53&".pdf","XEM")) -> XEM | D53: ='[8]Linh Kiện'!E55 -> 1 | E53: ='[8]Linh Kiện'!AK55 -> 551.52655 | M53: 1 | R53: =SUM(F53:Q53) -> 1 | T53: =$E53*F53 -> 0 | U53: =$E53*G53 -> 0 | V53: =$E53*H53 -> 0 | W53: =$E53*I53 -> 0 | X53: =$E53*J53 -> 0 | Y53: =$E53*K53 -> 0 | Z53: =$E53*L53 -> 0 | AA53: =$E53*M53 -> 551.52655 | ... AE53: =$E53*Q53 -> 0 | AG53: 213508084A | AH53: 31 | AI53: 2 | AJ53: AF | AK53: GS2 | AL53: 2026/04/16 | AO53: =AN53*E53 -> 0 | AQ53: =AP53*E53 -> 0 | AS53: =AR53*E53 -> 0 | AU53: =AT53*E53 -> 0 | AW53: =AV53*E53 -> 0 | AY53: =AX53*E53 -> 0 | BA53: =AZ53*E53 -> 0 | BC53: =BB53*E53 -> 0 | BE53: =BD53*E53 -> 0 | BG53: =BF53*E53 -> 0 | BI53: =BH53*E53 -> 0 | BK53: =BJ53*E53 -> 0
A54: 50 | B54: ='[8]Linh Kiện'!D56 -> R486449 | C54: =IF(B54="","",HYPERLINK("\\vdm-fsvr\Cokhi-機工\CONG VIEC CHUNG 2026\★2026年度年次目標設定\5.COSTDOWN 2026\5.MỤC TIÊU 2026\COSTDOWN 2026\PDF\"&B54&".pdf","XEM")) -> XEM | D54: ='[8]Linh Kiện'!E56 -> 2 | E54: ='[8]Linh Kiện'!AK56 -> 131.783 | L54: 1 | O54: 1 | R54: =SUM(F54:Q54) -> 2 | T54: =$E54*F54 -> 0 | U54: =$E54*G54 -> 0 | V54: =$E54*H54 -> 0 | W54: =$E54*I54 -> 0 | X54: =$E54*J54 -> 0 | Y54: =$E54*K54 -> 0 | Z54: =$E54*L54 -> 131.783 | AA54: =$E54*M54 -> 0 | ... AE54: =$E54*Q54 -> 0 | AG54: #N/A | AH54: #N/A | AI54: #N/A | AJ54: #N/A | AK54: #N/A | AL54: #N/A | AO54: =AN54*E54 -> 0 | AQ54: =AP54*E54 -> 0 | AS54: =AR54*E54 -> 0 | AU54: =AT54*E54 -> 0 | AW54: =AV54*E54 -> 0 | AY54: =AX54*E54 -> 0 | BA54: =AZ54*E54 -> 0 | BC54: =BB54*E54 -> 0 | BE54: =BD54*E54 -> 0 | BG54: =BF54*E54 -> 0 | BI54: =BH54*E54 -> 0 | BK54: =BJ54*E54 -> 0
A55: 51 | B55: ='[8]Linh Kiện'!D57 -> R487084 | C55: =IF(B55="","",HYPERLINK("\\vdm-fsvr\Cokhi-機工\CONG VIEC CHUNG 2026\★2026年度年次目標設定\5.COSTDOWN 2026\5.MỤC TIÊU 2026\COSTDOWN 2026\PDF\"&B55&".pdf","XEM")) -> XEM | D55: ='[8]Linh Kiện'!E57 -> 2 | E55: ='[8]Linh Kiện'!AK57 -> 144.1676 | K55: 1 | N55: 1 | R55: =SUM(F55:Q55) -> 2 | T55: =$E55*F55 -> 0 | U55: =$E55*G55 -> 0 | V55: =$E55*H55 -> 0 | W55: =$E55*I55 -> 0 | X55: =$E55*J55 -> 0 | Y55: =$E55*K55 -> 144.1676 | Z55: =$E55*L55 -> 0 | AA55: =$E55*M55 -> 0 | ... AE55: =$E55*Q55 -> 0 | AG55: #N/A | AH55: #N/A | AI55: #N/A | AJ55: #N/A | AK55: #N/A | AL55: #N/A | AO55: =AN55*E55 -> 0 | AQ55: =AP55*E55 -> 0 | AS55: =AR55*E55 -> 0 | AU55: =AT55*E55 -> 0 | AW55: =AV55*E55 -> 0 | AY55: =AX55*E55 -> 0 | BA55: =AZ55*E55 -> 0 | BC55: =BB55*E55 -> 0 | BE55: =BD55*E55 -> 0 | BG55: =BF55*E55 -> 0 | BI55: =BH55*E55 -> 0 | BK55: =BJ55*E55 -> 0
A56: 52 | B56: ='[8]Linh Kiện'!D58 -> S157558 | C56: =IF(B56="","",HYPERLINK("\\vdm-fsvr\Cokhi-機工\CONG VIEC CHUNG 2026\★2026年度年次目標設定\5.COSTDOWN 2026\5.MỤC TIÊU 2026\COSTDOWN 2026\PDF\"&B56&".pdf","XEM")) -> XEM | D56: ='[8]Linh Kiện'!E58 -> 2 | E56: ='[8]Linh Kiện'!AK58 -> 215.71765 | L56: 1 | P56: 1 | R56: =SUM(F56:Q56) -> 2 | T56: =$E56*F56 -> 0 | U56: =$E56*G56 -> 0 | V56: =$E56*H56 -> 0 | W56: =$E56*I56 -> 0 | X56: =$E56*J56 -> 0 | Y56: =$E56*K56 -> 0 | Z56: =$E56*L56 -> 215.71765 | AA56: =$E56*M56 -> 0 | ... AE56: =$E56*Q56 -> 0 | AG56: #N/A | AH56: #N/A | AI56: #N/A | AJ56: #N/A | AK56: #N/A | AL56: #N/A | AO56: =AN56*E56 -> 0 | AQ56: =AP56*E56 -> 0 | AS56: =AR56*E56 -> 0 | AU56: =AT56*E56 -> 0 | AW56: =AV56*E56 -> 0 | AY56: =AX56*E56 -> 0 | BA56: =AZ56*E56 -> 0 | BC56: =BB56*E56 -> 0 | BE56: =BD56*E56 -> 0 | BG56: =BF56*E56 -> 0 | BI56: =BH56*E56 -> 0 | BK56: =BJ56*E56 -> 0
A57: 53 | B57: ='[8]Linh Kiện'!D59 -> R551864 | C57: =IF(B57="","",HYPERLINK("\\vdm-fsvr\Cokhi-機工\CONG VIEC CHUNG 2026\★2026年度年次目標設定\5.COSTDOWN 2026\5.MỤC TIÊU 2026\COSTDOWN 2026\PDF\"&B57&".pdf","XEM")) -> XEM | D57: ='[8]Linh Kiện'!E59 -> 3 | E57: ='[8]Linh Kiện'!AK59 -> 153.57889 | I57: 1 | M57: 1 | Q57: 1 | R57: =SUM(F57:Q57) -> 3 | T57: =$E57*F57 -> 0 | U57: =$E57*G57 -> 0 | V57: =$E57*H57 -> 0 | W57: =$E57*I57 -> 153.57889 | X57: =$E57*J57 -> 0 | Y57: =$E57*K57 -> 0 | Z57: =$E57*L57 -> 0 | AA57: =$E57*M57 -> 153.57889 | ... AE57: =$E57*Q57 -> 153.57889 | AG57: #N/A | AH57: #N/A | AI57: #N/A | AJ57: #N/A | AK57: #N/A | AL57: #N/A | AO57: =AN57*E57 -> 0 | AQ57: =AP57*E57 -> 0 | AS57: =AR57*E57 -> 0 | AU57: =AT57*E57 -> 0 | AW57: =AV57*E57 -> 0 | AY57: =AX57*E57 -> 0 | BA57: =AZ57*E57 -> 0 | BC57: =BB57*E57 -> 0 | BE57: =BD57*E57 -> 0 | BG57: =BF57*E57 -> 0 | BI57: =BH57*E57 -> 0 | BK57: =BJ57*E57 -> 0
A58: 54 | B58: ='[8]Linh Kiện'!D60 -> S845562 | C58: =IF(B58="","",HYPERLINK("\\vdm-fsvr\Cokhi-機工\CONG VIEC CHUNG 2026\★2026年度年次目標設定\5.COSTDOWN 2026\5.MỤC TIÊU 2026\COSTDOWN 2026\PDF\"&B58&".pdf","XEM")) -> XEM | D58: ='[8]Linh Kiện'!E60 -> 2 | E58: ='[8]Linh Kiện'!AK60 -> 411.1012 | J58: 1 | N58: 1 | R58: =SUM(F58:Q58) -> 2 | T58: =$E58*F58 -> 0 | U58: =$E58*G58 -> 0 | V58: =$E58*H58 -> 0 | W58: =$E58*I58 -> 0 | X58: =$E58*J58 -> 411.1012 | Y58: =$E58*K58 -> 0 | Z58: =$E58*L58 -> 0 | AA58: =$E58*M58 -> 0 | ... AE58: =$E58*Q58 -> 0 | AG58: #N/A | AH58: #N/A | AI58: #N/A | AJ58: #N/A | AK58: #N/A | AL58: #N/A | AO58: =AN58*E58 -> 0 | AQ58: =AP58*E58 -> 0 | AS58: =AR58*E58 -> 0 | AU58: =AT58*E58 -> 0 | AW58: =AV58*E58 -> 0 | AY58: =AX58*E58 -> 0 | BA58: =AZ58*E58 -> 0 | BC58: =BB58*E58 -> 0 | BE58: =BD58*E58 -> 0 | BG58: =BF58*E58 -> 0 | BI58: =BH58*E58 -> 0 | BK58: =BJ58*E58 -> 0
A59: 55 | B59: ='[8]Linh Kiện'!D61 -> R478851 | C59: =IF(B59="","",HYPERLINK("\\vdm-fsvr\Cokhi-機工\CONG VIEC CHUNG 2026\★2026年度年次目標設定\5.COSTDOWN 2026\5.MỤC TIÊU 2026\COSTDOWN 2026\PDF\"&B59&".pdf","XEM")) -> XEM | D59: ='[8]Linh Kiện'!E61 -> 2 | E59: ='[8]Linh Kiện'!AK61 -> 123.5164 | F59: 1 | L59: 1 | R59: =SUM(F59:Q59) -> 2 | T59: =$E59*F59 -> 123.5164 | U59: =$E59*G59 -> 0 | V59: =$E59*H59 -> 0 | W59: =$E59*I59 -> 0 | X59: =$E59*J59 -> 0 | Y59: =$E59*K59 -> 0 | Z59: =$E59*L59 -> 123.5164 | AA59: =$E59*M59 -> 0 | ... AE59: =$E59*Q59 -> 0 | AG59: #N/A | AH59: #N/A | AI59: #N/A | AJ59: #N/A | AK59: #N/A | AL59: #N/A | AO59: =AN59*E59 -> 0 | AQ59: =AP59*E59 -> 0 | AS59: =AR59*E59 -> 0 | AU59: =AT59*E59 -> 0 | AW59: =AV59*E59 -> 0 | AY59: =AX59*E59 -> 0 | BA59: =AZ59*E59 -> 0 | BC59: =BB59*E59 -> 0 | BE59: =BD59*E59 -> 0 | BG59: =BF59*E59 -> 0 | BI59: =BH59*E59 -> 0 | BK59: =BJ59*E59 -> 0
A60: 56 | B60: ='[8]Linh Kiện'!D62 -> R394374 | C60: =IF(B60="","",HYPERLINK("\\vdm-fsvr\Cokhi-機工\CONG VIEC CHUNG 2026\★2026年度年次目標設定\5.COSTDOWN 2026\5.MỤC TIÊU 2026\COSTDOWN 2026\PDF\"&B60&".pdf","XEM")) -> XEM | D60: ='[8]Linh Kiện'!E62 -> 2 | E60: ='[8]Linh Kiện'!AK62 -> 170.0664 | G60: 1 | M60: 1 | R60: =SUM(F60:Q60) -> 2 | T60: =$E60*F60 -> 0 | U60: =$E60*G60 -> 170.0664 | V60: =$E60*H60 -> 0 | W60: =$E60*I60 -> 0 | X60: =$E60*J60 -> 0 | Y60: =$E60*K60 -> 0 | Z60: =$E60*L60 -> 0 | AA60: =$E60*M60 -> 170.0664 | ... AE60: =$E60*Q60 -> 0 | AG60: 6116020057 | AH60: 1 | AI60: 1 | AJ60: OK | AL60: 2026/03/06 | AM60: T3 | AO60: =AN60*E60 -> 0 | AQ60: =AP60*E60 -> 0 | AR60: 1 | AS60: =AR60*E60 -> 170.0664 | AU60: =AT60*E60 -> 0 | AW60: =AV60*E60 -> 0 | AY60: =AX60*E60 -> 0 | BA60: =AZ60*E60 -> 0 | BC60: =BB60*E60 -> 0 | BE60: =BD60*E60 -> 0 | BG60: =BF60*E60 -> 0 | BI60: =BH60*E60 -> 0 | BK60: =BJ60*E60 -> 0
A61: 57 | B61: ='[8]Linh Kiện'!D63 -> S817484 | C61: =IF(B61="","",HYPERLINK("\\vdm-fsvr\Cokhi-機工\CONG VIEC CHUNG 2026\★2026年度年次目標設定\5.COSTDOWN 2026\5.MỤC TIÊU 2026\COSTDOWN 2026\PDF\"&B61&".pdf","XEM")) -> XEM | D61: ='[8]Linh Kiện'!E63 -> 1 | E61: ='[8]Linh Kiện'!AK63 -> 604.8912 | L61: 1 | R61: =SUM(F61:Q61) -> 1 | T61: =$E61*F61 -> 0 | U61: =$E61*G61 -> 0 | V61: =$E61*H61 -> 0 | W61: =$E61*I61 -> 0 | X61: =$E61*J61 -> 0 | Y61: =$E61*K61 -> 0 | Z61: =$E61*L61 -> 604.8912 | AA61: =$E61*M61 -> 0 | ... AE61: =$E61*Q61 -> 0 | AG61: #N/A | AH61: #N/A | AI61: #N/A | AJ61: #N/A | AK61: #N/A | AL61: #N/A | AO61: =AN61*E61 -> 0 | AQ61: =AP61*E61 -> 0 | AS61: =AR61*E61 -> 0 | AU61: =AT61*E61 -> 0 | AW61: =AV61*E61 -> 0 | AY61: =AX61*E61 -> 0 | BA61: =AZ61*E61 -> 0 | BC61: =BB61*E61 -> 0 | BE61: =BD61*E61 -> 0 | BG61: =BF61*E61 -> 0 | BI61: =BH61*E61 -> 0 | BK61: =BJ61*E61 -> 0
A62: 58 | B62: ='[8]Linh Kiện'!D64 -> R058194 | C62: =IF(B62="","",HYPERLINK("\\vdm-fsvr\Cokhi-機工\CONG VIEC CHUNG 2026\★2026年度年次目標設定\5.COSTDOWN 2026\5.MỤC TIÊU 2026\COSTDOWN 2026\PDF\"&B62&".pdf","XEM")) -> XEM | D62: ='[8]Linh Kiện'!E64 -> 1 | E62: ='[8]Linh Kiện'!AK64 -> 788.8912 | I62: 1 | R62: =SUM(F62:Q62) -> 1 | T62: =$E62*F62 -> 0 | U62: =$E62*G62 -> 0 | V62: =$E62*H62 -> 0 | W62: =$E62*I62 -> 788.8912 | X62: =$E62*J62 -> 0 | Y62: =$E62*K62 -> 0 | Z62: =$E62*L62 -> 0 | AA62: =$E62*M62 -> 0 | ... AE62: =$E62*Q62 -> 0 | AG62: #N/A | AH62: #N/A | AI62: #N/A | AJ62: #N/A | AK62: #N/A | AL62: #N/A | AO62: =AN62*E62 -> 0 | AQ62: =AP62*E62 -> 0 | AS62: =AR62*E62 -> 0 | AU62: =AT62*E62 -> 0 | AW62: =AV62*E62 -> 0 | AY62: =AX62*E62 -> 0 | BA62: =AZ62*E62 -> 0 | BC62: =BB62*E62 -> 0 | BE62: =BD62*E62 -> 0 | BG62: =BF62*E62 -> 0 | BI62: =BH62*E62 -> 0 | BK62: =BJ62*E62 -> 0
A63: 59 | B63: ='[8]Linh Kiện'!D65 -> R418572 | C63: =IF(B63="","",HYPERLINK("\\vdm-fsvr\Cokhi-機工\CONG VIEC CHUNG 2026\★2026年度年次目標設定\5.COSTDOWN 2026\5.MỤC TIÊU 2026\COSTDOWN 2026\PDF\"&B63&".pdf","XEM")) -> XEM | D63: ='[8]Linh Kiện'!E65 -> 1 | E63: ='[8]Linh Kiện'!AK65 -> 788.8912 | P63: 1 | R63: =SUM(F63:Q63) -> 1 | T63: =$E63*F63 -> 0 | U63: =$E63*G63 -> 0 | V63: =$E63*H63 -> 0 | W63: =$E63*I63 -> 0 | X63: =$E63*J63 -> 0 | Y63: =$E63*K63 -> 0 | Z63: =$E63*L63 -> 0 | AA63: =$E63*M63 -> 0 | ... AE63: =$E63*Q63 -> 0 | AG63: #N/A | AH63: #N/A | AI63: #N/A | AJ63: #N/A | AK63: #N/A | AL63: #N/A | AO63: =AN63*E63 -> 0 | AQ63: =AP63*E63 -> 0 | AS63: =AR63*E63 -> 0 | AU63: =AT63*E63 -> 0 | AW63: =AV63*E63 -> 0 | AY63: =AX63*E63 -> 0 | BA63: =AZ63*E63 -> 0 | BC63: =BB63*E63 -> 0 | BE63: =BD63*E63 -> 0 | BG63: =BF63*E63 -> 0 | BI63: =BH63*E63 -> 0 | BK63: =BJ63*E63 -> 0
A64: 60 | B64: ='[8]Linh Kiện'!D66 -> S723748 | C64: =IF(B64="","",HYPERLINK("\\vdm-fsvr\Cokhi-機工\CONG VIEC CHUNG 2026\★2026年度年次目標設定\5.COSTDOWN 2026\5.MỤC TIÊU 2026\COSTDOWN 2026\PDF\"&B64&".pdf","XEM")) -> XEM | D64: ='[8]Linh Kiện'!E66 -> 1 | E64: ='[8]Linh Kiện'!AK66 -> 581.7318 | M64: 1 | R64: =SUM(F64:Q64) -> 1 | T64: =$E64*F64 -> 0 | U64: =$E64*G64 -> 0 | V64: =$E64*H64 -> 0 | W64: =$E64*I64 -> 0 | X64: =$E64*J64 -> 0 | Y64: =$E64*K64 -> 0 | Z64: =$E64*L64 -> 0 | AA64: =$E64*M64 -> 581.7318 | ... AE64: =$E64*Q64 -> 0 | AG64: #N/A | AH64: #N/A | AI64: #N/A | AJ64: #N/A | AK64: #N/A | AL64: #N/A | AO64: =AN64*E64 -> 0 | AQ64: =AP64*E64 -> 0 | AS64: =AR64*E64 -> 0 | AU64: =AT64*E64 -> 0 | AW64: =AV64*E64 -> 0 | AY64: =AX64*E64 -> 0 | BA64: =AZ64*E64 -> 0 | BC64: =BB64*E64 -> 0 | BE64: =BD64*E64 -> 0 | BG64: =BF64*E64 -> 0 | BI64: =BH64*E64 -> 0 | BK64: =BJ64*E64 -> 0
A65: 61 | B65: ='[8]Linh Kiện'!D67 -> S723746 | C65: =IF(B65="","",HYPERLINK("\\vdm-fsvr\Cokhi-機工\CONG VIEC CHUNG 2026\★2026年度年次目標設定\5.COSTDOWN 2026\5.MỤC TIÊU 2026\COSTDOWN 2026\PDF\"&B65&".pdf","XEM")) -> XEM | D65: ='[8]Linh Kiện'!E67 -> 1 | E65: ='[8]Linh Kiện'!AK67 -> 416.6072 | G65: 1 | R65: =SUM(F65:Q65) -> 1 | T65: =$E65*F65 -> 0 | U65: =$E65*G65 -> 416.6072 | V65: =$E65*H65 -> 0 | W65: =$E65*I65 -> 0 | X65: =$E65*J65 -> 0 | Y65: =$E65*K65 -> 0 | Z65: =$E65*L65 -> 0 | AA65: =$E65*M65 -> 0 | ... AE65: =$E65*Q65 -> 0 | AG65: #N/A | AH65: #N/A | AI65: #N/A | AJ65: #N/A | AK65: #N/A | AL65: #N/A | AO65: =AN65*E65 -> 0 | AQ65: =AP65*E65 -> 0 | AS65: =AR65*E65 -> 0 | AU65: =AT65*E65 -> 0 | AW65: =AV65*E65 -> 0 | AY65: =AX65*E65 -> 0 | BA65: =AZ65*E65 -> 0 | BC65: =BB65*E65 -> 0 | BE65: =BD65*E65 -> 0 | BG65: =BF65*E65 -> 0 | BI65: =BH65*E65 -> 0 | BK65: =BJ65*E65 -> 0
A66: 62 | B66: ='[8]Linh Kiện'!D68 -> S868074 | C66: =IF(B66="","",HYPERLINK("\\vdm-fsvr\Cokhi-機工\CONG VIEC CHUNG 2026\★2026年度年次目標設定\5.COSTDOWN 2026\5.MỤC TIÊU 2026\COSTDOWN 2026\PDF\"&B66&".pdf","XEM")) -> XEM | D66: ='[8]Linh Kiện'!E68 -> 1 | E66: ='[8]Linh Kiện'!AK68 -> 794.0816 | I66: 1 | R66: =SUM(F66:Q66) -> 1 | T66: =$E66*F66 -> 0 | U66: =$E66*G66 -> 0 | V66: =$E66*H66 -> 0 | W66: =$E66*I66 -> 794.0816 | X66: =$E66*J66 -> 0 | Y66: =$E66*K66 -> 0 | Z66: =$E66*L66 -> 0 | AA66: =$E66*M66 -> 0 | ... AE66: =$E66*Q66 -> 0 | AG66: L611512041 | AH66: 2 | AI66: 1 | AJ66: EW1 | AK66: GS3 MC2 AF | AL66: 2026/04/20 | AM66: T3 | AO66: =AN66*E66 -> 0 | AQ66: =AP66*E66 -> 0 | AR66: 1 | AS66: =AR66*E66 -> 794.0816 | AU66: =AT66*E66 -> 0 | AW66: =AV66*E66 -> 0 | AY66: =AX66*E66 -> 0 | BA66: =AZ66*E66 -> 0 | BC66: =BB66*E66 -> 0 | BE66: =BD66*E66 -> 0 | BG66: =BF66*E66 -> 0 | BI66: =BH66*E66 -> 0 | BK66: =BJ66*E66 -> 0
A67: 63 | B67: ='[8]Linh Kiện'!D69 -> S895697 | C67: =IF(B67="","",HYPERLINK("\\vdm-fsvr\Cokhi-機工\CONG VIEC CHUNG 2026\★2026年度年次目標設定\5.COSTDOWN 2026\5.MỤC TIÊU 2026\COSTDOWN 2026\PDF\"&B67&".pdf","XEM")) -> XEM | D67: ='[8]Linh Kiện'!E69 -> 2 | E67: ='[8]Linh Kiện'!AK69 -> 643.698 | O67: 2 | R67: =SUM(F67:Q67) -> 2 | T67: =$E67*F67 -> 0 | U67: =$E67*G67 -> 0 | V67: =$E67*H67 -> 0 | W67: =$E67*I67 -> 0 | X67: =$E67*J67 -> 0 | Y67: =$E67*K67 -> 0 | Z67: =$E67*L67 -> 0 | AA67: =$E67*M67 -> 0 | ... AE67: =$E67*Q67 -> 0 | AG67: #N/A | AH67: #N/A | AI67: #N/A | AJ67: #N/A | AK67: #N/A | AL67: #N/A | AO67: =AN67*E67 -> 0 | AQ67: =AP67*E67 -> 0 | AS67: =AR67*E67 -> 0 | AU67: =AT67*E67 -> 0 | AW67: =AV67*E67 -> 0 | AY67: =AX67*E67 -> 0 | BA67: =AZ67*E67 -> 0 | BC67: =BB67*E67 -> 0 | BE67: =BD67*E67 -> 0 | BG67: =BF67*E67 -> 0 | BI67: =BH67*E67 -> 0 | BK67: =BJ67*E67 -> 0
A68: 64 | B68: ='[8]Linh Kiện'!D70 -> S895704 | C68: =IF(B68="","",HYPERLINK("\\vdm-fsvr\Cokhi-機工\CONG VIEC CHUNG 2026\★2026年度年次目標設定\5.COSTDOWN 2026\5.MỤC TIÊU 2026\COSTDOWN 2026\PDF\"&B68&".pdf","XEM")) -> XEM | D68: ='[8]Linh Kiện'!E70 -> 2 | E68: ='[8]Linh Kiện'!AK70 -> 332 | L68: 2 | R68: =SUM(F68:Q68) -> 2 | T68: =$E68*F68 -> 0 | U68: =$E68*G68 -> 0 | V68: =$E68*H68 -> 0 | W68: =$E68*I68 -> 0 | X68: =$E68*J68 -> 0 | Y68: =$E68*K68 -> 0 | Z68: =$E68*L68 -> 664 | AA68: =$E68*M68 -> 0 | ... AE68: =$E68*Q68 -> 0 | AG68: #N/A | AH68: #N/A | AI68: #N/A | AJ68: #N/A | AK68: #N/A | AL68: #N/A | AO68: =AN68*E68 -> 0 | AQ68: =AP68*E68 -> 0 | AS68: =AR68*E68 -> 0 | AU68: =AT68*E68 -> 0 | AW68: =AV68*E68 -> 0 | AY68: =AX68*E68 -> 0 | BA68: =AZ68*E68 -> 0 | BC68: =BB68*E68 -> 0 | BE68: =BD68*E68 -> 0 | BG68: =BF68*E68 -> 0 | BI68: =BH68*E68 -> 0 | BK68: =BJ68*E68 -> 0
A69: 65 | B69: ='[8]Linh Kiện'!D71 -> S895706 | C69: =IF(B69="","",HYPERLINK("\\vdm-fsvr\Cokhi-機工\CONG VIEC CHUNG 2026\★2026年度年次目標設定\5.COSTDOWN 2026\5.MỤC TIÊU 2026\COSTDOWN 2026\PDF\"&B69&".pdf","XEM")) -> XEM | D69: ='[8]Linh Kiện'!E71 -> 2 | E69: ='[8]Linh Kiện'!AK71 -> 654.298 | P69: 2 | R69: =SUM(F69:Q69) -> 2 | T69: =$E69*F69 -> 0 | U69: =$E69*G69 -> 0 | V69: =$E69*H69 -> 0 | W69: =$E69*I69 -> 0 | X69: =$E69*J69 -> 0 | Y69: =$E69*K69 -> 0 | Z69: =$E69*L69 -> 0 | AA69: =$E69*M69 -> 0 | ... AE69: =$E69*Q69 -> 0 | AG69: #N/A | AH69: #N/A | AI69: #N/A | AJ69: #N/A | AK69: #N/A | AL69: #N/A | AO69: =AN69*E69 -> 0 | AQ69: =AP69*E69 -> 0 | AS69: =AR69*E69 -> 0 | AU69: =AT69*E69 -> 0 | AW69: =AV69*E69 -> 0 | AY69: =AX69*E69 -> 0 | BA69: =AZ69*E69 -> 0 | BC69: =BB69*E69 -> 0 | BE69: =BD69*E69 -> 0 | BG69: =BF69*E69 -> 0 | BI69: =BH69*E69 -> 0 | BK69: =BJ69*E69 -> 0
A70: 66 | B70: ='[8]Linh Kiện'!D72 -> S895703 | C70: =IF(B70="","",HYPERLINK("\\vdm-fsvr\Cokhi-機工\CONG VIEC CHUNG 2026\★2026年度年次目標設定\5.COSTDOWN 2026\5.MỤC TIÊU 2026\COSTDOWN 2026\PDF\"&B70&".pdf","XEM")) -> XEM | D70: ='[8]Linh Kiện'!E72 -> 2 | E70: ='[8]Linh Kiện'!AK72 -> 248.0008 | Q70: 2 | R70: =SUM(F70:Q70) -> 2 | T70: =$E70*F70 -> 0 | U70: =$E70*G70 -> 0 | V70: =$E70*H70 -> 0 | W70: =$E70*I70 -> 0 | X70: =$E70*J70 -> 0 | Y70: =$E70*K70 -> 0 | Z70: =$E70*L70 -> 0 | AA70: =$E70*M70 -> 0 | ... AE70: =$E70*Q70 -> 496.0016 | AG70: #N/A | AH70: #N/A | AI70: #N/A | AJ70: #N/A | AK70: #N/A | AL70: #N/A | AO70: =AN70*E70 -> 0 | AQ70: =AP70*E70 -> 0 | AS70: =AR70*E70 -> 0 | AU70: =AT70*E70 -> 0 | AW70: =AV70*E70 -> 0 | AY70: =AX70*E70 -> 0 | BA70: =AZ70*E70 -> 0 | BC70: =BB70*E70 -> 0 | BE70: =BD70*E70 -> 0 | BG70: =BF70*E70 -> 0 | BI70: =BH70*E70 -> 0 | BK70: =BJ70*E70 -> 0
A71: 67 | B71: ='[8]Linh Kiện'!D73 -> S799127 | C71: =IF(B71="","",HYPERLINK("\\vdm-fsvr\Cokhi-機工\CONG VIEC CHUNG 2026\★2026年度年次目標設定\5.COSTDOWN 2026\5.MỤC TIÊU 2026\COSTDOWN 2026\PDF\"&B71&".pdf","XEM")) -> XEM | D71: ='[8]Linh Kiện'!E73 -> 2 | E71: ='[8]Linh Kiện'!AK73 -> 52.0008 | F71: 2 | R71: =SUM(F71:Q71) -> 2 | T71: =$E71*F71 -> 104.0016 | U71: =$E71*G71 -> 0 | V71: =$E71*H71 -> 0 | W71: =$E71*I71 -> 0 | X71: =$E71*J71 -> 0 | Y71: =$E71*K71 -> 0 | Z71: =$E71*L71 -> 0 | AA71: =$E71*M71 -> 0 | ... AE71: =$E71*Q71 -> 0 | AG71: #N/A | AH71: #N/A | AI71: #N/A | AJ71: #N/A | AK71: #N/A | AL71: #N/A | AO71: =AN71*E71 -> 0 | AQ71: =AP71*E71 -> 0 | AS71: =AR71*E71 -> 0 | AU71: =AT71*E71 -> 0 | AW71: =AV71*E71 -> 0 | AY71: =AX71*E71 -> 0 | BA71: =AZ71*E71 -> 0 | BC71: =BB71*E71 -> 0 | BE71: =BD71*E71 -> 0 | BG71: =BF71*E71 -> 0 | BI71: =BH71*E71 -> 0 | BK71: =BJ71*E71 -> 0
A72: 68 | B72: ='[8]Linh Kiện'!D74 -> S799137 | C72: =IF(B72="","",HYPERLINK("\\vdm-fsvr\Cokhi-機工\CONG VIEC CHUNG 2026\★2026年度年次目標設定\5.COSTDOWN 2026\5.MỤC TIÊU 2026\COSTDOWN 2026\PDF\"&B72&".pdf","XEM")) -> XEM | D72: ='[8]Linh Kiện'!E74 -> 2 | E72: ='[8]Linh Kiện'!AK74 -> 107.0008 | P72: 2 | R72: =SUM(F72:Q72) -> 2 | T72: =$E72*F72 -> 0 | U72: =$E72*G72 -> 0 | V72: =$E72*H72 -> 0 | W72: =$E72*I72 -> 0 | X72: =$E72*J72 -> 0 | Y72: =$E72*K72 -> 0 | Z72: =$E72*L72 -> 0 | AA72: =$E72*M72 -> 0 | ... AE72: =$E72*Q72 -> 0 | AG72: #N/A | AH72: #N/A | AI72: #N/A | AJ72: #N/A | AK72: #N/A | AL72: #N/A | AO72: =AN72*E72 -> 0 | AQ72: =AP72*E72 -> 0 | AS72: =AR72*E72 -> 0 | AU72: =AT72*E72 -> 0 | AW72: =AV72*E72 -> 0 | AY72: =AX72*E72 -> 0 | BA72: =AZ72*E72 -> 0 | BC72: =BB72*E72 -> 0 | BE72: =BD72*E72 -> 0 | BG72: =BF72*E72 -> 0 | BI72: =BH72*E72 -> 0 | BK72: =BJ72*E72 -> 0
A73: 69 | B73: ='[8]Linh Kiện'!D75 -> S799139 | C73: =IF(B73="","",HYPERLINK("\\vdm-fsvr\Cokhi-機工\CONG VIEC CHUNG 2026\★2026年度年次目標設定\5.COSTDOWN 2026\5.MỤC TIÊU 2026\COSTDOWN 2026\PDF\"&B73&".pdf","XEM")) -> XEM | D73: ='[8]Linh Kiện'!E75 -> 2 | E73: ='[8]Linh Kiện'!AK75 -> 150.0008 | J73: 2 | R73: =SUM(F73:Q73) -> 2 | T73: =$E73*F73 -> 0 | U73: =$E73*G73 -> 0 | V73: =$E73*H73 -> 0 | W73: =$E73*I73 -> 0 | X73: =$E73*J73 -> 300.0016 | Y73: =$E73*K73 -> 0 | Z73: =$E73*L73 -> 0 | AA73: =$E73*M73 -> 0 | ... AE73: =$E73*Q73 -> 0 | AG73: #N/A | AH73: #N/A | AI73: #N/A | AJ73: #N/A | AK73: #N/A | AL73: #N/A | AO73: =AN73*E73 -> 0 | AQ73: =AP73*E73 -> 0 | AS73: =AR73*E73 -> 0 | AU73: =AT73*E73 -> 0 | AW73: =AV73*E73 -> 0 | AY73: =AX73*E73 -> 0 | BA73: =AZ73*E73 -> 0 | BC73: =BB73*E73 -> 0 | BE73: =BD73*E73 -> 0 | BG73: =BF73*E73 -> 0 | BI73: =BH73*E73 -> 0 | BK73: =BJ73*E73 -> 0
A74: 70 | B74: ='[8]Linh Kiện'!D76 -> S609460 | C74: =IF(B74="","",HYPERLINK("\\vdm-fsvr\Cokhi-機工\CONG VIEC CHUNG 2026\★2026年度年次目標設定\5.COSTDOWN 2026\5.MỤC TIÊU 2026\COSTDOWN 2026\PDF\"&B74&".pdf","XEM")) -> XEM | D74: ='[8]Linh Kiện'!E76 -> 2 | E74: ='[8]Linh Kiện'!AK76 -> 133.1708 | P74: 2 | R74: =SUM(F74:Q74) -> 2 | T74: =$E74*F74 -> 0 | U74: =$E74*G74 -> 0 | V74: =$E74*H74 -> 0 | W74: =$E74*I74 -> 0 | X74: =$E74*J74 -> 0 | Y74: =$E74*K74 -> 0 | Z74: =$E74*L74 -> 0 | AA74: =$E74*M74 -> 0 | ... AE74: =$E74*Q74 -> 0 | AG74: #N/A | AH74: #N/A | AI74: #N/A | AJ74: #N/A | AK74: #N/A | AL74: #N/A | AO74: =AN74*E74 -> 0 | AQ74: =AP74*E74 -> 0 | AS74: =AR74*E74 -> 0 | AU74: =AT74*E74 -> 0 | AW74: =AV74*E74 -> 0 | AY74: =AX74*E74 -> 0 | BA74: =AZ74*E74 -> 0 | BC74: =BB74*E74 -> 0 | BE74: =BD74*E74 -> 0 | BG74: =BF74*E74 -> 0 | BI74: =BH74*E74 -> 0 | BK74: =BJ74*E74 -> 0
A75: 71 | B75: ='[8]Linh Kiện'!D77 -> S849263 | C75: =IF(B75="","",HYPERLINK("\\vdm-fsvr\Cokhi-機工\CONG VIEC CHUNG 2026\★2026年度年次目標設定\5.COSTDOWN 2026\5.MỤC TIÊU 2026\COSTDOWN 2026\PDF\"&B75&".pdf","XEM")) -> XEM | D75: ='[8]Linh Kiện'!E77 -> 2 | E75: ='[8]Linh Kiện'!AK77 -> 4.882 | I75: 2 | R75: =SUM(F75:Q75) -> 2 | T75: =$E75*F75 -> 0 | U75: =$E75*G75 -> 0 | V75: =$E75*H75 -> 0 | W75: =$E75*I75 -> 9.764 | X75: =$E75*J75 -> 0 | Y75: =$E75*K75 -> 0 | Z75: =$E75*L75 -> 0 | AA75: =$E75*M75 -> 0 | ... AE75: =$E75*Q75 -> 0 | AG75: #N/A | AH75: #N/A | AI75: #N/A | AJ75: #N/A | AK75: #N/A | AL75: #N/A | AO75: =AN75*E75 -> 0 | AQ75: =AP75*E75 -> 0 | AS75: =AR75*E75 -> 0 | AU75: =AT75*E75 -> 0 | AW75: =AV75*E75 -> 0 | AY75: =AX75*E75 -> 0 | BA75: =AZ75*E75 -> 0 | BC75: =BB75*E75 -> 0 | BE75: =BD75*E75 -> 0 | BG75: =BF75*E75 -> 0 | BI75: =BH75*E75 -> 0 | BK75: =BJ75*E75 -> 0
A76: 72 | B76: ='[8]Linh Kiện'!D78 -> R063006 | C76: =IF(B76="","",HYPERLINK("\\vdm-fsvr\Cokhi-機工\CONG VIEC CHUNG 2026\★2026年度年次目標設定\5.COSTDOWN 2026\5.MỤC TIÊU 2026\COSTDOWN 2026\PDF\"&B76&".pdf","XEM")) -> XEM | D76: ='[8]Linh Kiện'!E78 -> 2 | E76: ='[8]Linh Kiện'!AK78 -> 48.0792 | J76: 2 | R76: =SUM(F76:Q76) -> 2 | T76: =$E76*F76 -> 0 | U76: =$E76*G76 -> 0 | V76: =$E76*H76 -> 0 | W76: =$E76*I76 -> 0 | X76: =$E76*J76 -> 96.1584 | Y76: =$E76*K76 -> 0 | Z76: =$E76*L76 -> 0 | AA76: =$E76*M76 -> 0 | ... AE76: =$E76*Q76 -> 0 | AG76: 213512076A | AH76: 3 | AI76: 1 | AJ76: ED | AK76: EW GS GP EN | AL76: 2026/01/14 | AM76: T3 | AO76: =AN76*E76 -> 0 | AQ76: =AP76*E76 -> 0 | AR76: 1 | AS76: =AR76*E76 -> 48.0792 | AU76: =AT76*E76 -> 0 | AW76: =AV76*E76 -> 0 | AY76: =AX76*E76 -> 0 | BA76: =AZ76*E76 -> 0 | BC76: =BB76*E76 -> 0 | BE76: =BD76*E76 -> 0 | BG76: =BF76*E76 -> 0 | BI76: =BH76*E76 -> 0 | BK76: =BJ76*E76 -> 0
A77: 73 | B77: ='[8]Linh Kiện'!D79 -> R063005 | C77: =IF(B77="","",HYPERLINK("\\vdm-fsvr\Cokhi-機工\CONG VIEC CHUNG 2026\★2026年度年次目標設定\5.COSTDOWN 2026\5.MỤC TIÊU 2026\COSTDOWN 2026\PDF\"&B77&".pdf","XEM")) -> XEM | D77: ='[8]Linh Kiện'!E79 -> 2 | E77: ='[8]Linh Kiện'!AK79 -> 50.2792 | K77: 2 | R77: =SUM(F77:Q77) -> 2 | T77: =$E77*F77 -> 0 | U77: =$E77*G77 -> 0 | V77: =$E77*H77 -> 0 | W77: =$E77*I77 -> 0 | X77: =$E77*J77 -> 0 | Y77: =$E77*K77 -> 100.5584 | Z77: =$E77*L77 -> 0 | AA77: =$E77*M77 -> 0 | ... AE77: =$E77*Q77 -> 0 | AG77: 213511177A | AH77: 5 | AI77: 1 | AJ77: OK | AL77: 2026/02/10 | AM77: T3 | AO77: =AN77*E77 -> 0 | AQ77: =AP77*E77 -> 0 | AR77: 1 | AS77: =AR77*E77 -> 50.2792 | AU77: =AT77*E77 -> 0 | AW77: =AV77*E77 -> 0 | AY77: =AX77*E77 -> 0 | BA77: =AZ77*E77 -> 0 | BC77: =BB77*E77 -> 0 | BE77: =BD77*E77 -> 0 | BG77: =BF77*E77 -> 0 | BI77: =BH77*E77 -> 0 | BK77: =BJ77*E77 -> 0
A78: 74 | B78: ='[8]Linh Kiện'!D80 -> S858546 | C78: =IF(B78="","",HYPERLINK("\\vdm-fsvr\Cokhi-機工\CONG VIEC CHUNG 2026\★2026年度年次目標設定\5.COSTDOWN 2026\5.MỤC TIÊU 2026\COSTDOWN 2026\PDF\"&B78&".pdf","XEM")) -> XEM | D78: ='[8]Linh Kiện'!E80 -> 2 | E78: ='[8]Linh Kiện'!AK80 -> 85.1304 | L78: 2 | R78: =SUM(F78:Q78) -> 2 | T78: =$E78*F78 -> 0 | U78: =$E78*G78 -> 0 | V78: =$E78*H78 -> 0 | W78: =$E78*I78 -> 0 | X78: =$E78*J78 -> 0 | Y78: =$E78*K78 -> 0 | Z78: =$E78*L78 -> 170.2608 | AA78: =$E78*M78 -> 0 | ... AE78: =$E78*Q78 -> 0 | AG78: #N/A | AH78: #N/A | AI78: #N/A | AJ78: #N/A | AK78: #N/A | AL78: #N/A | AO78: =AN78*E78 -> 0 | AQ78: =AP78*E78 -> 0 | AS78: =AR78*E78 -> 0 | AU78: =AT78*E78 -> 0 | AW78: =AV78*E78 -> 0 | AY78: =AX78*E78 -> 0 | BA78: =AZ78*E78 -> 0 | BC78: =BB78*E78 -> 0 | BE78: =BD78*E78 -> 0 | BG78: =BF78*E78 -> 0 | BI78: =BH78*E78 -> 0 | BK78: =BJ78*E78 -> 0
A79: 75 | B79: ='[8]Linh Kiện'!D81 -> S064348 | C79: =IF(B79="","",HYPERLINK("\\vdm-fsvr\Cokhi-機工\CONG VIEC CHUNG 2026\★2026年度年次目標設定\5.COSTDOWN 2026\5.MỤC TIÊU 2026\COSTDOWN 2026\PDF\"&B79&".pdf","XEM")) -> XEM | D79: ='[8]Linh Kiện'!E81 -> 2 | E79: ='[8]Linh Kiện'!AK81 -> 299.15733 | J79: 2 | R79: =SUM(F79:Q79) -> 2 | T79: =$E79*F79 -> 0 | U79: =$E79*G79 -> 0 | V79: =$E79*H79 -> 0 | W79: =$E79*I79 -> 0 | X79: =$E79*J79 -> 598.31466 | Y79: =$E79*K79 -> 0 | Z79: =$E79*L79 -> 0 | AA79: =$E79*M79 -> 0 | ... AE79: =$E79*Q79 -> 0 | AG79: #N/A | AH79: #N/A | AI79: #N/A | AJ79: #N/A | AK79: #N/A | AL79: #N/A | AO79: =AN79*E79 -> 0 | AQ79: =AP79*E79 -> 0 | AS79: =AR79*E79 -> 0 | AU79: =AT79*E79 -> 0 | AW79: =AV79*E79 -> 0 | AY79: =AX79*E79 -> 0 | BA79: =AZ79*E79 -> 0 | BC79: =BB79*E79 -> 0 | BE79: =BD79*E79 -> 0 | BG79: =BF79*E79 -> 0 | BI79: =BH79*E79 -> 0 | BK79: =BJ79*E79 -> 0
A80: 76 | B80: ='[8]Linh Kiện'!D82 -> S165735 | C80: =IF(B80="","",HYPERLINK("\\vdm-fsvr\Cokhi-機工\CONG VIEC CHUNG 2026\★2026年度年次目標設定\5.COSTDOWN 2026\5.MỤC TIÊU 2026\COSTDOWN 2026\PDF\"&B80&".pdf","XEM")) -> XEM | D80: ='[8]Linh Kiện'!E82 -> 2 | E80: ='[8]Linh Kiện'!AK82 -> 426.7568 | O80: 2 | R80: =SUM(F80:Q80) -> 2 | T80: =$E80*F80 -> 0 | U80: =$E80*G80 -> 0 | V80: =$E80*H80 -> 0 | W80: =$E80*I80 -> 0 | X80: =$E80*J80 -> 0 | Y80: =$E80*K80 -> 0 | Z80: =$E80*L80 -> 0 | AA80: =$E80*M80 -> 0 | ... AE80: =$E80*Q80 -> 0 | AG80: #N/A | AH80: #N/A | AI80: #N/A | AJ80: #N/A | AK80: #N/A | AL80: #N/A | AO80: =AN80*E80 -> 0 | AQ80: =AP80*E80 -> 0 | AS80: =AR80*E80 -> 0 | AU80: =AT80*E80 -> 0 | AW80: =AV80*E80 -> 0 | AY80: =AX80*E80 -> 0 | BA80: =AZ80*E80 -> 0 | BC80: =BB80*E80 -> 0 | BE80: =BD80*E80 -> 0 | BG80: =BF80*E80 -> 0 | BI80: =BH80*E80 -> 0 | BK80: =BJ80*E80 -> 0
A81: 77 | B81: ='[8]Linh Kiện'!D83 -> S885188 | C81: =IF(B81="","",HYPERLINK("\\vdm-fsvr\Cokhi-機工\CONG VIEC CHUNG 2026\★2026年度年次目標設定\5.COSTDOWN 2026\5.MỤC TIÊU 2026\COSTDOWN 2026\PDF\"&B81&".pdf","XEM")) -> XEM | D81: ='[8]Linh Kiện'!E83 -> 2 | E81: ='[8]Linh Kiện'!AK83 -> 492.31424 | O81: 2 | R81: =SUM(F81:Q81) -> 2 | T81: =$E81*F81 -> 0 | U81: =$E81*G81 -> 0 | V81: =$E81*H81 -> 0 | W81: =$E81*I81 -> 0 | X81: =$E81*J81 -> 0 | Y81: =$E81*K81 -> 0 | Z81: =$E81*L81 -> 0 | AA81: =$E81*M81 -> 0 | ... AE81: =$E81*Q81 -> 0 | AG81: L611511031 | AH81: 4 | AI81: 1 | AJ81: GR | AK81: EN GS2 GP AF | AL81: 2026/03/24 | AM81: T1+T3 | AN81: 1 | AO81: =AN81*E81 -> 492.31424 | AQ81: =AP81*E81 -> 0 | AR81: 1 | AS81: =AR81*E81 -> 492.31424 | AU81: =AT81*E81 -> 0 | AW81: =AV81*E81 -> 0 | AY81: =AX81*E81 -> 0 | BA81: =AZ81*E81 -> 0 | BC81: =BB81*E81 -> 0 | BE81: =BD81*E81 -> 0 | BG81: =BF81*E81 -> 0 | BI81: =BH81*E81 -> 0 | BK81: =BJ81*E81 -> 0
A82: 78 | B82: ='[8]Linh Kiện'!D84 -> R182970 | C82: =IF(B82="","",HYPERLINK("\\vdm-fsvr\Cokhi-機工\CONG VIEC CHUNG 2026\★2026年度年次目標設定\5.COSTDOWN 2026\5.MỤC TIÊU 2026\COSTDOWN 2026\PDF\"&B82&".pdf","XEM")) -> XEM | D82: ='[8]Linh Kiện'!E84 -> 2 | E82: ='[8]Linh Kiện'!AK84 -> 30.1684 | P82: 2 | R82: =SUM(F82:Q82) -> 2 | T82: =$E82*F82 -> 0 | U82: =$E82*G82 -> 0 | V82: =$E82*H82 -> 0 | W82: =$E82*I82 -> 0 | X82: =$E82*J82 -> 0 | Y82: =$E82*K82 -> 0 | Z82: =$E82*L82 -> 0 | AA82: =$E82*M82 -> 0 | ... AE82: =$E82*Q82 -> 0 | AG82: #N/A | AH82: #N/A | AI82: #N/A | AJ82: #N/A | AK82: #N/A | AL82: #N/A | AO82: =AN82*E82 -> 0 | AQ82: =AP82*E82 -> 0 | AS82: =AR82*E82 -> 0 | AU82: =AT82*E82 -> 0 | AW82: =AV82*E82 -> 0 | AY82: =AX82*E82 -> 0 | BA82: =AZ82*E82 -> 0 | BC82: =BB82*E82 -> 0 | BE82: =BD82*E82 -> 0 | BG82: =BF82*E82 -> 0 | BI82: =BH82*E82 -> 0 | BK82: =BJ82*E82 -> 0
A83: 79 | B83: ='[8]Linh Kiện'!D85 -> R435090 | C83: =IF(B83="","",HYPERLINK("\\vdm-fsvr\Cokhi-機工\CONG VIEC CHUNG 2026\★2026年度年次目標設定\5.COSTDOWN 2026\5.MỤC TIÊU 2026\COSTDOWN 2026\PDF\"&B83&".pdf","XEM")) -> XEM | D83: ='[8]Linh Kiện'!E85 -> 2 | E83: ='[8]Linh Kiện'!AK85 -> 226.0396 | Q83: 2 | R83: =SUM(F83:Q83) -> 2 | T83: =$E83*F83 -> 0 | U83: =$E83*G83 -> 0 | V83: =$E83*H83 -> 0 | W83: =$E83*I83 -> 0 | X83: =$E83*J83 -> 0 | Y83: =$E83*K83 -> 0 | Z83: =$E83*L83 -> 0 | AA83: =$E83*M83 -> 0 | ... AE83: =$E83*Q83 -> 452.0792 | AG83: 213506160A | AH83: 19 | AI83: 3 | AJ83: EW1 | AK83: EN1, GS2 | AL83: 2026/01/09 | AO83: =AN83*E83 -> 0 | AQ83: =AP83*E83 -> 0 | AS83: =AR83*E83 -> 0 | AU83: =AT83*E83 -> 0 | AW83: =AV83*E83 -> 0 | AY83: =AX83*E83 -> 0 | BA83: =AZ83*E83 -> 0 | BC83: =BB83*E83 -> 0 | BE83: =BD83*E83 -> 0 | BG83: =BF83*E83 -> 0 | BI83: =BH83*E83 -> 0 | BK83: =BJ83*E83 -> 0
A84: 80 | B84: ='[8]Linh Kiện'!D86 -> S210889 | C84: =IF(B84="","",HYPERLINK("\\vdm-fsvr\Cokhi-機工\CONG VIEC CHUNG 2026\★2026年度年次目標設定\5.COSTDOWN 2026\5.MỤC TIÊU 2026\COSTDOWN 2026\PDF\"&B84&".pdf","XEM")) -> XEM | D84: ='[8]Linh Kiện'!E86 -> 2 | E84: ='[8]Linh Kiện'!AK86 -> 168.4536 | Q84: 2 | R84: =SUM(F84:Q84) -> 2 | T84: =$E84*F84 -> 0 | U84: =$E84*G84 -> 0 | V84: =$E84*H84 -> 0 | W84: =$E84*I84 -> 0 | X84: =$E84*J84 -> 0 | Y84: =$E84*K84 -> 0 | Z84: =$E84*L84 -> 0 | AA84: =$E84*M84 -> 0 | ... AE84: =$E84*Q84 -> 336.9072 | AG84: #N/A | AH84: #N/A | AI84: #N/A | AJ84: #N/A | AK84: #N/A | AL84: #N/A | AO84: =AN84*E84 -> 0 | AQ84: =AP84*E84 -> 0 | AS84: =AR84*E84 -> 0 | AU84: =AT84*E84 -> 0 | AW84: =AV84*E84 -> 0 | AY84: =AX84*E84 -> 0 | BA84: =AZ84*E84 -> 0 | BC84: =BB84*E84 -> 0 | BE84: =BD84*E84 -> 0 | BG84: =BF84*E84 -> 0 | BI84: =BH84*E84 -> 0 | BK84: =BJ84*E84 -> 0
A85: 81 | B85: ='[8]Linh Kiện'!D87 -> S763491 | C85: =IF(B85="","",HYPERLINK("\\vdm-fsvr\Cokhi-機工\CONG VIEC CHUNG 2026\★2026年度年次目標設定\5.COSTDOWN 2026\5.MỤC TIÊU 2026\COSTDOWN 2026\PDF\"&B85&".pdf","XEM")) -> XEM | D85: ='[8]Linh Kiện'!E87 -> 2 | E85: ='[8]Linh Kiện'!AK87 -> 18.9124 | P85: 2 | R85: =SUM(F85:Q85) -> 2 | T85: =$E85*F85 -> 0 | U85: =$E85*G85 -> 0 | V85: =$E85*H85 -> 0 | W85: =$E85*I85 -> 0 | X85: =$E85*J85 -> 0 | Y85: =$E85*K85 -> 0 | Z85: =$E85*L85 -> 0 | AA85: =$E85*M85 -> 0 | ... AE85: =$E85*Q85 -> 0 | AG85: #N/A | AH85: #N/A | AI85: #N/A | AJ85: #N/A | AK85: #N/A | AL85: #N/A | AO85: =AN85*E85 -> 0 | AQ85: =AP85*E85 -> 0 | AS85: =AR85*E85 -> 0 | AU85: =AT85*E85 -> 0 | AW85: =AV85*E85 -> 0 | AY85: =AX85*E85 -> 0 | BA85: =AZ85*E85 -> 0 | BC85: =BB85*E85 -> 0 | BE85: =BD85*E85 -> 0 | BG85: =BF85*E85 -> 0 | BI85: =BH85*E85 -> 0 | BK85: =BJ85*E85 -> 0
A86: 82 | B86: ='[8]Linh Kiện'!D88 -> R104695 | C86: =IF(B86="","",HYPERLINK("\\vdm-fsvr\Cokhi-機工\CONG VIEC CHUNG 2026\★2026年度年次目標設定\5.COSTDOWN 2026\5.MỤC TIÊU 2026\COSTDOWN 2026\PDF\"&B86&".pdf","XEM")) -> XEM | D86: ='[8]Linh Kiện'!E88 -> 2 | E86: ='[8]Linh Kiện'!AK88 -> 52.6348 | O86: 2 | R86: =SUM(F86:Q86) -> 2 | T86: =$E86*F86 -> 0 | U86: =$E86*G86 -> 0 | V86: =$E86*H86 -> 0 | W86: =$E86*I86 -> 0 | X86: =$E86*J86 -> 0 | Y86: =$E86*K86 -> 0 | Z86: =$E86*L86 -> 0 | AA86: =$E86*M86 -> 0 | ... AE86: =$E86*Q86 -> 0 | AG86: #N/A | AH86: #N/A | AI86: #N/A | AJ86: #N/A | AK86: #N/A | AL86: #N/A | AO86: =AN86*E86 -> 0 | AQ86: =AP86*E86 -> 0 | AS86: =AR86*E86 -> 0 | AU86: =AT86*E86 -> 0 | AW86: =AV86*E86 -> 0 | AY86: =AX86*E86 -> 0 | BA86: =AZ86*E86 -> 0 | BC86: =BB86*E86 -> 0 | BE86: =BD86*E86 -> 0 | BG86: =BF86*E86 -> 0 | BI86: =BH86*E86 -> 0 | BK86: =BJ86*E86 -> 0
A87: 83 | B87: ='[8]Linh Kiện'!D89 -> R152939 | C87: =IF(B87="","",HYPERLINK("\\vdm-fsvr\Cokhi-機工\CONG VIEC CHUNG 2026\★2026年度年次目標設定\5.COSTDOWN 2026\5.MỤC TIÊU 2026\COSTDOWN 2026\PDF\"&B87&".pdf","XEM")) -> XEM | D87: ='[8]Linh Kiện'!E89 -> 2 | E87: ='[8]Linh Kiện'!AK89 -> 579.3876 | N87: 2 | R87: =SUM(F87:Q87) -> 2 | T87: =$E87*F87 -> 0 | U87: =$E87*G87 -> 0 | V87: =$E87*H87 -> 0 | W87: =$E87*I87 -> 0 | X87: =$E87*J87 -> 0 | Y87: =$E87*K87 -> 0 | Z87: =$E87*L87 -> 0 | AA87: =$E87*M87 -> 0 | ... AE87: =$E87*Q87 -> 0 | AG87: #N/A | AH87: #N/A | AI87: #N/A | AJ87: #N/A | AK87: #N/A | AL87: #N/A | AO87: =AN87*E87 -> 0 | AQ87: =AP87*E87 -> 0 | AS87: =AR87*E87 -> 0 | AU87: =AT87*E87 -> 0 | AW87: =AV87*E87 -> 0 | AY87: =AX87*E87 -> 0 | BA87: =AZ87*E87 -> 0 | BC87: =BB87*E87 -> 0 | BE87: =BD87*E87 -> 0 | BG87: =BF87*E87 -> 0 | BI87: =BH87*E87 -> 0 | BK87: =BJ87*E87 -> 0
A88: 84 | B88: ='[8]Linh Kiện'!D90 -> R105679 | C88: =IF(B88="","",HYPERLINK("\\vdm-fsvr\Cokhi-機工\CONG VIEC CHUNG 2026\★2026年度年次目標設定\5.COSTDOWN 2026\5.MỤC TIÊU 2026\COSTDOWN 2026\PDF\"&B88&".pdf","XEM")) -> XEM | D88: ='[8]Linh Kiện'!E90 -> 2 | E88: ='[8]Linh Kiện'!AK90 -> 478.29015 | M88: 2 | R88: =SUM(F88:Q88) -> 2 | T88: =$E88*F88 -> 0 | U88: =$E88*G88 -> 0 | V88: =$E88*H88 -> 0 | W88: =$E88*I88 -> 0 | X88: =$E88*J88 -> 0 | Y88: =$E88*K88 -> 0 | Z88: =$E88*L88 -> 0 | AA88: =$E88*M88 -> 956.5803 | ... AE88: =$E88*Q88 -> 0 | AG88: #N/A | AH88: #N/A | AI88: #N/A | AJ88: #N/A | AK88: #N/A | AL88: #N/A | AO88: =AN88*E88 -> 0 | AQ88: =AP88*E88 -> 0 | AS88: =AR88*E88 -> 0 | AU88: =AT88*E88 -> 0 | AW88: =AV88*E88 -> 0 | AY88: =AX88*E88 -> 0 | BA88: =AZ88*E88 -> 0 | BC88: =BB88*E88 -> 0 | BE88: =BD88*E88 -> 0 | BG88: =BF88*E88 -> 0 | BI88: =BH88*E88 -> 0 | BK88: =BJ88*E88 -> 0
