Workbook

Sheet Tong_Hop
A1: Tỉ lệ % hoạt động có tải
A2: Hạng mục | B2: LA | C2: MA | D2: BJ | E2: GC | F2: GS | G2: GR | H2: EN | I2: GJ | J2: EW | K2: GP | L2: MC | M2: LN
A3: % Mục tiêu | B3: 0.2745098 | C3: 0.39529412 | D3: 0.39529412 | E3: 0.24411765 | F3: 0.46588235 | G3: 0.67764706 | H3: 0.73411765 | I3: 0.67764706 | J3: 0.81882353 | K3: 0.94588235 | L3: 0.81882353 | M3: 0.83294118
A4: % Có tải | B4: =$B7/SUM(B$7:B$9) -> 0.22466026 | C4: =$C7/SUM(C$7:C$9) -> 0.34097363 | D4: =$D7/SUM(D$7:D$9) -> 0.24433168 | E4: =$E7/SUM(E$7:E$9) -> 0.20348126 | F4: =$F7/SUM(F$7:F$9) -> 0.30300161 | G4: =G7/SUM(G$7:G$9) -> 0.4919247 | H4: =H7/SUM(H$7:H$9) -> 0.55419031 | I4: =I7/SUM(I$7:I$9) -> 0.45992775 | J4: =J7/SUM(J$7:J$9) -> 0.59690364 | K4: =K7/SUM(K$7:K$9) -> 0.68356332 | L4: =L7/SUM(L$7:L$9) -> 0.49966534 | M4: =M7/SUM(M$7:M$9) -> 0.60626323
A5: % Không tải | B5: =$B8/SUM(B$7:B$9) -> 0.22927 | C5: =$C8/SUM(C$7:C$9) -> 0.28150925 | D5: =$D8/SUM(D$7:D$9) -> 0.37293198 | E5: =$E8/SUM(E$7:E$9) -> 0.13029696 | F5: =$F8/SUM(F$7:F$9) -> 0.35155889 | G5: =G8/SUM(G$7:G$9) -> 0.1890176 | H5: =H8/SUM(H$7:H$9) -> 0.43458317 | I5: =I8/SUM(I$7:I$9) -> 0.41825962 | J5: =J8/SUM(J$7:J$9) -> 0.37921411 | K5: =K8/SUM(K$7:K$9) -> 0.051997552 | L5: =L8/SUM(L$7:L$9) -> 0.31088015 | M5: =M8/SUM(M$7:M$9) -> 0.17090159
A6: % Tắt máy | B6: =$B9/SUM(B$7:B$9) -> 0.54606974 | C6: =$C9/SUM(C$7:C$9) -> 0.37751712 | D6: =$D9/SUM(D$7:D$9) -> 0.38273634 | E6: =$E9/SUM(E$7:E$9) -> 0.66622178 | F6: =$F9/SUM(F$7:F$9) -> 0.3454395 | G6: =G9/SUM(G$7:G$9) -> 0.3190577 | H6: =H9/SUM(H$7:H$9) -> 0.011226514 | I6: =I9/SUM(I$7:I$9) -> 0.12181263 | J6: =J9/SUM(J$7:J$9) -> 0.023882255 | K6: =K9/SUM(K$7:K$9) -> 0.26443913 | L6: =L9/SUM(L$7:L$9) -> 0.1894545 | M6: =M9/SUM(M$7:M$9) -> 0.22283517
A7: Tổng thời gian h/đ có tải | B7: =SUM(LA!$E$2:$E$53) -> 12184 | C7: =SUM(MA!$E$2:$E$53) -> 18372 | D7: =SUM(BJ!$E$2:$E$53) -> 22005 | E7: =SUM(GC!$E$2:$E$53) -> 7318 | F7: =SUM(GS!$E$2:$E$53) -> 38077 | G7: =SUM(GR!$E$2:$E$53) -> 17666 | H7: =SUM(EN!$E$2:$E$53) -> 40232 | I7: =SUM(GJ!$E$2:$E$53) -> 13113 | J7: =SUM(EW!$E$2:$E$53) -> 42989 | K7: =SUM(GP!$E$2:$E$53) -> 24570 | L7: =SUM(MC!$E$2:$E$53) -> 26875 | M7: =SUM(LN!$E$2:$E$53) -> 21760
A8: Tổng thời gian h/đ không tải | B8: =SUM(LA!$D$2:$D$53) -> 12434 | C8: =SUM(MA!$D$2:$D$53) -> 15168 | D8: =SUM(BJ!$D$2:$D$53) -> 33587 | E8: =SUM(GC!$D$2:$D$53) -> 4686 | F8: =SUM(GS!$D$2:$D$53) -> 44179 | G8: =SUM(GR!$D$2:$D$53) -> 6788 | H8: =SUM(EN!$D$2:$D$53) -> 31549 | I8: =SUM(GJ!$D$2:$D$53) -> 11925 | J8: =SUM(EW!$D$2:$D$53) -> 27311 | K8: =SUM(GP!$D$2:$D$53) -> 1869 | L8: =SUM(MC!$D$2:$D$53) -> 16721 | M8: =SUM(LN!$D$2:$D$53) -> 6134
A9: Tổng thời gian tắt máy | B9: =SUM(LA!$F$2:$F$53) -> 29615 | C9: =SUM(MA!$F$2:$F$53) -> 20341 | D9: =SUM(BJ!$F$2:$F$53) -> 34470 | E9: =SUM(GC!$F$2:$F$53) -> 23960 | F9: =SUM(GS!$F$2:$F$53) -> 43410 | G9: =SUM(GR!$F$2:$F$53) -> 11458 | H9: =SUM(EN!$F$2:$F$53) -> 815 | I9: =SUM(GJ!$F$2:$F$53) -> 3473 | J9: =SUM(EW!$F$2:$F$53) -> 1720 | K9: =SUM(GP!$F$2:$F$53) -> 9505 | L9: =SUM(MC!$F$2:$F$53) -> 10190 | M9: =SUM(LN!$F$2:$F$53) -> 7998

Sheet EN
A1: ID | B1: Ngày tháng | C1: Ca làm việc | D1: Thời gian hoạt động không tải (phút) | E1: Thời gian hoạt động có tải (phút) | F1: Thời gian tắt máy (phút) | H1: Ngày - Ca | I1: Mục Tiêu C1 | J1: Mục Tiêu C2 | K1: % Có Tải | L1: % Không Tải | M1: % Tắt Máy | O1: ID | P1: Ngày tháng | Q1: Ca làm việc | R1: Thời gian hoạt động không tải (phút) | S1: Thời gian hoạt động có tải (phút) | T1: Thời gian tắt máy (phút)
A2: 1 | B2: 01/06/2026 | C2: CN | D2: 718 | E2: 1371 | F2: 802 | H2: T1 | I2: 0.73411765 | J2: 0.72252632 | K2: =IFERROR(SUMIFS(S:S,P:P,"*/01/2026")/(SUMIFS(R:R,P:P,"*/01/2026")+SUMIFS(S:S,P:P,"*/01/2026")+SUMIFS(T:T,P:P,"*/01/2026")),"") -> 0.45989746 | L2: =IFERROR(SUMIFS(R:R,P:P,"*/01/2026")/(SUMIFS(R:R,P:P,"*/01/2026")+SUMIFS(S:S,P:P,"*/01/2026")+SUMIFS(T:T,P:P,"*/01/2026")),"") -> 0.38261494 | M2: =IFERROR(SUMIFS(T:T,P:P,"*/01/2026")/(SUMIFS(R:R,P:P,"*/01/2026")+SUMIFS(S:S,P:P,"*/01/2026")+SUMIFS(T:T,P:P,"*/01/2026")),"") -> 0.1574876 | O2: 1 | P2: 01/01/2026 | Q2: CN | R2: 0 | S2: 0 | T2: 2880
A3: 2 | B3: 01/06/2026 | C3: CD | D3: 864 | E3: 2046 | F3: 0 | H3: T2 | I3: 0.73411765 | J3: 0.72252632 | K3: =IFERROR(SUMIFS(S:S,P:P,"*/02/2026")/(SUMIFS(R:R,P:P,"*/02/2026")+SUMIFS(S:S,P:P,"*/02/2026")+SUMIFS(T:T,P:P,"*/02/2026")),"") -> 0.34446557 | L3: =IFERROR(SUMIFS(R:R,P:P,"*/02/2026")/(SUMIFS(R:R,P:P,"*/02/2026")+SUMIFS(S:S,P:P,"*/02/2026")+SUMIFS(T:T,P:P,"*/02/2026")),"") -> 0.26050166 | M3: =IFERROR(SUMIFS(T:T,P:P,"*/02/2026")/(SUMIFS(R:R,P:P,"*/02/2026")+SUMIFS(S:S,P:P,"*/02/2026")+SUMIFS(T:T,P:P,"*/02/2026")),"") -> 0.39503277 | O3: 2 | P3: 01/01/2026 | Q3: CD | R3: 257 | S3: 5 | T3: 2614
A4: 3 | B4: 02/06/2026 | C4: CN | D4: 888 | E4: 2017 | F4: 0 | H4: T3 | I4: 0.73411765 | J4: 0.72252632 | K4: =IFERROR(SUMIFS(S:S,P:P,"*/03/2026")/(SUMIFS(R:R,P:P,"*/03/2026")+SUMIFS(S:S,P:P,"*/03/2026")+SUMIFS(T:T,P:P,"*/03/2026")),"") -> 0.50857608 | L4: =IFERROR(SUMIFS(R:R,P:P,"*/03/2026")/(SUMIFS(R:R,P:P,"*/03/2026")+SUMIFS(S:S,P:P,"*/03/2026")+SUMIFS(T:T,P:P,"*/03/2026")),"") -> 0.39620043 | M4: =IFERROR(SUMIFS(T:T,P:P,"*/03/2026")/(SUMIFS(R:R,P:P,"*/03/2026")+SUMIFS(S:S,P:P,"*/03/2026")+SUMIFS(T:T,P:P,"*/03/2026")),"") -> 0.095223491 | O4: 3 | P4: 02/01/2026 | Q4: CN | R4: 1188 | S4: 1721 | T4: 0
A5: 4 | B5: 02/06/2026 | C5: CD | D5: 965 | E5: 1938 | F5: 0 | H5: T4 | I5: 0.73411765 | J5: 0.72252632 | K5: =IFERROR(SUMIFS(S:S,P:P,"*/04/2026")/(SUMIFS(R:R,P:P,"*/04/2026")+SUMIFS(S:S,P:P,"*/04/2026")+SUMIFS(T:T,P:P,"*/04/2026")),"") -> 0.49145343 | L5: =IFERROR(SUMIFS(R:R,P:P,"*/04/2026")/(SUMIFS(R:R,P:P,"*/04/2026")+SUMIFS(S:S,P:P,"*/04/2026")+SUMIFS(T:T,P:P,"*/04/2026")),"") -> 0.38246891 | M5: =IFERROR(SUMIFS(T:T,P:P,"*/04/2026")/(SUMIFS(R:R,P:P,"*/04/2026")+SUMIFS(S:S,P:P,"*/04/2026")+SUMIFS(T:T,P:P,"*/04/2026")),"") -> 0.12607766 | O5: 4 | P5: 02/01/2026 | Q5: CD | R5: 1075 | S5: 1397 | T5: 435
A6: 5 | B6: 03/06/2026 | C6: CN | D6: 1800 | E6: 1128 | F6: 0 | H6: T5 | I6: 0.73411765 | J6: 0.72252632 | K6: =IFERROR(SUMIFS(S:S,P:P,"*/05/2026")/(SUMIFS(R:R,P:P,"*/05/2026")+SUMIFS(S:S,P:P,"*/05/2026")+SUMIFS(T:T,P:P,"*/05/2026")),"") -> 0.43639133 | L6: =IFERROR(SUMIFS(R:R,P:P,"*/05/2026")/(SUMIFS(R:R,P:P,"*/05/2026")+SUMIFS(S:S,P:P,"*/05/2026")+SUMIFS(T:T,P:P,"*/05/2026")),"") -> 0.41059209 | M6: =IFERROR(SUMIFS(T:T,P:P,"*/05/2026")/(SUMIFS(R:R,P:P,"*/05/2026")+SUMIFS(S:S,P:P,"*/05/2026")+SUMIFS(T:T,P:P,"*/05/2026")),"") -> 0.15301658 | O6: 5 | P6: 03/01/2026 | Q6: CD | R6: 1228 | S6: 3109 | T6: 374
A7: 6 | B7: 03/06/2026 | C7: CD | D7: 1123 | E7: 1788 | F7: 0 | H7: T6 | I7: 0.73411765 | J7: 0.72252632 | K7: =IFERROR(SUMIFS(S:S,P:P,"*/06/2026")/(SUMIFS(R:R,P:P,"*/06/2026")+SUMIFS(S:S,P:P,"*/06/2026")+SUMIFS(T:T,P:P,"*/06/2026")),"") -> 0.55419031 | L7: =IFERROR(SUMIFS(R:R,P:P,"*/06/2026")/(SUMIFS(R:R,P:P,"*/06/2026")+SUMIFS(S:S,P:P,"*/06/2026")+SUMIFS(T:T,P:P,"*/06/2026")),"") -> 0.43458317 | M7: =IFERROR(SUMIFS(T:T,P:P,"*/06/2026")/(SUMIFS(R:R,P:P,"*/06/2026")+SUMIFS(S:S,P:P,"*/06/2026")+SUMIFS(T:T,P:P,"*/06/2026")),"") -> 0.011226514 | O7: 6 | P7: 04/01/2026 | Q7: CN | R7: 33 | S7: 696 | T7: 2160
A8: 7 | B8: 04/06/2026 | C8: CN | D8: 1651 | E8: 1246 | F8: 0 | H8: T7 | I8: 0.73411765 | J8: 0.72252632 | K8: =IFERROR(SUMIFS(S:S,P:P,"*/07/2026")/(SUMIFS(R:R,P:P,"*/07/2026")+SUMIFS(S:S,P:P,"*/07/2026")+SUMIFS(T:T,P:P,"*/07/2026")),"") | L8: =IFERROR(SUMIFS(R:R,P:P,"*/07/2026")/(SUMIFS(R:R,P:P,"*/07/2026")+SUMIFS(S:S,P:P,"*/07/2026")+SUMIFS(T:T,P:P,"*/07/2026")),"") | M8: =IFERROR(SUMIFS(T:T,P:P,"*/07/2026")/(SUMIFS(R:R,P:P,"*/07/2026")+SUMIFS(S:S,P:P,"*/07/2026")+SUMIFS(T:T,P:P,"*/07/2026")),"") | O8: 7 | P8: 04/01/2026 | Q8: CD | R8: 455 | S8: 268 | T8: 2160
A9: 8 | B9: 04/06/2026 | C9: CD | D9: 1363 | E9: 1559 | F9: 0 | H9: T8 | I9: 0.73411765 | J9: 0.72252632 | K9: =IFERROR(SUMIFS(S:S,P:P,"*/08/2026")/(SUMIFS(R:R,P:P,"*/08/2026")+SUMIFS(S:S,P:P,"*/08/2026")+SUMIFS(T:T,P:P,"*/08/2026")),"") | L9: =IFERROR(SUMIFS(R:R,P:P,"*/08/2026")/(SUMIFS(R:R,P:P,"*/08/2026")+SUMIFS(S:S,P:P,"*/08/2026")+SUMIFS(T:T,P:P,"*/08/2026")),"") | M9: =IFERROR(SUMIFS(T:T,P:P,"*/08/2026")/(SUMIFS(R:R,P:P,"*/08/2026")+SUMIFS(S:S,P:P,"*/08/2026")+SUMIFS(T:T,P:P,"*/08/2026")),"") | O9: 8 | P9: 05/01/2026 | Q9: CN | R9: 987 | S9: 1330 | T9: 574
A10: 9 | B10: 05/06/2026 | C10: CN | D10: 1213 | E10: 1686 | F10: 0 | H10: T9 | I10: 0.73411765 | J10: 0.72252632 | K10: =IFERROR(SUMIFS(S:S,P:P,"*/09/2026")/(SUMIFS(R:R,P:P,"*/09/2026")+SUMIFS(S:S,P:P,"*/09/2026")+SUMIFS(T:T,P:P,"*/09/2026")),"") | L10: =IFERROR(SUMIFS(R:R,P:P,"*/09/2026")/(SUMIFS(R:R,P:P,"*/09/2026")+SUMIFS(S:S,P:P,"*/09/2026")+SUMIFS(T:T,P:P,"*/09/2026")),"") | M10: =IFERROR(SUMIFS(T:T,P:P,"*/09/2026")/(SUMIFS(R:R,P:P,"*/09/2026")+SUMIFS(S:S,P:P,"*/09/2026")+SUMIFS(T:T,P:P,"*/09/2026")),"") | O10: 9 | P10: 05/01/2026 | Q10: CD | R10: 1385 | S10: 1481 | T10: 0
A11: 10 | B11: 05/06/2026 | C11: CD | D11: 1171 | E11: 1740 | F11: 0 | H11: T10 | I11: 0.73411765 | J11: 0.72252632 | K11: =IFERROR(SUMIFS(S:S,P:P,"*/10/2026")/(SUMIFS(R:R,P:P,"*/10/2026")+SUMIFS(S:S,P:P,"*/10/2026")+SUMIFS(T:T,P:P,"*/10/2026")),"") | L11: =IFERROR(SUMIFS(R:R,P:P,"*/10/2026")/(SUMIFS(R:R,P:P,"*/10/2026")+SUMIFS(S:S,P:P,"*/10/2026")+SUMIFS(T:T,P:P,"*/10/2026")),"") | M11: =IFERROR(SUMIFS(T:T,P:P,"*/10/2026")/(SUMIFS(R:R,P:P,"*/10/2026")+SUMIFS(S:S,P:P,"*/10/2026")+SUMIFS(T:T,P:P,"*/10/2026")),"") | O11: 10 | P11: 06/01/2026 | Q11: CN | R11: 1460 | S11: 1428 | T11: 0
A12: 11 | B12: 06/06/2026 | C12: CN | D12: 1575 | E12: 1323 | F12: 0 | H12: T11 | I12: 0.73411765 | J12: 0.72252632 | K12: =IFERROR(SUMIFS(S:S,P:P,"*/11/2026")/(SUMIFS(R:R,P:P,"*/11/2026")+SUMIFS(S:S,P:P,"*/11/2026")+SUMIFS(T:T,P:P,"*/11/2026")),"") | L12: =IFERROR(SUMIFS(R:R,P:P,"*/11/2026")/(SUMIFS(R:R,P:P,"*/11/2026")+SUMIFS(S:S,P:P,"*/11/2026")+SUMIFS(T:T,P:P,"*/11/2026")),"") | M12: =IFERROR(SUMIFS(T:T,P:P,"*/11/2026")/(SUMIFS(R:R,P:P,"*/11/2026")+SUMIFS(S:S,P:P,"*/11/2026")+SUMIFS(T:T,P:P,"*/11/2026")),"") | O12: 11 | P12: 06/01/2026 | Q12: CD | R12: 1269 | S12: 1625 | T12: 0
A13: 12 | B13: 06/06/2026 | C13: CD | D13: 1333 | E13: 1562 | F13: 0 | H13: T12 | I13: 0.73411765 | J13: 0.72252632 | K13: =IFERROR(SUMIFS(S:S,P:P,"*/12/2026")/(SUMIFS(R:R,P:P,"*/12/2026")+SUMIFS(S:S,P:P,"*/12/2026")+SUMIFS(T:T,P:P,"*/12/2026")),"") | L13: =IFERROR(SUMIFS(R:R,P:P,"*/12/2026")/(SUMIFS(R:R,P:P,"*/12/2026")+SUMIFS(S:S,P:P,"*/12/2026")+SUMIFS(T:T,P:P,"*/12/2026")),"") | M13: =IFERROR(SUMIFS(T:T,P:P,"*/12/2026")/(SUMIFS(R:R,P:P,"*/12/2026")+SUMIFS(S:S,P:P,"*/12/2026")+SUMIFS(T:T,P:P,"*/12/2026")),"") | O13: 12 | P13: 07/01/2026 | Q13: CN | R13: 1074 | S13: 311 | T13: 1495
A14: 13 | B14: 07/06/2026 | C14: CN | D14: 1498 | E14: 1412 | F14: 0 | H14: =IF(B2="","",TEXT(B2,"dd/mm")& "-" &IF(UPPER(TRIM(C2))="CN",1,IF(UPPER(TRIM(C2))="CD",2,""))) -> 01/06-1 | I14: 0.73411765 | J14: 0.72252632 | K14: =IFERROR($E2/SUM($D2:$F2),"") -> 0.47423037 | L14: =IFERROR($D2/SUM($D2:$F2),"") -> 0.24835697 | M14: =IFERROR($F2/SUM($D2:$F2),"") -> 0.27741266 | O14: 13 | P14: 07/01/2026 | Q14: CD | R14: 0 | S14: 0 | T14: 2880
A15: 14 | B15: 07/06/2026 | C15: CD | D15: 2601 | E15: 280 | F15: 0 | H15: =IF(B3="","",TEXT(B3,"dd/mm") & "-" & IF(UPPER(TRIM(C3))="CN",1,IF(UPPER(TRIM(C3))="CD",2,""))) -> 01/06-2 | I15: 0.73411765 | J15: 0.72252632 | K15: =IFERROR($E3/SUM($D3:$F3),"") -> 0.70309278 | L15: =IFERROR($D3/SUM($D3:$F3),"") -> 0.29690722 | M15: =IFERROR($F3/SUM($D3:$F3),"") -> 0 | O15: 14 | P15: 08/01/2026 | Q15: CN | R15: 586 | S15: 1499 | T15: 811
A16: 15 | B16: 08/06/2026 | C16: CN | D16: 1743 | E16: 1167 | F16: 0 | H16: =IF(B4="","",TEXT(B4,"dd/mm") & "-" & IF(UPPER(TRIM(C4))="CN",1,IF(UPPER(TRIM(C4))="CD",2,""))) -> 02/06-1 | I16: 0.73411765 | J16: 0.72252632 | K16: =IFERROR($E4/SUM($D4:$F4),"") -> 0.69432014 | L16: =IFERROR($D4/SUM($D4:$F4),"") -> 0.30567986 | M16: =IFERROR($F4/SUM($D4:$F4),"") -> 0 | O16: 15 | P16: 08/01/2026 | Q16: CD | R16: 1410 | S16: 1484 | T16: 0
A17: 16 | B17: 08/06/2026 | C17: CD | D17: 625 | E17: 2283 | F17: 0 | H17: =IF(B5="","",TEXT(B5,"dd/mm") & "-" & IF(UPPER(TRIM(C5))="CN",1,IF(UPPER(TRIM(C5))="CD",2,""))) -> 02/06-2 | I17: 0.73411765 | J17: 0.72252632 | K17: =IFERROR($E5/SUM($D5:$F5),"") -> 0.66758526 | L17: =IFERROR($D5/SUM($D5:$F5),"") -> 0.33241474 | M17: =IFERROR($F5/SUM($D5:$F5),"") -> 0 | O17: 16 | P17: 09/01/2026 | Q17: CN | R17: 1646 | S17: 1253 | T17: 0
A18: 17 | B18: 09/06/2026 | C18: CN | D18: 1138 | E18: 1774 | F18: 0 | H18: =IF(B6="","",TEXT(B6,"dd/mm") & "-" & IF(UPPER(TRIM(C6))="CN",1,IF(UPPER(TRIM(C6))="CD",2,""))) -> 03/06-1 | I18: 0.73411765 | J18: 0.72252632 | K18: =IFERROR($E6/SUM($D6:$F6),"") -> 0.3852459 | L18: =IFERROR($D6/SUM($D6:$F6),"") -> 0.6147541 | M18: =IFERROR($F6/SUM($D6:$F6),"") -> 0 | O18: 17 | P18: 09/01/2026 | Q18: CD | R18: 1282 | S18: 1607 | T18: 0
A19: 18 | B19: 09/06/2026 | C19: CD | D19: 1418 | E19: 1481 | F19: 0 | H19: =IF(B7="","",TEXT(B7,"dd/mm") & "-" & IF(UPPER(TRIM(C7))="CN",1,IF(UPPER(TRIM(C7))="CD",2,""))) -> 03/06-2 | I19: 0.73411765 | J19: 0.72252632 | K19: =IFERROR($E7/SUM($D7:$F7),"") -> 0.61422192 | L19: =IFERROR($D7/SUM($D7:$F7),"") -> 0.38577808 | M19: =IFERROR($F7/SUM($D7:$F7),"") -> 0 | O19: 18 | P19: 10/01/2026 | Q19: CN | R19: 1599 | S19: 1284 | T19: 7
A20: 19 | B20: 10/06/2026 | C20: CN | D20: 1337 | E20: 1577 | F20: 0 | H20: =IF(B8="","",TEXT(B8,"dd/mm") & "-" & IF(UPPER(TRIM(C8))="CN",1,IF(UPPER(TRIM(C8))="CD",2,""))) -> 04/06-1 | I20: 0.73411765 | J20: 0.72252632 | K20: =IFERROR($E8/SUM($D8:$F8),"") -> 0.4301001 | L20: =IFERROR($D8/SUM($D8:$F8),"") -> 0.5698999 | M20: =IFERROR($F8/SUM($D8:$F8),"") -> 0 | O20: 19 | P20: 10/01/2026 | Q20: CD | R20: 0 | S20: 97 | T20: 2782
A21: 20 | B21: 10/06/2026 | C21: CD | D21: 979 | E21: 1922 | F21: 0 | H21: =IF(B9="","",TEXT(B9,"dd/mm") & "-" & IF(UPPER(TRIM(C9))="CN",1,IF(UPPER(TRIM(C9))="CD",2,""))) -> 04/06-2 | I21: 0.73411765 | J21: 0.72252632 | K21: =IFERROR($E9/SUM($D9:$F9),"") -> 0.53353867 | L21: =IFERROR($D9/SUM($D9:$F9),"") -> 0.46646133 | M21: =IFERROR($F9/SUM($D9:$F9),"") -> 0 | O21: 20 | P21: 11/01/2026 | Q21: CN | R21: 0 | S21: 0 | T21: 2880
A22: 21 | B22: 11/06/2026 | C22: CN | D22: 1188 | E22: 1703 | F22: 0 | H22: =IF(B10="","",TEXT(B10,"dd/mm") & "-" & IF(UPPER(TRIM(C10))="CN",1,IF(UPPER(TRIM(C10))="CD",2,""))) -> 05/06-1 | I22: 0.73411765 | J22: 0.72252632 | K22: =IFERROR($E10/SUM($D10:$F10),"") -> 0.58157986 | L22: =IFERROR($D10/SUM($D10:$F10),"") -> 0.41842014 | M22: =IFERROR($F10/SUM($D10:$F10),"") -> 0 | O22: 21 | P22: 11/01/2026 | Q22: CD | R22: 0 | S22: 0 | T22: 2880
A23: 22 | B23: 11/06/2026 | C23: CD | D23: 1183 | E23: 1732 | F23: 0 | H23: =IF(B11="","",TEXT(B11,"dd/mm") & "-" & IF(UPPER(TRIM(C11))="CN",1,IF(UPPER(TRIM(C11))="CD",2,""))) -> 05/06-2 | I23: 0.73411765 | J23: 0.72252632 | K23: =IFERROR($E11/SUM($D11:$F11),"") -> 0.59773274 | L23: =IFERROR($D11/SUM($D11:$F11),"") -> 0.40226726 | M23: =IFERROR($F11/SUM($D11:$F11),"") -> 0 | O23: 22 | P23: 12/01/2026 | Q23: CN | R23: 694 | S23: 1337 | T23: 862
A24: 23 | B24: 12/06/2026 | C24: CN | D24: 1394 | E24: 1502 | F24: 0 | H24: =IF(B12="","",TEXT(B12,"dd/mm") & "-" & IF(UPPER(TRIM(C12))="CN",1,IF(UPPER(TRIM(C12))="CD",2,""))) -> 06/06-1 | I24: 0.73411765 | J24: 0.72252632 | K24: =IFERROR($E12/SUM($D12:$F12),"") -> 0.45652174 | L24: =IFERROR($D12/SUM($D12:$F12),"") -> 0.54347826 | M24: =IFERROR($F12/SUM($D12:$F12),"") -> 0 | O24: 23 | P24: 12/01/2026 | Q24: CD | R24: 1354 | S24: 1549 | T24: 0
A25: 24 | B25: 12/06/2026 | C25: CD | D25: 674 | E25: 2224 | F25: 0 | H25: =IF(B13="","",TEXT(B13,"dd/mm") & "-" & IF(UPPER(TRIM(C13))="CN",1,IF(UPPER(TRIM(C13))="CD",2,""))) -> 06/06-2 | I25: 0.73411765 | J25: 0.72252632 | K25: =IFERROR($E13/SUM($D13:$F13),"") -> 0.53955095 | L25: =IFERROR($D13/SUM($D13:$F13),"") -> 0.46044905 | M25: =IFERROR($F13/SUM($D13:$F13),"") -> 0 | O25: 24 | P25: 13/01/2026 | Q25: CN | R25: 1616 | S25: 1282 | T25: 0
A26: 25 | B26: 13/06/2026 | C26: CN | D26: 1107 | E26: 1771 | F26: 13 | H26: =IF(B14="","",TEXT(B14,"dd/mm") & "-" & IF(UPPER(TRIM(C14))="CN",1,IF(UPPER(TRIM(C14))="CD",2,""))) -> 07/06-1 | I26: 0.73411765 | J26: 0.72252632 | K26: =IFERROR($E14/SUM($D14:$F14),"") -> 0.48522337 | L26: =IFERROR($D14/SUM($D14:$F14),"") -> 0.51477663 | M26: =IFERROR($F14/SUM($D14:$F14),"") -> 0 | O26: 25 | P26: 13/01/2026 | Q26: CD | R26: 1074 | S26: 1818 | T26: 0
H27: =IF(B15="","",TEXT(B15,"dd/mm") & "-" & IF(UPPER(TRIM(C15))="CN",1,IF(UPPER(TRIM(C15))="CD",2,""))) -> 07/06-2 | I27: 0.73411765 | J27: 0.72252632 | K27: =IFERROR($E15/SUM($D15:$F15),"") -> 0.097188476 | L27: =IFERROR($D15/SUM($D15:$F15),"") -> 0.90281152 | M27: =IFERROR($F15/SUM($D15:$F15),"") -> 0 | O27: 26 | P27: 14/01/2026 | Q27: CN | R27: 1437 | S27: 1462 | T27: 0
H28: =IF(B16="","",TEXT(B16,"dd/mm") & "-" & IF(UPPER(TRIM(C16))="CN",1,IF(UPPER(TRIM(C16))="CD",2,""))) -> 08/06-1 | I28: 0.73411765 | J28: 0.72252632 | K28: =IFERROR($E16/SUM($D16:$F16),"") -> 0.40103093 | L28: =IFERROR($D16/SUM($D16:$F16),"") -> 0.59896907 | M28: =IFERROR($F16/SUM($D16:$F16),"") -> 0 | O28: 27 | P28: 14/01/2026 | Q28: CD | R28: 834 | S28: 2054 | T28: 0
H29: =IF(B17="","",TEXT(B17,"dd/mm") & "-" & IF(UPPER(TRIM(C17))="CN",1,IF(UPPER(TRIM(C17))="CD",2,""))) -> 08/06-2 | I29: 0.73411765 | J29: 0.72252632 | K29: =IFERROR($E17/SUM($D17:$F17),"") -> 0.78507565 | L29: =IFERROR($D17/SUM($D17:$F17),"") -> 0.21492435 | M29: =IFERROR($F17/SUM($D17:$F17),"") -> 0 | O29: 28 | P29: 15/01/2026 | Q29: CN | R29: 1399 | S29: 1499 | T29: 0
H30: =IF(B18="","",TEXT(B18,"dd/mm") & "-" & IF(UPPER(TRIM(C18))="CN",1,IF(UPPER(TRIM(C18))="CD",2,""))) -> 09/06-1 | I30: 0.73411765 | J30: 0.72252632 | K30: =IFERROR($E18/SUM($D18:$F18),"") -> 0.6092033 | L30: =IFERROR($D18/SUM($D18:$F18),"") -> 0.3907967 | M30: =IFERROR($F18/SUM($D18:$F18),"") -> 0 | O30: 29 | P30: 15/01/2026 | Q30: CD | R30: 998 | S30: 1898 | T30: 0
H31: =IF(B19="","",TEXT(B19,"dd/mm") & "-" & IF(UPPER(TRIM(C19))="CN",1,IF(UPPER(TRIM(C19))="CD",2,""))) -> 09/06-2 | I31: 0.73411765 | J31: 0.72252632 | K31: =IFERROR($E19/SUM($D19:$F19),"") -> 0.51086582 | L31: =IFERROR($D19/SUM($D19:$F19),"") -> 0.48913418 | M31: =IFERROR($F19/SUM($D19:$F19),"") -> 0 | O31: 30 | P31: 16/01/2026 | Q31: CN | R31: 1790 | S31: 1100 | T31: 0
H32: =IF(B20="","",TEXT(B20,"dd/mm") & "-" & IF(UPPER(TRIM(C20))="CN",1,IF(UPPER(TRIM(C20))="CD",2,""))) -> 10/06-1 | I32: 0.73411765 | J32: 0.72252632 | K32: =IFERROR($E20/SUM($D20:$F20),"") -> 0.54118051 | L32: =IFERROR($D20/SUM($D20:$F20),"") -> 0.45881949 | M32: =IFERROR($F20/SUM($D20:$F20),"") -> 0 | O32: 31 | P32: 16/01/2026 | Q32: CD | R32: 933 | S32: 1974 | T32: 0
H33: =IF(B21="","",TEXT(B21,"dd/mm") & "-" & IF(UPPER(TRIM(C21))="CN",1,IF(UPPER(TRIM(C21))="CD",2,""))) -> 10/06-2 | I33: 0.73411765 | J33: 0.72252632 | K33: =IFERROR($E21/SUM($D21:$F21),"") -> 0.66253016 | L33: =IFERROR($D21/SUM($D21:$F21),"") -> 0.33746984 | M33: =IFERROR($F21/SUM($D21:$F21),"") -> 0 | O33: 32 | P33: 17/01/2026 | Q33: CN | R33: 1191 | S33: 1706 | T33: 0
H34: =IF(B22="","",TEXT(B22,"dd/mm") & "-" & IF(UPPER(TRIM(C22))="CN",1,IF(UPPER(TRIM(C22))="CD",2,""))) -> 11/06-1 | I34: 0.73411765 | J34: 0.72252632 | K34: =IFERROR($E22/SUM($D22:$F22),"") -> 0.58906953 | L34: =IFERROR($D22/SUM($D22:$F22),"") -> 0.41093047 | M34: =IFERROR($F22/SUM($D22:$F22),"") -> 0 | O34: 33 | P34: 17/01/2026 | Q34: CD | R34: 989 | S34: 1898 | T34: 0
H35: =IF(B23="","",TEXT(B23,"dd/mm") & "-" & IF(UPPER(TRIM(C23))="CN",1,IF(UPPER(TRIM(C23))="CD",2,""))) -> 11/06-2 | I35: 0.73411765 | J35: 0.72252632 | K35: =IFERROR($E23/SUM($D23:$F23),"") -> 0.5941681 | L35: =IFERROR($D23/SUM($D23:$F23),"") -> 0.4058319 | M35: =IFERROR($F23/SUM($D23:$F23),"") -> 0 | O35: 34 | P35: 18/01/2026 | Q35: CN | R35: 1806 | S35: 1080 | T35: 0
H36: =IF(B24="","",TEXT(B24,"dd/mm") & "-" & IF(UPPER(TRIM(C24))="CN",1,IF(UPPER(TRIM(C24))="CD",2,""))) -> 12/06-1 | I36: 0.73411765 | J36: 0.72252632 | K36: =IFERROR($E24/SUM($D24:$F24),"") -> 0.51864641 | L36: =IFERROR($D24/SUM($D24:$F24),"") -> 0.48135359 | M36: =IFERROR($F24/SUM($D24:$F24),"") -> 0 | O36: 35 | P36: 18/01/2026 | Q36: CD | R36: 1326 | S36: 351 | T36: 1207
H37: =IF(B25="","",TEXT(B25,"dd/mm") & "-" & IF(UPPER(TRIM(C25))="CN",1,IF(UPPER(TRIM(C25))="CD",2,""))) -> 12/06-2 | I37: 0.73411765 | J37: 0.72252632 | K37: =IFERROR($E25/SUM($D25:$F25),"") -> 0.76742581 | L37: =IFERROR($D25/SUM($D25:$F25),"") -> 0.23257419 | M37: =IFERROR($F25/SUM($D25:$F25),"") -> 0 | O37: 36 | P37: 19/01/2026 | Q37: CN | R37: 1214 | S37: 1261 | T37: 410
H38: =IF(B26="","",TEXT(B26,"dd/mm") & "-" & IF(UPPER(TRIM(C26))="CN",1,IF(UPPER(TRIM(C26))="CD",2,""))) -> 13/06-1 | I38: 0.73411765 | J38: 0.72252632 | K38: =IFERROR($E26/SUM($D26:$F26),"") -> 0.6125908 | L38: =IFERROR($D26/SUM($D26:$F26),"") -> 0.38291249 | M38: =IFERROR($F26/SUM($D26:$F26),"") -> 0.0044967139 | O38: 37 | P38: 19/01/2026 | Q38: CD | R38: 993 | S38: 1905 | T38: 0
H39: =IF(B27="","",TEXT(B27,"dd/mm") & "-" & IF(UPPER(TRIM(C27))="CN",1,IF(UPPER(TRIM(C27))="CD",2,""))) | K39: =IFERROR($E27/SUM($D27:$F27),"") | L39: =IFERROR($D27/SUM($D27:$F27),"") | M39: =IFERROR($F27/SUM($D27:$F27),"") | O39: 38 | P39: 20/01/2026 | Q39: CN | R39: 1428 | S39: 1455 | T39: 0
H40: =IF(B28="","",TEXT(B28,"dd/mm") & "-" & IF(UPPER(TRIM(C28))="CN",1,IF(UPPER(TRIM(C28))="CD",2,""))) | K40: =IFERROR($E28/SUM($D28:$F28),"") | L40: =IFERROR($D28/SUM($D28:$F28),"") | M40: =IFERROR($F28/SUM($D28:$F28),"") | O40: 39 | P40: 20/01/2026 | Q40: CD | R40: 1355 | S40: 1531 | T40: 0
H41: =IF(B29="","",TEXT(B29,"dd/mm") & "-" & IF(UPPER(TRIM(C29))="CN",1,IF(UPPER(TRIM(C29))="CD",2,""))) | K41: =IFERROR($E29/SUM($D29:$F29),"") | L41: =IFERROR($D29/SUM($D29:$F29),"") | M41: =IFERROR($F29/SUM($D29:$F29),"") | O41: 40 | P41: 21/01/2026 | Q41: CN | R41: 1433 | S41: 1456 | T41: 0
H42: =IF(B30="","",TEXT(B30,"dd/mm") & "-" & IF(UPPER(TRIM(C30))="CN",1,IF(UPPER(TRIM(C30))="CD",2,""))) | K42: =IFERROR($E30/SUM($D30:$F30),"") | L42: =IFERROR($D30/SUM($D30:$F30),"") | M42: =IFERROR($F30/SUM($D30:$F30),"") | O42: 41 | P42: 21/01/2026 | Q42: CD | R42: 1256 | S42: 1632 | T42: 0
H43: =IF(B31="","",TEXT(B31,"dd/mm") & "-" & IF(UPPER(TRIM(C31))="CN",1,IF(UPPER(TRIM(C31))="CD",2,""))) | K43: =IFERROR($E31/SUM($D31:$F31),"") | L43: =IFERROR($D31/SUM($D31:$F31),"") | M43: =IFERROR($F31/SUM($D31:$F31),"") | O43: 42 | P43: 22/01/2026 | Q43: CN | R43: 1464 | S43: 1423 | T43: 0
H44: =IF(B32="","",TEXT(B32,"dd/mm") & "-" & IF(UPPER(TRIM(C32))="CN",1,IF(UPPER(TRIM(C32))="CD",2,""))) | K44: =IFERROR($E32/SUM($D32:$F32),"") | L44: =IFERROR($D32/SUM($D32:$F32),"") | M44: =IFERROR($F32/SUM($D32:$F32),"") | O44: 43 | P44: 22/01/2026 | Q44: CD | R44: 1097 | S44: 1790 | T44: 0
H45: =IF(B33="","",TEXT(B33,"dd/mm") & "-" & IF(UPPER(TRIM(C33))="CN",1,IF(UPPER(TRIM(C33))="CD",2,""))) | K45: =IFERROR($E33/SUM($D33:$F33),"") | L45: =IFERROR($D33/SUM($D33:$F33),"") | M45: =IFERROR($F33/SUM($D33:$F33),"") | O45: 44 | P45: 23/01/2026 | Q45: CN | R45: 1489 | S45: 1417 | T45: 0
H46: =IF(B34="","",TEXT(B34,"dd/mm") & "-" & IF(UPPER(TRIM(C34))="CN",1,IF(UPPER(TRIM(C34))="CD",2,""))) | K46: =IFERROR($E34/SUM($D34:$F34),"") | L46: =IFERROR($D34/SUM($D34:$F34),"") | M46: =IFERROR($F34/SUM($D34:$F34),"") | O46: 45 | P46: 23/01/2026 | Q46: CD | R46: 1120 | S46: 1773 | T46: 0
H47: =IF(B35="","",TEXT(B35,"dd/mm") & "-" & IF(UPPER(TRIM(C35))="CN",1,IF(UPPER(TRIM(C35))="CD",2,""))) | K47: =IFERROR($E35/SUM($D35:$F35),"") | L47: =IFERROR($D35/SUM($D35:$F35),"") | M47: =IFERROR($F35/SUM($D35:$F35),"") | O47: 46 | P47: 24/01/2026 | Q47: CN | R47: 1541 | S47: 1352 | T47: 0
H48: =IF(B36="","",TEXT(B36,"dd/mm") & "-" & IF(UPPER(TRIM(C36))="CN",1,IF(UPPER(TRIM(C36))="CD",2,""))) | K48: =IFERROR($E36/SUM($D36:$F36),"") | L48: =IFERROR($D36/SUM($D36:$F36),"") | M48: =IFERROR($F36/SUM($D36:$F36),"") | O48: 47 | P48: 24/01/2026 | Q48: CD | R48: 1214 | S48: 1699 | T48: 0
H49: =IF(B37="","",TEXT(B37,"dd/mm") & "-" & IF(UPPER(TRIM(C37))="CN",1,IF(UPPER(TRIM(C37))="CD",2,""))) | K49: =IFERROR($E37/SUM($D37:$F37),"") | L49: =IFERROR($D37/SUM($D37:$F37),"") | M49: =IFERROR($F37/SUM($D37:$F37),"") | O49: 48 | P49: 25/01/2026 | Q49: CN | R49: 1672 | S49: 1214 | T49: 2
H50: =IF(B38="","",TEXT(B38,"dd/mm") & "-" & IF(UPPER(TRIM(C38))="CN",1,IF(UPPER(TRIM(C38))="CD",2,""))) | K50: =IFERROR($E38/SUM($D38:$F38),"") | L50: =IFERROR($D38/SUM($D38:$F38),"") | M50: =IFERROR($F38/SUM($D38:$F38),"") | O50: 49 | P50: 25/01/2026 | Q50: CD | R50: 1962 | S50: 922 | T50: 0
... H75: =IF(B63="","",TEXT(B63,"dd/mm") & "-" & IF(UPPER(TRIM(C63))="CN",1,IF(UPPER(TRIM(C63))="CD",2,""))) | K75: =IFERROR($E63/SUM($D63:$F63),"") | L75: =IFERROR($D63/SUM($D63:$F63),"") | M75: =IFERROR($F63/SUM($D63:$F63),"") | O75: 74 | P75: 07/02/2026 | Q75: CN | R75: 1482 | S75: 1434 | T75: 0
O76: 75 | P76: 07/02/2026 | Q76: CD | R76: 1303 | S76: 1581 | T76: 0
O77: 76 | P77: 08/02/2026 | Q77: CN | R77: 1435 | S77: 1447 | T77: 12
O78: 77 | P78: 08/02/2026 | Q78: CD | R78: 7 | S78: 117 | T78: 2755
O79: 78 | P79: 09/02/2026 | Q79: CN | R79: 768 | S79: 1293 | T79: 827
O80: 79 | P80: 09/02/2026 | Q80: CD | R80: 907 | S80: 2013 | T80: 0
O81: 80 | P81: 10/02/2026 | Q81: CN | R81: 1516 | S81: 1412 | T81: 0
O82: 81 | P82: 10/02/2026 | Q82: CD | R82: 1094 | S82: 1827 | T82: 0
O83: 82 | P83: 11/02/2026 | Q83: CN | R83: 1854 | S83: 1049 | T83: 0
O84: 83 | P84: 11/02/2026 | Q84: CD | R84: 870 | S84: 2029 | T84: 0
O85: 84 | P85: 12/02/2026 | Q85: CN | R85: 1380 | S85: 1516 | T85: 0
O86: 85 | P86: 12/02/2026 | Q86: CD | R86: 1263 | S86: 1648 | T86: 0
O87: 86 | P87: 13/02/2026 | Q87: CN | R87: 1403 | S87: 1490 | T87: 0
... O327: 326 | P327: 13/06/2026 | Q327: CN | R327: 1107 | S327: 1771 | T327: 13

Sheet EW
A1: ID | B1: Ngày tháng | C1: Ca làm việc | D1: Thời gian hoạt động không tải (phút) | E1: Thời gian hoạt động có tải (phút) | F1: Thời gian tắt máy (phút) | H1: Ngày - Ca | I1: Mục Tiêu C1 | J1: Mục Tiêu C2 | K1: % Có Tải | L1: % Không Tải | M1: % Tắt Máy
A2: 1 | B2: 01/06/2026 | C2: CN | D2: 684 | E2: 1404 | F2: 794 | H2: T1 | I2: 0.81882353 | J2: 0.84252632 | K2: =IFERROR(SUMIFS(S:S,P:P,"*/01/2026")/(SUMIFS(R:R,P:P,"*/01/2026")+SUMIFS(S:S,P:P,"*/01/2026")+SUMIFS(T:T,P:P,"*/01/2026")),"") -> 0.53119717 | L2: =IFERROR(SUMIFS(R:R,P:P,"*/01/2026")/(SUMIFS(R:R,P:P,"*/01/2026")+SUMIFS(S:S,P:P,"*/01/2026")+SUMIFS(T:T,P:P,"*/01/2026")),"") -> 0.28754255 | M2: =IFERROR(SUMIFS(T:T,P:P,"*/01/2026")/(SUMIFS(R:R,P:P,"*/01/2026")+SUMIFS(S:S,P:P,"*/01/2026")+SUMIFS(T:T,P:P,"*/01/2026")),"") -> 0.18126028 | O2: 1 | P2: 01/01/2026 | Q2: CN | R2: 0 | S2: 0 | T2: 2880
A3: 2 | B3: 01/06/2026 | C3: CD | D3: 750 | E3: 2131 | F3: 0 | H3: T2 | I3: 0.81882353 | J3: 0.84252632 | K3: =IFERROR(SUMIFS(S:S,P:P,"*/02/2026")/(SUMIFS(R:R,P:P,"*/02/2026")+SUMIFS(S:S,P:P,"*/02/2026")+SUMIFS(T:T,P:P,"*/02/2026")),"") -> 0.39814005 | L3: =IFERROR(SUMIFS(R:R,P:P,"*/02/2026")/(SUMIFS(R:R,P:P,"*/02/2026")+SUMIFS(S:S,P:P,"*/02/2026")+SUMIFS(T:T,P:P,"*/02/2026")),"") -> 0.22337952 | M3: =IFERROR(SUMIFS(T:T,P:P,"*/02/2026")/(SUMIFS(R:R,P:P,"*/02/2026")+SUMIFS(S:S,P:P,"*/02/2026")+SUMIFS(T:T,P:P,"*/02/2026")),"") -> 0.37848042 | O3: 2 | P3: 01/01/2026 | Q3: CD | R3: 164 | S3: 136 | T3: 2575
A4: 3 | B4: 02/06/2026 | C4: CN | D4: 1194 | E4: 1687 | F4: 0 | H4: T3 | I4: 0.81882353 | J4: 0.84252632 | K4: =IFERROR(SUMIFS(S:S,P:P,"*/03/2026")/(SUMIFS(R:R,P:P,"*/03/2026")+SUMIFS(S:S,P:P,"*/03/2026")+SUMIFS(T:T,P:P,"*/03/2026")),"") -> 0.59869893 | L4: =IFERROR(SUMIFS(R:R,P:P,"*/03/2026")/(SUMIFS(R:R,P:P,"*/03/2026")+SUMIFS(S:S,P:P,"*/03/2026")+SUMIFS(T:T,P:P,"*/03/2026")),"") -> 0.30992345 | M4: =IFERROR(SUMIFS(T:T,P:P,"*/03/2026")/(SUMIFS(R:R,P:P,"*/03/2026")+SUMIFS(S:S,P:P,"*/03/2026")+SUMIFS(T:T,P:P,"*/03/2026")),"") -> 0.091377618 | O4: 3 | P4: 02/01/2026 | Q4: CN | R4: 832 | S4: 2051 | T4: 0
A5: 4 | B5: 02/06/2026 | C5: CD | D5: 975 | E5: 1910 | F5: 0 | H5: T4 | I5: 0.81882353 | J5: 0.84252632 | K5: =IFERROR(SUMIFS(S:S,P:P,"*/04/2026")/(SUMIFS(R:R,P:P,"*/04/2026")+SUMIFS(S:S,P:P,"*/04/2026")+SUMIFS(T:T,P:P,"*/04/2026")),"") -> 0.56341475 | L5: =IFERROR(SUMIFS(R:R,P:P,"*/04/2026")/(SUMIFS(R:R,P:P,"*/04/2026")+SUMIFS(S:S,P:P,"*/04/2026")+SUMIFS(T:T,P:P,"*/04/2026")),"") -> 0.34952158 | M5: =IFERROR(SUMIFS(T:T,P:P,"*/04/2026")/(SUMIFS(R:R,P:P,"*/04/2026")+SUMIFS(S:S,P:P,"*/04/2026")+SUMIFS(T:T,P:P,"*/04/2026")),"") -> 0.087063669 | O5: 4 | P5: 02/01/2026 | Q5: CD | R5: 505 | S5: 1021 | T5: 1351
A6: 5 | B6: 03/06/2026 | C6: CN | D6: 1536 | E6: 1343 | F6: 0 | H6: T5 | I6: 0.81882353 | J6: 0.84252632 | K6: =IFERROR(SUMIFS(S:S,P:P,"*/05/2026")/(SUMIFS(R:R,P:P,"*/05/2026")+SUMIFS(S:S,P:P,"*/05/2026")+SUMIFS(T:T,P:P,"*/05/2026")),"") -> 0.53236378 | L6: =IFERROR(SUMIFS(R:R,P:P,"*/05/2026")/(SUMIFS(R:R,P:P,"*/05/2026")+SUMIFS(S:S,P:P,"*/05/2026")+SUMIFS(T:T,P:P,"*/05/2026")),"") -> 0.41613539 | M6: =IFERROR(SUMIFS(T:T,P:P,"*/05/2026")/(SUMIFS(R:R,P:P,"*/05/2026")+SUMIFS(S:S,P:P,"*/05/2026")+SUMIFS(T:T,P:P,"*/05/2026")),"") -> 0.051500824 | O6: 5 | P6: 03/01/2026 | Q6: CD | R6: 908 | S6: 3127 | T6: 647
A7: 6 | B7: 03/06/2026 | C7: CD | D7: 828 | E7: 2055 | F7: 0 | H7: T6 | I7: 0.81882353 | J7: 0.84252632 | K7: =IFERROR(SUMIFS(S:S,P:P,"*/06/2026")/(SUMIFS(R:R,P:P,"*/06/2026")+SUMIFS(S:S,P:P,"*/06/2026")+SUMIFS(T:T,P:P,"*/06/2026")),"") -> 0.59690364 | L7: =IFERROR(SUMIFS(R:R,P:P,"*/06/2026")/(SUMIFS(R:R,P:P,"*/06/2026")+SUMIFS(S:S,P:P,"*/06/2026")+SUMIFS(T:T,P:P,"*/06/2026")),"") -> 0.37921411 | M7: =IFERROR(SUMIFS(T:T,P:P,"*/06/2026")/(SUMIFS(R:R,P:P,"*/06/2026")+SUMIFS(S:S,P:P,"*/06/2026")+SUMIFS(T:T,P:P,"*/06/2026")),"") -> 0.023882255 | O7: 6 | P7: 04/01/2026 | Q7: CN | R7: 0 | S7: 0 | T7: 2880
A8: 7 | B8: 04/06/2026 | C8: CN | D8: 1244 | E8: 1639 | F8: 0 | H8: T7 | I8: 0.81882353 | J8: 0.84252632 | K8: =IFERROR(SUMIFS(S:S,P:P,"*/07/2026")/(SUMIFS(R:R,P:P,"*/07/2026")+SUMIFS(S:S,P:P,"*/07/2026")+SUMIFS(T:T,P:P,"*/07/2026")),"") | L8: =IFERROR(SUMIFS(R:R,P:P,"*/07/2026")/(SUMIFS(R:R,P:P,"*/07/2026")+SUMIFS(S:S,P:P,"*/07/2026")+SUMIFS(T:T,P:P,"*/07/2026")),"") | M8: =IFERROR(SUMIFS(T:T,P:P,"*/07/2026")/(SUMIFS(R:R,P:P,"*/07/2026")+SUMIFS(S:S,P:P,"*/07/2026")+SUMIFS(T:T,P:P,"*/07/2026")),"") | O8: 7 | P8: 04/01/2026 | Q8: CD | R8: 0 | S8: 0 | T8: 2880
A9: 8 | B9: 04/06/2026 | C9: CD | D9: 1072 | E9: 1809 | F9: 0 | H9: T8 | I9: 0.81882353 | J9: 0.84252632 | K9: =IFERROR(SUMIFS(S:S,P:P,"*/08/2026")/(SUMIFS(R:R,P:P,"*/08/2026")+SUMIFS(S:S,P:P,"*/08/2026")+SUMIFS(T:T,P:P,"*/08/2026")),"") | L9: =IFERROR(SUMIFS(R:R,P:P,"*/08/2026")/(SUMIFS(R:R,P:P,"*/08/2026")+SUMIFS(S:S,P:P,"*/08/2026")+SUMIFS(T:T,P:P,"*/08/2026")),"") | M9: =IFERROR(SUMIFS(T:T,P:P,"*/08/2026")/(SUMIFS(R:R,P:P,"*/08/2026")+SUMIFS(S:S,P:P,"*/08/2026")+SUMIFS(T:T,P:P,"*/08/2026")),"") | O9: 8 | P9: 05/01/2026 | Q9: CN | R9: 423 | S9: 1670 | T9: 784
A10: 9 | B10: 05/06/2026 | C10: CN | D10: 1375 | E10: 1508 | F10: 0 | H10: T9 | I10: 0.81882353 | J10: 0.84252632 | K10: =IFERROR(SUMIFS(S:S,P:P,"*/09/2026")/(SUMIFS(R:R,P:P,"*/09/2026")+SUMIFS(S:S,P:P,"*/09/2026")+SUMIFS(T:T,P:P,"*/09/2026")),"") | L10: =IFERROR(SUMIFS(R:R,P:P,"*/09/2026")/(SUMIFS(R:R,P:P,"*/09/2026")+SUMIFS(S:S,P:P,"*/09/2026")+SUMIFS(T:T,P:P,"*/09/2026")),"") | M10: =IFERROR(SUMIFS(T:T,P:P,"*/09/2026")/(SUMIFS(R:R,P:P,"*/09/2026")+SUMIFS(S:S,P:P,"*/09/2026")+SUMIFS(T:T,P:P,"*/09/2026")),"") | O10: 9 | P10: 05/01/2026 | Q10: CD | R10: 615 | S10: 1983 | T10: 248
A11: 10 | B11: 05/06/2026 | C11: CD | D11: 712 | E11: 2170 | F11: 0 | H11: T10 | I11: 0.81882353 | J11: 0.84252632 | K11: =IFERROR(SUMIFS(S:S,P:P,"*/10/2026")/(SUMIFS(R:R,P:P,"*/10/2026")+SUMIFS(S:S,P:P,"*/10/2026")+SUMIFS(T:T,P:P,"*/10/2026")),"") | L11: =IFERROR(SUMIFS(R:R,P:P,"*/10/2026")/(SUMIFS(R:R,P:P,"*/10/2026")+SUMIFS(S:S,P:P,"*/10/2026")+SUMIFS(T:T,P:P,"*/10/2026")),"") | M11: =IFERROR(SUMIFS(T:T,P:P,"*/10/2026")/(SUMIFS(R:R,P:P,"*/10/2026")+SUMIFS(S:S,P:P,"*/10/2026")+SUMIFS(T:T,P:P,"*/10/2026")),"") | O11: 10 | P11: 06/01/2026 | Q11: CN | R11: 991 | S11: 1481 | T11: 409
A12: 11 | B12: 06/06/2026 | C12: CN | D12: 1190 | E12: 1689 | F12: 0 | H12: T11 | I12: 0.81882353 | J12: 0.84252632 | K12: =IFERROR(SUMIFS(S:S,P:P,"*/11/2026")/(SUMIFS(R:R,P:P,"*/11/2026")+SUMIFS(S:S,P:P,"*/11/2026")+SUMIFS(T:T,P:P,"*/11/2026")),"") | L12: =IFERROR(SUMIFS(R:R,P:P,"*/11/2026")/(SUMIFS(R:R,P:P,"*/11/2026")+SUMIFS(S:S,P:P,"*/11/2026")+SUMIFS(T:T,P:P,"*/11/2026")),"") | M12: =IFERROR(SUMIFS(T:T,P:P,"*/11/2026")/(SUMIFS(R:R,P:P,"*/11/2026")+SUMIFS(S:S,P:P,"*/11/2026")+SUMIFS(T:T,P:P,"*/11/2026")),"") | O12: 11 | P12: 06/01/2026 | Q12: CD | R12: 882 | S12: 2000 | T12: 0
A13: 12 | B13: 06/06/2026 | C13: CD | D13: 1306 | E13: 1573 | F13: 0 | H13: T12 | I13: 0.81882353 | J13: 0.84252632 | K13: =IFERROR(SUMIFS(S:S,P:P,"*/12/2026")/(SUMIFS(R:R,P:P,"*/12/2026")+SUMIFS(S:S,P:P,"*/12/2026")+SUMIFS(T:T,P:P,"*/12/2026")),"") | L13: =IFERROR(SUMIFS(R:R,P:P,"*/12/2026")/(SUMIFS(R:R,P:P,"*/12/2026")+SUMIFS(S:S,P:P,"*/12/2026")+SUMIFS(T:T,P:P,"*/12/2026")),"") | M13: =IFERROR(SUMIFS(T:T,P:P,"*/12/2026")/(SUMIFS(R:R,P:P,"*/12/2026")+SUMIFS(S:S,P:P,"*/12/2026")+SUMIFS(T:T,P:P,"*/12/2026")),"") | O13: 12 | P13: 07/01/2026 | Q13: CN | R13: 758 | S13: 642 | T13: 1475
A14: 13 | B14: 07/06/2026 | C14: CN | D14: 1430 | E14: 1441 | F14: 6 | H14: =IF(B2="","",TEXT(B2,"dd/mm")& "-" &IF(UPPER(TRIM(C2))="CN",1,IF(UPPER(TRIM(C2))="CD",2,""))) -> 01/06-1 | I14: 0.81882353 | J14: 0.84252632 | K14: =IFERROR($E2/SUM($D2:$F2),"") -> 0.48716169 | L14: =IFERROR($D2/SUM($D2:$F2),"") -> 0.23733518 | M14: =IFERROR($F2/SUM($D2:$F2),"") -> 0.27550312 | O14: 13 | P14: 07/01/2026 | Q14: CD | R14: 0 | S14: 0 | T14: 2880
A15: 14 | B15: 07/06/2026 | C15: CD | D15: 1946 | E15: 212 | F15: 720 | H15: =IF(B3="","",TEXT(B3,"dd/mm") & "-" & IF(UPPER(TRIM(C3))="CN",1,IF(UPPER(TRIM(C3))="CD",2,""))) -> 01/06-2 | I15: 0.81882353 | J15: 0.84252632 | K15: =IFERROR($E3/SUM($D3:$F3),"") -> 0.73967372 | L15: =IFERROR($D3/SUM($D3:$F3),"") -> 0.26032628 | M15: =IFERROR($F3/SUM($D3:$F3),"") -> 0 | O15: 14 | P15: 08/01/2026 | Q15: CN | R15: 524 | S15: 1542 | T15: 812
A16: 15 | B16: 08/06/2026 | C16: CN | D16: 1172 | E16: 1509 | F16: 200 | H16: =IF(B4="","",TEXT(B4,"dd/mm") & "-" & IF(UPPER(TRIM(C4))="CN",1,IF(UPPER(TRIM(C4))="CD",2,""))) -> 02/06-1 | I16: 0.81882353 | J16: 0.84252632 | K16: =IFERROR($E4/SUM($D4:$F4),"") -> 0.58556057 | L16: =IFERROR($D4/SUM($D4:$F4),"") -> 0.41443943 | M16: =IFERROR($F4/SUM($D4:$F4),"") -> 0 | O16: 15 | P16: 08/01/2026 | Q16: CD | R16: 945 | S16: 1938 | T16: 0
A17: 16 | B17: 08/06/2026 | C17: CD | D17: 495 | E17: 2385 | F17: 0 | H17: =IF(B5="","",TEXT(B5,"dd/mm") & "-" & IF(UPPER(TRIM(C5))="CN",1,IF(UPPER(TRIM(C5))="CD",2,""))) -> 02/06-2 | I17: 0.81882353 | J17: 0.84252632 | K17: =IFERROR($E5/SUM($D5:$F5),"") -> 0.66204506 | L17: =IFERROR($D5/SUM($D5:$F5),"") -> 0.33795494 | M17: =IFERROR($F5/SUM($D5:$F5),"") -> 0 | O17: 16 | P17: 09/01/2026 | Q17: CN | R17: 1363 | S17: 1517 | T17: 0
A18: 17 | B18: 09/06/2026 | C18: CN | D18: 1234 | E18: 1649 | F18: 0 | H18: =IF(B6="","",TEXT(B6,"dd/mm") & "-" & IF(UPPER(TRIM(C6))="CN",1,IF(UPPER(TRIM(C6))="CD",2,""))) -> 03/06-1 | I18: 0.81882353 | J18: 0.84252632 | K18: =IFERROR($E6/SUM($D6:$F6),"") -> 0.46648142 | L18: =IFERROR($D6/SUM($D6:$F6),"") -> 0.53351858 | M18: =IFERROR($F6/SUM($D6:$F6),"") -> 0 | O18: 17 | P18: 09/01/2026 | Q18: CD | R18: 1090 | S18: 1790 | T18: 0
A19: 18 | B19: 09/06/2026 | C19: CD | D19: 892 | E19: 1990 | F19: 0 | H19: =IF(B7="","",TEXT(B7,"dd/mm") & "-" & IF(UPPER(TRIM(C7))="CN",1,IF(UPPER(TRIM(C7))="CD",2,""))) -> 03/06-2 | I19: 0.81882353 | J19: 0.84252632 | K19: =IFERROR($E7/SUM($D7:$F7),"") -> 0.71279917 | L19: =IFERROR($D7/SUM($D7:$F7),"") -> 0.28720083 | M19: =IFERROR($F7/SUM($D7:$F7),"") -> 0 | O19: 18 | P19: 10/01/2026 | Q19: CN | R19: 1434 | S19: 1426 | T19: 16
A20: 19 | B20: 10/06/2026 | C20: CN | D20: 1250 | E20: 1630 | F20: 0 | H20: =IF(B8="","",TEXT(B8,"dd/mm") & "-" & IF(UPPER(TRIM(C8))="CN",1,IF(UPPER(TRIM(C8))="CD",2,""))) -> 04/06-1 | I20: 0.81882353 | J20: 0.84252632 | K20: =IFERROR($E8/SUM($D8:$F8),"") -> 0.56850503 | L20: =IFERROR($D8/SUM($D8:$F8),"") -> 0.43149497 | M20: =IFERROR($F8/SUM($D8:$F8),"") -> 0 | O20: 19 | P20: 10/01/2026 | Q20: CD | R20: 0 | S20: 0 | T20: 2880
A21: 20 | B21: 10/06/2026 | C21: CD | D21: 759 | E21: 2120 | F21: 0 | H21: =IF(B9="","",TEXT(B9,"dd/mm") & "-" & IF(UPPER(TRIM(C9))="CN",1,IF(UPPER(TRIM(C9))="CD",2,""))) -> 04/06-2 | I21: 0.81882353 | J21: 0.84252632 | K21: =IFERROR($E9/SUM($D9:$F9),"") -> 0.62790698 | L21: =IFERROR($D9/SUM($D9:$F9),"") -> 0.37209302 | M21: =IFERROR($F9/SUM($D9:$F9),"") -> 0 | O21: 20 | P21: 11/01/2026 | Q21: CN | R21: 0 | S21: 0 | T21: 2880
A22: 21 | B22: 11/06/2026 | C22: CN | D22: 1170 | E22: 1710 | F22: 0 | H22: =IF(B10="","",TEXT(B10,"dd/mm") & "-" & IF(UPPER(TRIM(C10))="CN",1,IF(UPPER(TRIM(C10))="CD",2,""))) -> 05/06-1 | I22: 0.81882353 | J22: 0.84252632 | K22: =IFERROR($E10/SUM($D10:$F10),"") -> 0.52306625 | L22: =IFERROR($D10/SUM($D10:$F10),"") -> 0.47693375 | M22: =IFERROR($F10/SUM($D10:$F10),"") -> 0 | O22: 21 | P22: 11/01/2026 | Q22: CD | R22: 0 | S22: 0 | T22: 2880
A23: 22 | B23: 11/06/2026 | C23: CD | D23: 640 | E23: 2239 | F23: 0 | H23: =IF(B11="","",TEXT(B11,"dd/mm") & "-" & IF(UPPER(TRIM(C11))="CN",1,IF(UPPER(TRIM(C11))="CD",2,""))) -> 05/06-2 | I23: 0.81882353 | J23: 0.84252632 | K23: =IFERROR($E11/SUM($D11:$F11),"") -> 0.75294934 | L23: =IFERROR($D11/SUM($D11:$F11),"") -> 0.24705066 | M23: =IFERROR($F11/SUM($D11:$F11),"") -> 0 | O23: 22 | P23: 12/01/2026 | Q23: CN | R23: 683 | S23: 1374 | T23: 824
A24: 23 | B24: 12/06/2026 | C24: CN | D24: 1230 | E24: 1650 | F24: 0 | H24: =IF(B12="","",TEXT(B12,"dd/mm") & "-" & IF(UPPER(TRIM(C12))="CN",1,IF(UPPER(TRIM(C12))="CD",2,""))) -> 06/06-1 | I24: 0.81882353 | J24: 0.84252632 | K24: =IFERROR($E12/SUM($D12:$F12),"") -> 0.58666204 | L24: =IFERROR($D12/SUM($D12:$F12),"") -> 0.41333796 | M24: =IFERROR($F12/SUM($D12:$F12),"") -> 0 | O24: 23 | P24: 12/01/2026 | Q24: CD | R24: 1084 | S24: 1796 | T24: 0
A25: 24 | B25: 12/06/2026 | C25: CD | D25: 897 | E25: 1985 | F25: 0 | H25: =IF(B13="","",TEXT(B13,"dd/mm") & "-" & IF(UPPER(TRIM(C13))="CN",1,IF(UPPER(TRIM(C13))="CD",2,""))) -> 06/06-2 | I25: 0.81882353 | J25: 0.84252632 | K25: =IFERROR($E13/SUM($D13:$F13),"") -> 0.54637027 | L25: =IFERROR($D13/SUM($D13:$F13),"") -> 0.45362973 | M25: =IFERROR($F13/SUM($D13:$F13),"") -> 0 | O25: 24 | P25: 13/01/2026 | Q25: CN | R25: 1197 | S25: 1684 | T25: 0
A26: 25 | B26: 13/06/2026 | C26: CN | D26: 1330 | E26: 1551 | F26: 0 | H26: =IF(B14="","",TEXT(B14,"dd/mm") & "-" & IF(UPPER(TRIM(C14))="CN",1,IF(UPPER(TRIM(C14))="CD",2,""))) -> 07/06-1 | I26: 0.81882353 | J26: 0.84252632 | K26: =IFERROR($E14/SUM($D14:$F14),"") -> 0.50086896 | L26: =IFERROR($D14/SUM($D14:$F14),"") -> 0.49704553 | M26: =IFERROR($F14/SUM($D14:$F14),"") -> 0.0020855057 | O26: 25 | P26: 13/01/2026 | Q26: CD | R26: 932 | S26: 1946 | T26: 4
H27: =IF(B15="","",TEXT(B15,"dd/mm") & "-" & IF(UPPER(TRIM(C15))="CN",1,IF(UPPER(TRIM(C15))="CD",2,""))) -> 07/06-2 | I27: 0.81882353 | J27: 0.84252632 | K27: =IFERROR($E15/SUM($D15:$F15),"") -> 0.073662265 | L27: =IFERROR($D15/SUM($D15:$F15),"") -> 0.676164 | M27: =IFERROR($F15/SUM($D15:$F15),"") -> 0.25017373 | O27: 26 | P27: 14/01/2026 | Q27: CN | R27: 1375 | S27: 1506 | T27: 0
H28: =IF(B16="","",TEXT(B16,"dd/mm") & "-" & IF(UPPER(TRIM(C16))="CN",1,IF(UPPER(TRIM(C16))="CD",2,""))) -> 08/06-1 | I28: 0.81882353 | J28: 0.84252632 | K28: =IFERROR($E16/SUM($D16:$F16),"") -> 0.52377647 | L28: =IFERROR($D16/SUM($D16:$F16),"") -> 0.40680319 | M28: =IFERROR($F16/SUM($D16:$F16),"") -> 0.06942034 | O28: 27 | P28: 14/01/2026 | Q28: CD | R28: 1219 | S28: 1663 | T28: 0
H29: =IF(B17="","",TEXT(B17,"dd/mm") & "-" & IF(UPPER(TRIM(C17))="CN",1,IF(UPPER(TRIM(C17))="CD",2,""))) -> 08/06-2 | I29: 0.81882353 | J29: 0.84252632 | K29: =IFERROR($E17/SUM($D17:$F17),"") -> 0.828125 | L29: =IFERROR($D17/SUM($D17:$F17),"") -> 0.171875 | M29: =IFERROR($F17/SUM($D17:$F17),"") -> 0 | O29: 28 | P29: 15/01/2026 | Q29: CN | R29: 1292 | S29: 1591 | T29: 0
H30: =IF(B18="","",TEXT(B18,"dd/mm") & "-" & IF(UPPER(TRIM(C18))="CN",1,IF(UPPER(TRIM(C18))="CD",2,""))) -> 09/06-1 | I30: 0.81882353 | J30: 0.84252632 | K30: =IFERROR($E18/SUM($D18:$F18),"") -> 0.57197364 | L30: =IFERROR($D18/SUM($D18:$F18),"") -> 0.42802636 | M30: =IFERROR($F18/SUM($D18:$F18),"") -> 0 | O30: 29 | P30: 15/01/2026 | Q30: CD | R30: 929 | S30: 1954 | T30: 0
H31: =IF(B19="","",TEXT(B19,"dd/mm") & "-" & IF(UPPER(TRIM(C19))="CN",1,IF(UPPER(TRIM(C19))="CD",2,""))) -> 09/06-2 | I31: 0.81882353 | J31: 0.84252632 | K31: =IFERROR($E19/SUM($D19:$F19),"") -> 0.69049271 | L31: =IFERROR($D19/SUM($D19:$F19),"") -> 0.30950729 | M31: =IFERROR($F19/SUM($D19:$F19),"") -> 0 | O31: 30 | P31: 16/01/2026 | Q31: CN | R31: 1165 | S31: 1718 | T31: 0
H32: =IF(B20="","",TEXT(B20,"dd/mm") & "-" & IF(UPPER(TRIM(C20))="CN",1,IF(UPPER(TRIM(C20))="CD",2,""))) -> 10/06-1 | I32: 0.81882353 | J32: 0.84252632 | K32: =IFERROR($E20/SUM($D20:$F20),"") -> 0.56597222 | L32: =IFERROR($D20/SUM($D20:$F20),"") -> 0.43402778 | M32: =IFERROR($F20/SUM($D20:$F20),"") -> 0 | O32: 31 | P32: 16/01/2026 | Q32: CD | R32: 1184 | S32: 1700 | T32: 0
H33: =IF(B21="","",TEXT(B21,"dd/mm") & "-" & IF(UPPER(TRIM(C21))="CN",1,IF(UPPER(TRIM(C21))="CD",2,""))) -> 10/06-2 | I33: 0.81882353 | J33: 0.84252632 | K33: =IFERROR($E21/SUM($D21:$F21),"") -> 0.73636679 | L33: =IFERROR($D21/SUM($D21:$F21),"") -> 0.26363321 | M33: =IFERROR($F21/SUM($D21:$F21),"") -> 0 | O33: 32 | P33: 17/01/2026 | Q33: CN | R33: 1127 | S33: 1753 | T33: 0
H34: =IF(B22="","",TEXT(B22,"dd/mm") & "-" & IF(UPPER(TRIM(C22))="CN",1,IF(UPPER(TRIM(C22))="CD",2,""))) -> 11/06-1 | I34: 0.81882353 | J34: 0.84252632 | K34: =IFERROR($E22/SUM($D22:$F22),"") -> 0.59375 | L34: =IFERROR($D22/SUM($D22:$F22),"") -> 0.40625 | M34: =IFERROR($F22/SUM($D22:$F22),"") -> 0 | O34: 33 | P34: 17/01/2026 | Q34: CD | R34: 545 | S34: 2333 | T34: 0
H35: =IF(B23="","",TEXT(B23,"dd/mm") & "-" & IF(UPPER(TRIM(C23))="CN",1,IF(UPPER(TRIM(C23))="CD",2,""))) -> 11/06-2 | I35: 0.81882353 | J35: 0.84252632 | K35: =IFERROR($E23/SUM($D23:$F23),"") -> 0.77770059 | L35: =IFERROR($D23/SUM($D23:$F23),"") -> 0.22229941 | M35: =IFERROR($F23/SUM($D23:$F23),"") -> 0 | O35: 34 | P35: 18/01/2026 | Q35: CN | R35: 1452 | S35: 1424 | T35: 0
H36: =IF(B24="","",TEXT(B24,"dd/mm") & "-" & IF(UPPER(TRIM(C24))="CN",1,IF(UPPER(TRIM(C24))="CD",2,""))) -> 12/06-1 | I36: 0.81882353 | J36: 0.84252632 | K36: =IFERROR($E24/SUM($D24:$F24),"") -> 0.57291667 | L36: =IFERROR($D24/SUM($D24:$F24),"") -> 0.42708333 | M36: =IFERROR($F24/SUM($D24:$F24),"") -> 0 | O36: 35 | P36: 18/01/2026 | Q36: CD | R36: 1571 | S36: 672 | T36: 634
H37: =IF(B25="","",TEXT(B25,"dd/mm") & "-" & IF(UPPER(TRIM(C25))="CN",1,IF(UPPER(TRIM(C25))="CD",2,""))) -> 12/06-2 | I37: 0.81882353 | J37: 0.84252632 | K37: =IFERROR($E25/SUM($D25:$F25),"") -> 0.68875781 | L37: =IFERROR($D25/SUM($D25:$F25),"") -> 0.31124219 | M37: =IFERROR($F25/SUM($D25:$F25),"") -> 0 | O37: 36 | P37: 19/01/2026 | Q37: CN | R37: 1003 | S37: 1656 | T37: 220
H38: =IF(B26="","",TEXT(B26,"dd/mm") & "-" & IF(UPPER(TRIM(C26))="CN",1,IF(UPPER(TRIM(C26))="CD",2,""))) -> 13/06-1 | I38: 0.81882353 | J38: 0.84252632 | K38: =IFERROR($E26/SUM($D26:$F26),"") -> 0.53835474 | L38: =IFERROR($D26/SUM($D26:$F26),"") -> 0.46164526 | M38: =IFERROR($F26/SUM($D26:$F26),"") -> 0 | O38: 37 | P38: 19/01/2026 | Q38: CD | R38: 674 | S38: 2207 | T38: 0
H39: =IF(B27="","",TEXT(B27,"dd/mm") & "-" & IF(UPPER(TRIM(C27))="CN",1,IF(UPPER(TRIM(C27))="CD",2,""))) | K39: =IFERROR($E27/SUM($D27:$F27),"") | L39: =IFERROR($D27/SUM($D27:$F27),"") | M39: =IFERROR($F27/SUM($D27:$F27),"") | O39: 38 | P39: 20/01/2026 | Q39: CN | R39: 1082 | S39: 1800 | T39: 0
H40: =IF(B28="","",TEXT(B28,"dd/mm") & "-" & IF(UPPER(TRIM(C28))="CN",1,IF(UPPER(TRIM(C28))="CD",2,""))) | K40: =IFERROR($E28/SUM($D28:$F28),"") | L40: =IFERROR($D28/SUM($D28:$F28),"") | M40: =IFERROR($F28/SUM($D28:$F28),"") | O40: 39 | P40: 20/01/2026 | Q40: CD | R40: 773 | S40: 2108 | T40: 0
H41: =IF(B29="","",TEXT(B29,"dd/mm") & "-" & IF(UPPER(TRIM(C29))="CN",1,IF(UPPER(TRIM(C29))="CD",2,""))) | K41: =IFERROR($E29/SUM($D29:$F29),"") | L41: =IFERROR($D29/SUM($D29:$F29),"") | M41: =IFERROR($F29/SUM($D29:$F29),"") | O41: 40 | P41: 21/01/2026 | Q41: CN | R41: 1242 | S41: 1639 | T41: 0
H42: =IF(B30="","",TEXT(B30,"dd/mm") & "-" & IF(UPPER(TRIM(C30))="CN",1,IF(UPPER(TRIM(C30))="CD",2,""))) | K42: =IFERROR($E30/SUM($D30:$F30),"") | L42: =IFERROR($D30/SUM($D30:$F30),"") | M42: =IFERROR($F30/SUM($D30:$F30),"") | O42: 41 | P42: 21/01/2026 | Q42: CD | R42: 672 | S42: 2209 | T42: 0
H43: =IF(B31="","",TEXT(B31,"dd/mm") & "-" & IF(UPPER(TRIM(C31))="CN",1,IF(UPPER(TRIM(C31))="CD",2,""))) | K43: =IFERROR($E31/SUM($D31:$F31),"") | L43: =IFERROR($D31/SUM($D31:$F31),"") | M43: =IFERROR($F31/SUM($D31:$F31),"") | O43: 42 | P43: 22/01/2026 | Q43: CN | R43: 1077 | S43: 1699 | T43: 102
H44: =IF(B32="","",TEXT(B32,"dd/mm") & "-" & IF(UPPER(TRIM(C32))="CN",1,IF(UPPER(TRIM(C32))="CD",2,""))) | K44: =IFERROR($E32/SUM($D32:$F32),"") | L44: =IFERROR($D32/SUM($D32:$F32),"") | M44: =IFERROR($F32/SUM($D32:$F32),"") | O44: 43 | P44: 22/01/2026 | Q44: CD | R44: 545 | S44: 2335 | T44: 0
H45: =IF(B33="","",TEXT(B33,"dd/mm") & "-" & IF(UPPER(TRIM(C33))="CN",1,IF(UPPER(TRIM(C33))="CD",2,""))) | K45: =IFERROR($E33/SUM($D33:$F33),"") | L45: =IFERROR($D33/SUM($D33:$F33),"") | M45: =IFERROR($F33/SUM($D33:$F33),"") | O45: 44 | P45: 23/01/2026 | Q45: CN | R45: 1198 | S45: 1682 | T45: 0
H46: =IF(B34="","",TEXT(B34,"dd/mm") & "-" & IF(UPPER(TRIM(C34))="CN",1,IF(UPPER(TRIM(C34))="CD",2,""))) | K46: =IFERROR($E34/SUM($D34:$F34),"") | L46: =IFERROR($D34/SUM($D34:$F34),"") | M46: =IFERROR($F34/SUM($D34:$F34),"") | O46: 45 | P46: 23/01/2026 | Q46: CD | R46: 595 | S46: 2286 | T46: 0
H47: =IF(B35="","",TEXT(B35,"dd/mm") & "-" & IF(UPPER(TRIM(C35))="CN",1,IF(UPPER(TRIM(C35))="CD",2,""))) | K47: =IFERROR($E35/SUM($D35:$F35),"") | L47: =IFERROR($D35/SUM($D35:$F35),"") | M47: =IFERROR($F35/SUM($D35:$F35),"") | O47: 46 | P47: 24/01/2026 | Q47: CN | R47: 1238 | S47: 1642 | T47: 0
H48: =IF(B36="","",TEXT(B36,"dd/mm") & "-" & IF(UPPER(TRIM(C36))="CN",1,IF(UPPER(TRIM(C36))="CD",2,""))) | K48: =IFERROR($E36/SUM($D36:$F36),"") | L48: =IFERROR($D36/SUM($D36:$F36),"") | M48: =IFERROR($F36/SUM($D36:$F36),"") | O48: 47 | P48: 24/01/2026 | Q48: CD | R48: 857 | S48: 2022 | T48: 0
H49: =IF(B37="","",TEXT(B37,"dd/mm") & "-" & IF(UPPER(TRIM(C37))="CN",1,IF(UPPER(TRIM(C37))="CD",2,""))) | K49: =IFERROR($E37/SUM($D37:$F37),"") | L49: =IFERROR($D37/SUM($D37:$F37),"") | M49: =IFERROR($F37/SUM($D37:$F37),"") | O49: 48 | P49: 25/01/2026 | Q49: CN | R49: 1204 | S49: 1671 | T49: 3
H50: =IF(B38="","",TEXT(B38,"dd/mm") & "-" & IF(UPPER(TRIM(C38))="CN",1,IF(UPPER(TRIM(C38))="CD",2,""))) | K50: =IFERROR($E38/SUM($D38:$F38),"") | L50: =IFERROR($D38/SUM($D38:$F38),"") | M50: =IFERROR($F38/SUM($D38:$F38),"") | O50: 49 | P50: 25/01/2026 | Q50: CD | R50: 1444 | S50: 713 | T50: 720
... H75: =IF(B63="","",TEXT(B63,"dd/mm") & "-" & IF(UPPER(TRIM(C63))="CN",1,IF(UPPER(TRIM(C63))="CD",2,""))) | K75: =IFERROR($E63/SUM($D63:$F63),"") | L75: =IFERROR($D63/SUM($D63:$F63),"") | M75: =IFERROR($F63/SUM($D63:$F63),"") | O75: 74 | P75: 07/02/2026 | Q75: CN | R75: 1199 | S75: 1681 | T75: 0
O76: 75 | P76: 07/02/2026 | Q76: CD | R76: 995 | S76: 1888 | T76: 0
O77: 76 | P77: 08/02/2026 | Q77: CN | R77: 1099 | S77: 1779 | T77: 0
O78: 77 | P78: 08/02/2026 | Q78: CD | R78: 2575 | S78: 302 | T78: 0
O79: 78 | P79: 09/02/2026 | Q79: CN | R79: 1271 | S79: 1611 | T79: 0
O80: 79 | P80: 09/02/2026 | Q80: CD | R80: 835 | S80: 2047 | T80: 0
O81: 80 | P81: 10/02/2026 | Q81: CN | R81: 1523 | S81: 1356 | T81: 0
O82: 81 | P82: 10/02/2026 | Q82: CD | R82: 1124 | S82: 1757 | T82: 0
O83: 82 | P83: 11/02/2026 | Q83: CN | R83: 1598 | S83: 1284 | T83: 0
O84: 83 | P84: 11/02/2026 | Q84: CD | R84: 1147 | S84: 1733 | T84: 0
O85: 84 | P85: 12/02/2026 | Q85: CN | R85: 1177 | S85: 1703 | T85: 0
O86: 85 | P86: 12/02/2026 | Q86: CD | R86: 904 | S86: 1974 | T86: 4
O87: 86 | P87: 13/02/2026 | Q87: CN | R87: 1313 | S87: 1567 | T87: 0
... O327: 326 | P327: 13/06/2026 | Q327: CN | R327: 1330 | S327: 1551 | T327: 0

Sheet GJ
A1: ID | B1: Ngày tháng | C1: Ca làm việc | D1: Thời gian hoạt động không tải (phút) | E1: Thời gian hoạt động có tải (phút) | F1: Thời gian tắt máy (phút) | H1: Ngày - Ca | I1: Mục Tiêu C1 | J1: Mục Tiêu C2 | K1: % Có Tải | L1: % Không Tải | M1: % Tắt Máy
A2: 1 | B2: 01/06/2026 | C2: CN | D2: 75 | E2: 441 | F2: 202 | H2: T1 | I2: 0.67764706 | J2: 0.66694737 | K2: =IFERROR(SUMIFS(S:S,P:P,"*/01/2026")/(SUMIFS(R:R,P:P,"*/01/2026")+SUMIFS(S:S,P:P,"*/01/2026")+SUMIFS(T:T,P:P,"*/01/2026")),"") -> 0.48270368 | L2: =IFERROR(SUMIFS(R:R,P:P,"*/01/2026")/(SUMIFS(R:R,P:P,"*/01/2026")+SUMIFS(S:S,P:P,"*/01/2026")+SUMIFS(T:T,P:P,"*/01/2026")),"") -> 0.376844 | M2: =IFERROR(SUMIFS(T:T,P:P,"*/01/2026")/(SUMIFS(R:R,P:P,"*/01/2026")+SUMIFS(S:S,P:P,"*/01/2026")+SUMIFS(T:T,P:P,"*/01/2026")),"") -> 0.14045233 | O2: 1 | P2: 01/01/2026 | Q2: CN | R2: 0 | S2: 0 | T2: 720
A3: 2 | B3: 01/06/2026 | C3: CD | D3: 343 | E3: 377 | F3: 0 | H3: T2 | I3: 0.67764706 | J3: 0.66694737 | K3: =IFERROR(SUMIFS(S:S,P:P,"*/02/2026")/(SUMIFS(R:R,P:P,"*/02/2026")+SUMIFS(S:S,P:P,"*/02/2026")+SUMIFS(T:T,P:P,"*/02/2026")),"") -> 0.41719428 | L3: =IFERROR(SUMIFS(R:R,P:P,"*/02/2026")/(SUMIFS(R:R,P:P,"*/02/2026")+SUMIFS(S:S,P:P,"*/02/2026")+SUMIFS(T:T,P:P,"*/02/2026")),"") -> 0.3093866 | M3: =IFERROR(SUMIFS(T:T,P:P,"*/02/2026")/(SUMIFS(R:R,P:P,"*/02/2026")+SUMIFS(S:S,P:P,"*/02/2026")+SUMIFS(T:T,P:P,"*/02/2026")),"") -> 0.27341912 | O3: 2 | P3: 01/01/2026 | Q3: CD | R3: 80 | S3: 41 | T3: 658
A4: 3 | B4: 02/06/2026 | C4: CN | D4: 304 | E4: 416 | F4: 0 | H4: T3 | I4: 0.67764706 | J4: 0.66694737 | K4: =IFERROR(SUMIFS(S:S,P:P,"*/03/2026")/(SUMIFS(R:R,P:P,"*/03/2026")+SUMIFS(S:S,P:P,"*/03/2026")+SUMIFS(T:T,P:P,"*/03/2026")),"") -> 0.36643715 | L4: =IFERROR(SUMIFS(R:R,P:P,"*/03/2026")/(SUMIFS(R:R,P:P,"*/03/2026")+SUMIFS(S:S,P:P,"*/03/2026")+SUMIFS(T:T,P:P,"*/03/2026")),"") -> 0.37231892 | M4: =IFERROR(SUMIFS(T:T,P:P,"*/03/2026")/(SUMIFS(R:R,P:P,"*/03/2026")+SUMIFS(S:S,P:P,"*/03/2026")+SUMIFS(T:T,P:P,"*/03/2026")),"") -> 0.26124394 | O4: 3 | P4: 02/01/2026 | Q4: CN | R4: 486 | S4: 954 | T4: 1
A5: 4 | B5: 02/06/2026 | C5: CD | D5: 276 | E5: 443 | F5: 0 | H5: T4 | I5: 0.67764706 | J5: 0.66694737 | K5: =IFERROR(SUMIFS(S:S,P:P,"*/04/2026")/(SUMIFS(R:R,P:P,"*/04/2026")+SUMIFS(S:S,P:P,"*/04/2026")+SUMIFS(T:T,P:P,"*/04/2026")),"") -> 0.43801561 | L5: =IFERROR(SUMIFS(R:R,P:P,"*/04/2026")/(SUMIFS(R:R,P:P,"*/04/2026")+SUMIFS(S:S,P:P,"*/04/2026")+SUMIFS(T:T,P:P,"*/04/2026")),"") -> 0.35510033 | M5: =IFERROR(SUMIFS(T:T,P:P,"*/04/2026")/(SUMIFS(R:R,P:P,"*/04/2026")+SUMIFS(S:S,P:P,"*/04/2026")+SUMIFS(T:T,P:P,"*/04/2026")),"") -> 0.20688406 | O5: 4 | P5: 02/01/2026 | Q5: CD | R5: 986 | S5: 453 | T5: 1
A6: 5 | B6: 03/06/2026 | C6: CN | D6: 338 | E6: 382 | F6: 0 | H6: T5 | I6: 0.67764706 | J6: 0.66694737 | K6: =IFERROR(SUMIFS(S:S,P:P,"*/05/2026")/(SUMIFS(R:R,P:P,"*/05/2026")+SUMIFS(S:S,P:P,"*/05/2026")+SUMIFS(T:T,P:P,"*/05/2026")),"") -> 0.40828035 | L6: =IFERROR(SUMIFS(R:R,P:P,"*/05/2026")/(SUMIFS(R:R,P:P,"*/05/2026")+SUMIFS(S:S,P:P,"*/05/2026")+SUMIFS(T:T,P:P,"*/05/2026")),"") -> 0.28403372 | M6: =IFERROR(SUMIFS(T:T,P:P,"*/05/2026")/(SUMIFS(R:R,P:P,"*/05/2026")+SUMIFS(S:S,P:P,"*/05/2026")+SUMIFS(T:T,P:P,"*/05/2026")),"") -> 0.30768594 | O6: 5 | P6: 03/01/2026 | Q6: CD | R6: 620 | S6: 1400 | T6: 160
A7: 6 | B7: 03/06/2026 | C7: CD | D7: 251 | E7: 468 | F7: 0 | H7: T6 | I7: 0.67764706 | J7: 0.66694737 | K7: =IFERROR(SUMIFS(S:S,P:P,"*/06/2026")/(SUMIFS(R:R,P:P,"*/06/2026")+SUMIFS(S:S,P:P,"*/06/2026")+SUMIFS(T:T,P:P,"*/06/2026")),"") -> 0.45992775 | L7: =IFERROR(SUMIFS(R:R,P:P,"*/06/2026")/(SUMIFS(R:R,P:P,"*/06/2026")+SUMIFS(S:S,P:P,"*/06/2026")+SUMIFS(T:T,P:P,"*/06/2026")),"") -> 0.41825962 | M7: =IFERROR(SUMIFS(T:T,P:P,"*/06/2026")/(SUMIFS(R:R,P:P,"*/06/2026")+SUMIFS(S:S,P:P,"*/06/2026")+SUMIFS(T:T,P:P,"*/06/2026")),"") -> 0.12181263 | O7: 6 | P7: 04/01/2026 | Q7: CN | R7: 0 | S7: 0 | T7: 720
A8: 7 | B8: 04/06/2026 | C8: CN | D8: 317 | E8: 403 | F8: 0 | H8: T7 | I8: 0.67764706 | J8: 0.66694737 | K8: =IFERROR(SUMIFS(S:S,P:P,"*/07/2026")/(SUMIFS(R:R,P:P,"*/07/2026")+SUMIFS(S:S,P:P,"*/07/2026")+SUMIFS(T:T,P:P,"*/07/2026")),"") | L8: =IFERROR(SUMIFS(R:R,P:P,"*/07/2026")/(SUMIFS(R:R,P:P,"*/07/2026")+SUMIFS(S:S,P:P,"*/07/2026")+SUMIFS(T:T,P:P,"*/07/2026")),"") | M8: =IFERROR(SUMIFS(T:T,P:P,"*/07/2026")/(SUMIFS(R:R,P:P,"*/07/2026")+SUMIFS(S:S,P:P,"*/07/2026")+SUMIFS(T:T,P:P,"*/07/2026")),"") | O8: 7 | P8: 04/01/2026 | Q8: CD | R8: 0 | S8: 0 | T8: 720
A9: 8 | B9: 04/06/2026 | C9: CD | D9: 546 | E9: 818 | F9: 1 | H9: T8 | I9: 0.67764706 | J9: 0.66694737 | K9: =IFERROR(SUMIFS(S:S,P:P,"*/08/2026")/(SUMIFS(R:R,P:P,"*/08/2026")+SUMIFS(S:S,P:P,"*/08/2026")+SUMIFS(T:T,P:P,"*/08/2026")),"") | L9: =IFERROR(SUMIFS(R:R,P:P,"*/08/2026")/(SUMIFS(R:R,P:P,"*/08/2026")+SUMIFS(S:S,P:P,"*/08/2026")+SUMIFS(T:T,P:P,"*/08/2026")),"") | M9: =IFERROR(SUMIFS(T:T,P:P,"*/08/2026")/(SUMIFS(R:R,P:P,"*/08/2026")+SUMIFS(S:S,P:P,"*/08/2026")+SUMIFS(T:T,P:P,"*/08/2026")),"") | O9: 8 | P9: 05/01/2026 | Q9: CN | R9: 181 | S9: 854 | T9: 202
A10: 9 | B10: 05/06/2026 | C10: CN | D10: 482 | E10: 0 | F10: 478 | H10: T9 | I10: 0.67764706 | J10: 0.66694737 | K10: =IFERROR(SUMIFS(S:S,P:P,"*/09/2026")/(SUMIFS(R:R,P:P,"*/09/2026")+SUMIFS(S:S,P:P,"*/09/2026")+SUMIFS(T:T,P:P,"*/09/2026")),"") | L10: =IFERROR(SUMIFS(R:R,P:P,"*/09/2026")/(SUMIFS(R:R,P:P,"*/09/2026")+SUMIFS(S:S,P:P,"*/09/2026")+SUMIFS(T:T,P:P,"*/09/2026")),"") | M10: =IFERROR(SUMIFS(T:T,P:P,"*/09/2026")/(SUMIFS(R:R,P:P,"*/09/2026")+SUMIFS(S:S,P:P,"*/09/2026")+SUMIFS(T:T,P:P,"*/09/2026")),"") | O10: 9 | P10: 05/01/2026 | Q10: CD | R10: 597 | S10: 826 | T10: 1
A11: 10 | B11: 05/06/2026 | C11: CD | D11: 565 | E11: 714 | F11: 161 | H11: T10 | I11: 0.67764706 | J11: 0.66694737 | K11: =IFERROR(SUMIFS(S:S,P:P,"*/10/2026")/(SUMIFS(R:R,P:P,"*/10/2026")+SUMIFS(S:S,P:P,"*/10/2026")+SUMIFS(T:T,P:P,"*/10/2026")),"") | L11: =IFERROR(SUMIFS(R:R,P:P,"*/10/2026")/(SUMIFS(R:R,P:P,"*/10/2026")+SUMIFS(S:S,P:P,"*/10/2026")+SUMIFS(T:T,P:P,"*/10/2026")),"") | M11: =IFERROR(SUMIFS(T:T,P:P,"*/10/2026")/(SUMIFS(R:R,P:P,"*/10/2026")+SUMIFS(S:S,P:P,"*/10/2026")+SUMIFS(T:T,P:P,"*/10/2026")),"") | O11: 10 | P11: 06/01/2026 | Q11: CN | R11: 858 | S11: 581 | T11: 1
A12: 11 | B12: 06/06/2026 | C12: CN | D12: 720 | E12: 0 | F12: 720 | H12: T11 | I12: 0.67764706 | J12: 0.66694737 | K12: =IFERROR(SUMIFS(S:S,P:P,"*/11/2026")/(SUMIFS(R:R,P:P,"*/11/2026")+SUMIFS(S:S,P:P,"*/11/2026")+SUMIFS(T:T,P:P,"*/11/2026")),"") | L12: =IFERROR(SUMIFS(R:R,P:P,"*/11/2026")/(SUMIFS(R:R,P:P,"*/11/2026")+SUMIFS(S:S,P:P,"*/11/2026")+SUMIFS(T:T,P:P,"*/11/2026")),"") | M12: =IFERROR(SUMIFS(T:T,P:P,"*/11/2026")/(SUMIFS(R:R,P:P,"*/11/2026")+SUMIFS(S:S,P:P,"*/11/2026")+SUMIFS(T:T,P:P,"*/11/2026")),"") | O12: 11 | P12: 06/01/2026 | Q12: CD | R12: 659 | S12: 779 | T12: 1
A13: 12 | B13: 06/06/2026 | C13: CD | D13: 352 | E13: 580 | F13: 259 | H13: T12 | I13: 0.67764706 | J13: 0.66694737 | K13: =IFERROR(SUMIFS(S:S,P:P,"*/12/2026")/(SUMIFS(R:R,P:P,"*/12/2026")+SUMIFS(S:S,P:P,"*/12/2026")+SUMIFS(T:T,P:P,"*/12/2026")),"") | L13: =IFERROR(SUMIFS(R:R,P:P,"*/12/2026")/(SUMIFS(R:R,P:P,"*/12/2026")+SUMIFS(S:S,P:P,"*/12/2026")+SUMIFS(T:T,P:P,"*/12/2026")),"") | M13: =IFERROR(SUMIFS(T:T,P:P,"*/12/2026")/(SUMIFS(R:R,P:P,"*/12/2026")+SUMIFS(S:S,P:P,"*/12/2026")+SUMIFS(T:T,P:P,"*/12/2026")),"") | O13: 12 | P13: 07/01/2026 | Q13: CN | R13: 529 | S13: 147 | T13: 381
A14: 13 | B14: 07/06/2026 | C14: CN | D14: 0 | E14: 0 | F14: 720 | H14: =IF(B2="","",TEXT(B2,"dd/mm")& "-" &IF(UPPER(TRIM(C2))="CN",1,IF(UPPER(TRIM(C2))="CD",2,""))) -> 01/06-1 | I14: 0.67764706 | J14: 0.66694737 | K14: =IFERROR($E2/SUM($D2:$F2),"") -> 0.61420613 | L14: =IFERROR($D2/SUM($D2:$F2),"") -> 0.10445682 | M14: =IFERROR($F2/SUM($D2:$F2),"") -> 0.28133705 | O14: 13 | P14: 07/01/2026 | Q14: CD | R14: 0 | S14: 0 | T14: 720
A15: 14 | B15: 07/06/2026 | C15: CD | D15: 0 | E15: 0 | F15: 720 | H15: =IF(B3="","",TEXT(B3,"dd/mm") & "-" & IF(UPPER(TRIM(C3))="CN",1,IF(UPPER(TRIM(C3))="CD",2,""))) -> 01/06-2 | I15: 0.67764706 | J15: 0.66694737 | K15: =IFERROR($E3/SUM($D3:$F3),"") -> 0.52361111 | L15: =IFERROR($D3/SUM($D3:$F3),"") -> 0.47638889 | M15: =IFERROR($F3/SUM($D3:$F3),"") -> 0 | O15: 14 | P15: 08/01/2026 | Q15: CN | R15: 370 | S15: 653 | T15: 208
A16: 15 | B16: 08/06/2026 | C16: CN | D16: 312 | E16: 722 | F16: 203 | H16: =IF(B4="","",TEXT(B4,"dd/mm") & "-" & IF(UPPER(TRIM(C4))="CN",1,IF(UPPER(TRIM(C4))="CD",2,""))) -> 02/06-1 | I16: 0.67764706 | J16: 0.66694737 | K16: =IFERROR($E4/SUM($D4:$F4),"") -> 0.57777778 | L16: =IFERROR($D4/SUM($D4:$F4),"") -> 0.42222222 | M16: =IFERROR($F4/SUM($D4:$F4),"") -> 0 | O16: 15 | P16: 08/01/2026 | Q16: CD | R16: 634 | S16: 805 | T16: 1
A17: 16 | B17: 08/06/2026 | C17: CD | D17: 566 | E17: 874 | F17: 1 | H17: =IF(B5="","",TEXT(B5,"dd/mm") & "-" & IF(UPPER(TRIM(C5))="CN",1,IF(UPPER(TRIM(C5))="CD",2,""))) -> 02/06-2 | I17: 0.67764706 | J17: 0.66694737 | K17: =IFERROR($E5/SUM($D5:$F5),"") -> 0.61613352 | L17: =IFERROR($D5/SUM($D5:$F5),"") -> 0.38386648 | M17: =IFERROR($F5/SUM($D5:$F5),"") -> 0 | O17: 16 | P17: 09/01/2026 | Q17: CN | R17: 836 | S17: 602 | T17: 1
A18: 17 | B18: 09/06/2026 | C18: CN | D18: 690 | E18: 749 | F18: 1 | H18: =IF(B6="","",TEXT(B6,"dd/mm") & "-" & IF(UPPER(TRIM(C6))="CN",1,IF(UPPER(TRIM(C6))="CD",2,""))) -> 03/06-1 | I18: 0.67764706 | J18: 0.66694737 | K18: =IFERROR($E6/SUM($D6:$F6),"") -> 0.53055556 | L18: =IFERROR($D6/SUM($D6:$F6),"") -> 0.46944444 | M18: =IFERROR($F6/SUM($D6:$F6),"") -> 0 | O18: 17 | P18: 09/01/2026 | Q18: CD | R18: 625 | S18: 815 | T18: 1
A19: 18 | B19: 09/06/2026 | C19: CD | D19: 487 | E19: 951 | F19: 1 | H19: =IF(B7="","",TEXT(B7,"dd/mm") & "-" & IF(UPPER(TRIM(C7))="CN",1,IF(UPPER(TRIM(C7))="CD",2,""))) -> 03/06-2 | I19: 0.67764706 | J19: 0.66694737 | K19: =IFERROR($E7/SUM($D7:$F7),"") -> 0.65090403 | L19: =IFERROR($D7/SUM($D7:$F7),"") -> 0.34909597 | M19: =IFERROR($F7/SUM($D7:$F7),"") -> 0 | O19: 18 | P19: 10/01/2026 | Q19: CN | R19: 804 | S19: 632 | T19: 1
A20: 19 | B20: 10/06/2026 | C20: CN | D20: 714 | E20: 726 | F20: 1 | H20: =IF(B8="","",TEXT(B8,"dd/mm") & "-" & IF(UPPER(TRIM(C8))="CN",1,IF(UPPER(TRIM(C8))="CD",2,""))) -> 04/06-1 | I20: 0.67764706 | J20: 0.66694737 | K20: =IFERROR($E8/SUM($D8:$F8),"") -> 0.55972222 | L20: =IFERROR($D8/SUM($D8:$F8),"") -> 0.44027778 | M20: =IFERROR($F8/SUM($D8:$F8),"") -> 0 | O20: 19 | P20: 10/01/2026 | Q20: CD | R20: 0 | S20: 0 | T20: 720
A21: 20 | B21: 10/06/2026 | C21: CD | D21: 475 | E21: 964 | F21: 1 | H21: =IF(B9="","",TEXT(B9,"dd/mm") & "-" & IF(UPPER(TRIM(C9))="CN",1,IF(UPPER(TRIM(C9))="CD",2,""))) -> 04/06-2 | I21: 0.67764706 | J21: 0.66694737 | K21: =IFERROR($E9/SUM($D9:$F9),"") -> 0.5992674 | L21: =IFERROR($D9/SUM($D9:$F9),"") -> 0.4 | M21: =IFERROR($F9/SUM($D9:$F9),"") -> 0.00073260073 | O21: 20 | P21: 11/01/2026 | Q21: CN | R21: 0 | S21: 0 | T21: 720
A22: 21 | B22: 11/06/2026 | C22: CN | D22: 714 | E22: 725 | F22: 1 | H22: =IF(B10="","",TEXT(B10,"dd/mm") & "-" & IF(UPPER(TRIM(C10))="CN",1,IF(UPPER(TRIM(C10))="CD",2,""))) -> 05/06-1 | I22: 0.67764706 | J22: 0.66694737 | K22: =IFERROR($E10/SUM($D10:$F10),"") -> 0 | L22: =IFERROR($D10/SUM($D10:$F10),"") -> 0.50208333 | M22: =IFERROR($F10/SUM($D10:$F10),"") -> 0.49791667 | O22: 21 | P22: 11/01/2026 | Q22: CD | R22: 0 | S22: 0 | T22: 720
A23: 22 | B23: 11/06/2026 | C23: CD | D23: 549 | E23: 889 | F23: 1 | H23: =IF(B11="","",TEXT(B11,"dd/mm") & "-" & IF(UPPER(TRIM(C11))="CN",1,IF(UPPER(TRIM(C11))="CD",2,""))) -> 05/06-2 | I23: 0.67764706 | J23: 0.66694737 | K23: =IFERROR($E11/SUM($D11:$F11),"") -> 0.49583333 | L23: =IFERROR($D11/SUM($D11:$F11),"") -> 0.39236111 | M23: =IFERROR($F11/SUM($D11:$F11),"") -> 0.11180556 | O23: 22 | P23: 12/01/2026 | Q23: CN | R23: 303 | S23: 719 | T23: 208
A24: 23 | B24: 12/06/2026 | C24: CN | D24: 804 | E24: 636 | F24: 1 | H24: =IF(B12="","",TEXT(B12,"dd/mm") & "-" & IF(UPPER(TRIM(C12))="CN",1,IF(UPPER(TRIM(C12))="CD",2,""))) -> 06/06-1 | I24: 0.67764706 | J24: 0.66694737 | K24: =IFERROR($E12/SUM($D12:$F12),"") -> 0 | L24: =IFERROR($D12/SUM($D12:$F12),"") -> 0.5 | M24: =IFERROR($F12/SUM($D12:$F12),"") -> 0.5 | O24: 23 | P24: 12/01/2026 | Q24: CD | R24: 469 | S24: 970 | T24: 1
A25: 24 | B25: 12/06/2026 | C25: CD | D25: 605 | E25: 835 | F25: 1 | H25: =IF(B13="","",TEXT(B13,"dd/mm") & "-" & IF(UPPER(TRIM(C13))="CN",1,IF(UPPER(TRIM(C13))="CD",2,""))) -> 06/06-2 | I25: 0.67764706 | J25: 0.66694737 | K25: =IFERROR($E13/SUM($D13:$F13),"") -> 0.48698573 | L25: =IFERROR($D13/SUM($D13:$F13),"") -> 0.29554996 | M25: =IFERROR($F13/SUM($D13:$F13),"") -> 0.21746432 | O25: 24 | P25: 13/01/2026 | Q25: CN | R25: 716 | S25: 722 | T25: 1
A26: 25 | B26: 13/06/2026 | C26: CN | D26: 1440 | E26: 0 | F26: 0 | H26: =IF(B14="","",TEXT(B14,"dd/mm") & "-" & IF(UPPER(TRIM(C14))="CN",1,IF(UPPER(TRIM(C14))="CD",2,""))) -> 07/06-1 | I26: 0.67764706 | J26: 0.66694737 | K26: =IFERROR($E14/SUM($D14:$F14),"") -> 0 | L26: =IFERROR($D14/SUM($D14:$F14),"") -> 0 | M26: =IFERROR($F14/SUM($D14:$F14),"") -> 1 | O26: 25 | P26: 13/01/2026 | Q26: CD | R26: 675 | S26: 764 | T26: 1
H27: =IF(B15="","",TEXT(B15,"dd/mm") & "-" & IF(UPPER(TRIM(C15))="CN",1,IF(UPPER(TRIM(C15))="CD",2,""))) -> 07/06-2 | I27: 0.67764706 | J27: 0.66694737 | K27: =IFERROR($E15/SUM($D15:$F15),"") -> 0 | L27: =IFERROR($D15/SUM($D15:$F15),"") -> 0 | M27: =IFERROR($F15/SUM($D15:$F15),"") -> 1 | O27: 26 | P27: 14/01/2026 | Q27: CN | R27: 743 | S27: 695 | T27: 1
H28: =IF(B16="","",TEXT(B16,"dd/mm") & "-" & IF(UPPER(TRIM(C16))="CN",1,IF(UPPER(TRIM(C16))="CD",2,""))) -> 08/06-1 | I28: 0.67764706 | J28: 0.66694737 | K28: =IFERROR($E16/SUM($D16:$F16),"") -> 0.58367017 | L28: =IFERROR($D16/SUM($D16:$F16),"") -> 0.25222312 | M28: =IFERROR($F16/SUM($D16:$F16),"") -> 0.16410671 | O28: 27 | P28: 14/01/2026 | Q28: CD | R28: 548 | S28: 892 | T28: 1
H29: =IF(B17="","",TEXT(B17,"dd/mm") & "-" & IF(UPPER(TRIM(C17))="CN",1,IF(UPPER(TRIM(C17))="CD",2,""))) -> 08/06-2 | I29: 0.67764706 | J29: 0.66694737 | K29: =IFERROR($E17/SUM($D17:$F17),"") -> 0.60652325 | L29: =IFERROR($D17/SUM($D17:$F17),"") -> 0.39278279 | M29: =IFERROR($F17/SUM($D17:$F17),"") -> 0.00069396253 | O29: 28 | P29: 15/01/2026 | Q29: CN | R29: 719 | S29: 720 | T29: 1
H30: =IF(B18="","",TEXT(B18,"dd/mm") & "-" & IF(UPPER(TRIM(C18))="CN",1,IF(UPPER(TRIM(C18))="CD",2,""))) -> 09/06-1 | I30: 0.67764706 | J30: 0.66694737 | K30: =IFERROR($E18/SUM($D18:$F18),"") -> 0.52013889 | L30: =IFERROR($D18/SUM($D18:$F18),"") -> 0.47916667 | M30: =IFERROR($F18/SUM($D18:$F18),"") -> 0.00069444444 | O30: 29 | P30: 15/01/2026 | Q30: CD | R30: 581 | S30: 858 | T30: 1
H31: =IF(B19="","",TEXT(B19,"dd/mm") & "-" & IF(UPPER(TRIM(C19))="CN",1,IF(UPPER(TRIM(C19))="CD",2,""))) -> 09/06-2 | I31: 0.67764706 | J31: 0.66694737 | K31: =IFERROR($E19/SUM($D19:$F19),"") -> 0.66087561 | L31: =IFERROR($D19/SUM($D19:$F19),"") -> 0.33842946 | M31: =IFERROR($F19/SUM($D19:$F19),"") -> 0.00069492703 | O31: 30 | P31: 16/01/2026 | Q31: CN | R31: 738 | S31: 701 | T31: 1
H32: =IF(B20="","",TEXT(B20,"dd/mm") & "-" & IF(UPPER(TRIM(C20))="CN",1,IF(UPPER(TRIM(C20))="CD",2,""))) -> 10/06-1 | I32: 0.67764706 | J32: 0.66694737 | K32: =IFERROR($E20/SUM($D20:$F20),"") -> 0.50381679 | L32: =IFERROR($D20/SUM($D20:$F20),"") -> 0.49548924 | M32: =IFERROR($F20/SUM($D20:$F20),"") -> 0.00069396253 | O32: 31 | P32: 16/01/2026 | Q32: CD | R32: 611 | S32: 828 | T32: 1
H33: =IF(B21="","",TEXT(B21,"dd/mm") & "-" & IF(UPPER(TRIM(C21))="CN",1,IF(UPPER(TRIM(C21))="CD",2,""))) -> 10/06-2 | I33: 0.67764706 | J33: 0.66694737 | K33: =IFERROR($E21/SUM($D21:$F21),"") -> 0.66944444 | L33: =IFERROR($D21/SUM($D21:$F21),"") -> 0.32986111 | M33: =IFERROR($F21/SUM($D21:$F21),"") -> 0.00069444444 | O33: 32 | P33: 17/01/2026 | Q33: CN | R33: 774 | S33: 665 | T33: 1
H34: =IF(B22="","",TEXT(B22,"dd/mm") & "-" & IF(UPPER(TRIM(C22))="CN",1,IF(UPPER(TRIM(C22))="CD",2,""))) -> 11/06-1 | I34: 0.67764706 | J34: 0.66694737 | K34: =IFERROR($E22/SUM($D22:$F22),"") -> 0.50347222 | L34: =IFERROR($D22/SUM($D22:$F22),"") -> 0.49583333 | M34: =IFERROR($F22/SUM($D22:$F22),"") -> 0.00069444444 | O34: 33 | P34: 17/01/2026 | Q34: CD | R34: 206 | S34: 747 | T34: 242
H35: =IF(B23="","",TEXT(B23,"dd/mm") & "-" & IF(UPPER(TRIM(C23))="CN",1,IF(UPPER(TRIM(C23))="CD",2,""))) -> 11/06-2 | I35: 0.67764706 | J35: 0.66694737 | K35: =IFERROR($E23/SUM($D23:$F23),"") -> 0.61779013 | L35: =IFERROR($D23/SUM($D23:$F23),"") -> 0.38151494 | M35: =IFERROR($F23/SUM($D23:$F23),"") -> 0.00069492703 | O35: 34 | P35: 18/01/2026 | Q35: CN | R35: 0 | S35: 0 | T35: 720
H36: =IF(B24="","",TEXT(B24,"dd/mm") & "-" & IF(UPPER(TRIM(C24))="CN",1,IF(UPPER(TRIM(C24))="CD",2,""))) -> 12/06-1 | I36: 0.67764706 | J36: 0.66694737 | K36: =IFERROR($E24/SUM($D24:$F24),"") -> 0.44136017 | L36: =IFERROR($D24/SUM($D24:$F24),"") -> 0.55794587 | M36: =IFERROR($F24/SUM($D24:$F24),"") -> 0.00069396253 | O36: 35 | P36: 18/01/2026 | Q36: CD | R36: 0 | S36: 0 | T36: 720
H37: =IF(B25="","",TEXT(B25,"dd/mm") & "-" & IF(UPPER(TRIM(C25))="CN",1,IF(UPPER(TRIM(C25))="CD",2,""))) -> 12/06-2 | I37: 0.67764706 | J37: 0.66694737 | K37: =IFERROR($E25/SUM($D25:$F25),"") -> 0.57945871 | L37: =IFERROR($D25/SUM($D25:$F25),"") -> 0.41984733 | M37: =IFERROR($F25/SUM($D25:$F25),"") -> 0.00069396253 | O37: 36 | P37: 19/01/2026 | Q37: CN | R37: 300 | S37: 720 | T37: 211
H38: =IF(B26="","",TEXT(B26,"dd/mm") & "-" & IF(UPPER(TRIM(C26))="CN",1,IF(UPPER(TRIM(C26))="CD",2,""))) -> 13/06-1 | I38: 0.67764706 | J38: 0.66694737 | K38: =IFERROR($E26/SUM($D26:$F26),"") -> 0 | L38: =IFERROR($D26/SUM($D26:$F26),"") -> 1 | M38: =IFERROR($F26/SUM($D26:$F26),"") -> 0 | O38: 37 | P38: 19/01/2026 | Q38: CD | R38: 569 | S38: 870 | T38: 1
H39: =IF(B27="","",TEXT(B27,"dd/mm") & "-" & IF(UPPER(TRIM(C27))="CN",1,IF(UPPER(TRIM(C27))="CD",2,""))) | K39: =IFERROR($E27/SUM($D27:$F27),"") | L39: =IFERROR($D27/SUM($D27:$F27),"") | M39: =IFERROR($F27/SUM($D27:$F27),"") | O39: 38 | P39: 20/01/2026 | Q39: CN | R39: 660 | S39: 779 | T39: 1
H40: =IF(B28="","",TEXT(B28,"dd/mm") & "-" & IF(UPPER(TRIM(C28))="CN",1,IF(UPPER(TRIM(C28))="CD",2,""))) | K40: =IFERROR($E28/SUM($D28:$F28),"") | L40: =IFERROR($D28/SUM($D28:$F28),"") | M40: =IFERROR($F28/SUM($D28:$F28),"") | O40: 39 | P40: 20/01/2026 | Q40: CD | R40: 585 | S40: 854 | T40: 1
H41: =IF(B29="","",TEXT(B29,"dd/mm") & "-" & IF(UPPER(TRIM(C29))="CN",1,IF(UPPER(TRIM(C29))="CD",2,""))) | K41: =IFERROR($E29/SUM($D29:$F29),"") | L41: =IFERROR($D29/SUM($D29:$F29),"") | M41: =IFERROR($F29/SUM($D29:$F29),"") | O41: 40 | P41: 21/01/2026 | Q41: CN | R41: 691 | S41: 748 | T41: 1
H42: =IF(B30="","",TEXT(B30,"dd/mm") & "-" & IF(UPPER(TRIM(C30))="CN",1,IF(UPPER(TRIM(C30))="CD",2,""))) | K42: =IFERROR($E30/SUM($D30:$F30),"") | L42: =IFERROR($D30/SUM($D30:$F30),"") | M42: =IFERROR($F30/SUM($D30:$F30),"") | O42: 41 | P42: 21/01/2026 | Q42: CD | R42: 635 | S42: 803 | T42: 1
H43: =IF(B31="","",TEXT(B31,"dd/mm") & "-" & IF(UPPER(TRIM(C31))="CN",1,IF(UPPER(TRIM(C31))="CD",2,""))) | K43: =IFERROR($E31/SUM($D31:$F31),"") | L43: =IFERROR($D31/SUM($D31:$F31),"") | M43: =IFERROR($F31/SUM($D31:$F31),"") | O43: 42 | P43: 22/01/2026 | Q43: CN | R43: 791 | S43: 649 | T43: 1
H44: =IF(B32="","",TEXT(B32,"dd/mm") & "-" & IF(UPPER(TRIM(C32))="CN",1,IF(UPPER(TRIM(C32))="CD",2,""))) | K44: =IFERROR($E32/SUM($D32:$F32),"") | L44: =IFERROR($D32/SUM($D32:$F32),"") | M44: =IFERROR($F32/SUM($D32:$F32),"") | O44: 43 | P44: 22/01/2026 | Q44: CD | R44: 613 | S44: 827 | T44: 1
H45: =IF(B33="","",TEXT(B33,"dd/mm") & "-" & IF(UPPER(TRIM(C33))="CN",1,IF(UPPER(TRIM(C33))="CD",2,""))) | K45: =IFERROR($E33/SUM($D33:$F33),"") | L45: =IFERROR($D33/SUM($D33:$F33),"") | M45: =IFERROR($F33/SUM($D33:$F33),"") | O45: 44 | P45: 23/01/2026 | Q45: CN | R45: 630 | S45: 810 | T45: 1
H46: =IF(B34="","",TEXT(B34,"dd/mm") & "-" & IF(UPPER(TRIM(C34))="CN",1,IF(UPPER(TRIM(C34))="CD",2,""))) | K46: =IFERROR($E34/SUM($D34:$F34),"") | L46: =IFERROR($D34/SUM($D34:$F34),"") | M46: =IFERROR($F34/SUM($D34:$F34),"") | O46: 45 | P46: 23/01/2026 | Q46: CD | R46: 505 | S46: 933 | T46: 1
H47: =IF(B35="","",TEXT(B35,"dd/mm") & "-" & IF(UPPER(TRIM(C35))="CN",1,IF(UPPER(TRIM(C35))="CD",2,""))) | K47: =IFERROR($E35/SUM($D35:$F35),"") | L47: =IFERROR($D35/SUM($D35:$F35),"") | M47: =IFERROR($F35/SUM($D35:$F35),"") | O47: 46 | P47: 24/01/2026 | Q47: CN | R47: 753 | S47: 685 | T47: 1
H48: =IF(B36="","",TEXT(B36,"dd/mm") & "-" & IF(UPPER(TRIM(C36))="CN",1,IF(UPPER(TRIM(C36))="CD",2,""))) | K48: =IFERROR($E36/SUM($D36:$F36),"") | L48: =IFERROR($D36/SUM($D36:$F36),"") | M48: =IFERROR($F36/SUM($D36:$F36),"") | O48: 47 | P48: 24/01/2026 | Q48: CD | R48: 238 | S48: 712 | T48: 245
H49: =IF(B37="","",TEXT(B37,"dd/mm") & "-" & IF(UPPER(TRIM(C37))="CN",1,IF(UPPER(TRIM(C37))="CD",2,""))) | K49: =IFERROR($E37/SUM($D37:$F37),"") | L49: =IFERROR($D37/SUM($D37:$F37),"") | M49: =IFERROR($F37/SUM($D37:$F37),"") | O49: 48 | P49: 25/01/2026 | Q49: CN | R49: 0 | S49: 0 | T49: 720
H50: =IF(B38="","",TEXT(B38,"dd/mm") & "-" & IF(UPPER(TRIM(C38))="CN",1,IF(UPPER(TRIM(C38))="CD",2,""))) | K50: =IFERROR($E38/SUM($D38:$F38),"") | L50: =IFERROR($D38/SUM($D38:$F38),"") | M50: =IFERROR($F38/SUM($D38:$F38),"") | O50: 49 | P50: 25/01/2026 | Q50: CD | R50: 0 | S50: 0 | T50: 720
... H75: =IF(B63="","",TEXT(B63,"dd/mm") & "-" & IF(UPPER(TRIM(C63))="CN",1,IF(UPPER(TRIM(C63))="CD",2,""))) | K75: =IFERROR($E63/SUM($D63:$F63),"") | L75: =IFERROR($D63/SUM($D63:$F63),"") | M75: =IFERROR($F63/SUM($D63:$F63),"") | O75: 74 | P75: 07/02/2026 | Q75: CN | R75: 785 | S75: 653 | T75: 1
O76: 75 | P76: 07/02/2026 | Q76: CD | R76: 295 | S76: 648 | T76: 246
O77: 76 | P77: 08/02/2026 | Q77: CN | R77: 0 | S77: 0 | T77: 720
O78: 77 | P78: 08/02/2026 | Q78: CD | R78: 0 | S78: 0 | T78: 720
O79: 78 | P79: 09/02/2026 | Q79: CN | R79: 209 | S79: 817 | T79: 207
O80: 79 | P80: 09/02/2026 | Q80: CD | R80: 457 | S80: 982 | T80: 1
O81: 80 | P81: 10/02/2026 | Q81: CN | R81: 642 | S81: 797 | T81: 1
O82: 81 | P82: 10/02/2026 | Q82: CD | R82: 564 | S82: 876 | T82: 1
O83: 82 | P83: 11/02/2026 | Q83: CN | R83: 715 | S83: 724 | T83: 1
O84: 83 | P84: 11/02/2026 | Q84: CD | R84: 589 | S84: 851 | T84: 1
O85: 84 | P85: 12/02/2026 | Q85: CN | R85: 662 | S85: 776 | T85: 1
O86: 85 | P86: 12/02/2026 | Q86: CD | R86: 647 | S86: 792 | T86: 1
O87: 86 | P87: 13/02/2026 | Q87: CN | R87: 1004 | S87: 436 | T87: 0
... O327: 326 | P327: 13/06/2026 | Q327: CN | R327: 1440 | S327: 0 | T327: 0

Sheet GS
A1: ID | B1: Ngày tháng | C1: Ca làm việc | D1: Thời gian hoạt động không tải (phút) | E1: Thời gian hoạt động có tải (phút) | F1: Thời gian tắt máy (phút) | H1: Ngày - Ca | I1: Mục Tiêu C1 | J1: Mục Tiêu C2 | K1: % Có Tải | L1: % Không Tải | M1: % Tắt Máy
A2: 1 | B2: 01/06/2026 | C2: CN | D2: 1848 | E2: 1756 | F2: 1421 | H2: T1 | I2: 0.46588235 | J2: 0.47936842 | K2: =IFERROR(SUMIFS(S:S,P:P,"*/01/2026")/(SUMIFS(R:R,P:P,"*/01/2026")+SUMIFS(S:S,P:P,"*/01/2026")+SUMIFS(T:T,P:P,"*/01/2026")),"") -> 0.27141935 | L2: =IFERROR(SUMIFS(R:R,P:P,"*/01/2026")/(SUMIFS(R:R,P:P,"*/01/2026")+SUMIFS(S:S,P:P,"*/01/2026")+SUMIFS(T:T,P:P,"*/01/2026")),"") -> 0.30444172 | M2: =IFERROR(SUMIFS(T:T,P:P,"*/01/2026")/(SUMIFS(R:R,P:P,"*/01/2026")+SUMIFS(S:S,P:P,"*/01/2026")+SUMIFS(T:T,P:P,"*/01/2026")),"") -> 0.42413893 | O2: 1 | P2: 01/01/2026 | Q2: CN | R2: 0 | S2: 0 | T2: 5040
A3: 2 | B3: 01/06/2026 | C3: CD | D3: 2126 | E3: 1771 | F3: 1128 | H3: T2 | I3: 0.46588235 | J3: 0.47936842 | K3: =IFERROR(SUMIFS(S:S,P:P,"*/02/2026")/(SUMIFS(R:R,P:P,"*/02/2026")+SUMIFS(S:S,P:P,"*/02/2026")+SUMIFS(T:T,P:P,"*/02/2026")),"") -> 0.21431031 | L3: =IFERROR(SUMIFS(R:R,P:P,"*/02/2026")/(SUMIFS(R:R,P:P,"*/02/2026")+SUMIFS(S:S,P:P,"*/02/2026")+SUMIFS(T:T,P:P,"*/02/2026")),"") -> 0.21273084 | M3: =IFERROR(SUMIFS(T:T,P:P,"*/02/2026")/(SUMIFS(R:R,P:P,"*/02/2026")+SUMIFS(S:S,P:P,"*/02/2026")+SUMIFS(T:T,P:P,"*/02/2026")),"") -> 0.57295885 | O3: 2 | P3: 01/01/2026 | Q3: CD | R3: 302 | S3: 165 | T3: 4563
A4: 3 | B4: 02/06/2026 | C4: CN | D4: 1977 | E4: 1629 | F4: 1420 | H4: T3 | I4: 0.46588235 | J4: 0.47936842 | K4: =IFERROR(SUMIFS(S:S,P:P,"*/03/2026")/(SUMIFS(R:R,P:P,"*/03/2026")+SUMIFS(S:S,P:P,"*/03/2026")+SUMIFS(T:T,P:P,"*/03/2026")),"") -> 0.28633026 | L4: =IFERROR(SUMIFS(R:R,P:P,"*/03/2026")/(SUMIFS(R:R,P:P,"*/03/2026")+SUMIFS(S:S,P:P,"*/03/2026")+SUMIFS(T:T,P:P,"*/03/2026")),"") -> 0.30099816 | M4: =IFERROR(SUMIFS(T:T,P:P,"*/03/2026")/(SUMIFS(R:R,P:P,"*/03/2026")+SUMIFS(S:S,P:P,"*/03/2026")+SUMIFS(T:T,P:P,"*/03/2026")),"") -> 0.41267158 | O4: 3 | P4: 02/01/2026 | Q4: CN | R4: 2503 | S4: 2519 | T4: 0
A5: 4 | B5: 02/06/2026 | C5: CD | D5: 2068 | E5: 1820 | F5: 1137 | H5: T4 | I5: 0.46588235 | J5: 0.47936842 | K5: =IFERROR(SUMIFS(S:S,P:P,"*/04/2026")/(SUMIFS(R:R,P:P,"*/04/2026")+SUMIFS(S:S,P:P,"*/04/2026")+SUMIFS(T:T,P:P,"*/04/2026")),"") -> 0.24688178 | L5: =IFERROR(SUMIFS(R:R,P:P,"*/04/2026")/(SUMIFS(R:R,P:P,"*/04/2026")+SUMIFS(S:S,P:P,"*/04/2026")+SUMIFS(T:T,P:P,"*/04/2026")),"") -> 0.29999834 | M5: =IFERROR(SUMIFS(T:T,P:P,"*/04/2026")/(SUMIFS(R:R,P:P,"*/04/2026")+SUMIFS(S:S,P:P,"*/04/2026")+SUMIFS(T:T,P:P,"*/04/2026")),"") -> 0.45311987 | O5: 4 | P5: 02/01/2026 | Q5: CD | R5: 1273 | S5: 933 | T5: 2822
A6: 5 | B6: 03/06/2026 | C6: CN | D6: 1831 | E6: 1766 | F6: 1428 | H6: T5 | I6: 0.46588235 | J6: 0.47936842 | K6: =IFERROR(SUMIFS(S:S,P:P,"*/05/2026")/(SUMIFS(R:R,P:P,"*/05/2026")+SUMIFS(S:S,P:P,"*/05/2026")+SUMIFS(T:T,P:P,"*/05/2026")),"") -> 0.24203133 | L6: =IFERROR(SUMIFS(R:R,P:P,"*/05/2026")/(SUMIFS(R:R,P:P,"*/05/2026")+SUMIFS(S:S,P:P,"*/05/2026")+SUMIFS(T:T,P:P,"*/05/2026")),"") -> 0.30970487 | M6: =IFERROR(SUMIFS(T:T,P:P,"*/05/2026")/(SUMIFS(R:R,P:P,"*/05/2026")+SUMIFS(S:S,P:P,"*/05/2026")+SUMIFS(T:T,P:P,"*/05/2026")),"") -> 0.4482638 | O6: 5 | P6: 03/01/2026 | Q6: CD | R6: 3888 | S6: 2993 | T6: 1289
A7: 6 | B7: 03/06/2026 | C7: CD | D7: 1994 | E7: 1840 | F7: 1189 | H7: T6 | I7: 0.46588235 | J7: 0.47936842 | K7: =IFERROR(SUMIFS(S:S,P:P,"*/06/2026")/(SUMIFS(R:R,P:P,"*/06/2026")+SUMIFS(S:S,P:P,"*/06/2026")+SUMIFS(T:T,P:P,"*/06/2026")),"") -> 0.30300161 | L7: =IFERROR(SUMIFS(R:R,P:P,"*/06/2026")/(SUMIFS(R:R,P:P,"*/06/2026")+SUMIFS(S:S,P:P,"*/06/2026")+SUMIFS(T:T,P:P,"*/06/2026")),"") -> 0.35155889 | M7: =IFERROR(SUMIFS(T:T,P:P,"*/06/2026")/(SUMIFS(R:R,P:P,"*/06/2026")+SUMIFS(S:S,P:P,"*/06/2026")+SUMIFS(T:T,P:P,"*/06/2026")),"") -> 0.3454395 | O7: 6 | P7: 04/01/2026 | Q7: CN | R7: 0 | S7: 0 | T7: 5040
A8: 7 | B8: 04/06/2026 | C8: CN | D8: 1795 | E8: 1816 | F8: 1416 | H8: T7 | I8: 0.46588235 | J8: 0.47936842 | K8: =IFERROR(SUMIFS(S:S,P:P,"*/07/2026")/(SUMIFS(R:R,P:P,"*/07/2026")+SUMIFS(S:S,P:P,"*/07/2026")+SUMIFS(T:T,P:P,"*/07/2026")),"") | L8: =IFERROR(SUMIFS(R:R,P:P,"*/07/2026")/(SUMIFS(R:R,P:P,"*/07/2026")+SUMIFS(S:S,P:P,"*/07/2026")+SUMIFS(T:T,P:P,"*/07/2026")),"") | M8: =IFERROR(SUMIFS(T:T,P:P,"*/07/2026")/(SUMIFS(R:R,P:P,"*/07/2026")+SUMIFS(S:S,P:P,"*/07/2026")+SUMIFS(T:T,P:P,"*/07/2026")),"") | O8: 7 | P8: 04/01/2026 | Q8: CD | R8: 0 | S8: 0 | T8: 5040
A9: 8 | B9: 04/06/2026 | C9: CD | D9: 2105 | E9: 1741 | F9: 1177 | H9: T8 | I9: 0.46588235 | J9: 0.47936842 | K9: =IFERROR(SUMIFS(S:S,P:P,"*/08/2026")/(SUMIFS(R:R,P:P,"*/08/2026")+SUMIFS(S:S,P:P,"*/08/2026")+SUMIFS(T:T,P:P,"*/08/2026")),"") | L9: =IFERROR(SUMIFS(R:R,P:P,"*/08/2026")/(SUMIFS(R:R,P:P,"*/08/2026")+SUMIFS(S:S,P:P,"*/08/2026")+SUMIFS(T:T,P:P,"*/08/2026")),"") | M9: =IFERROR(SUMIFS(T:T,P:P,"*/08/2026")/(SUMIFS(R:R,P:P,"*/08/2026")+SUMIFS(S:S,P:P,"*/08/2026")+SUMIFS(T:T,P:P,"*/08/2026")),"") | O9: 8 | P9: 05/01/2026 | Q9: CN | R9: 2077 | S9: 1290 | T9: 1657
A10: 9 | B10: 05/06/2026 | C10: CN | D10: 1643 | E10: 1955 | F10: 1430 | H10: T9 | I10: 0.46588235 | J10: 0.47936842 | K10: =IFERROR(SUMIFS(S:S,P:P,"*/09/2026")/(SUMIFS(R:R,P:P,"*/09/2026")+SUMIFS(S:S,P:P,"*/09/2026")+SUMIFS(T:T,P:P,"*/09/2026")),"") | L10: =IFERROR(SUMIFS(R:R,P:P,"*/09/2026")/(SUMIFS(R:R,P:P,"*/09/2026")+SUMIFS(S:S,P:P,"*/09/2026")+SUMIFS(T:T,P:P,"*/09/2026")),"") | M10: =IFERROR(SUMIFS(T:T,P:P,"*/09/2026")/(SUMIFS(R:R,P:P,"*/09/2026")+SUMIFS(S:S,P:P,"*/09/2026")+SUMIFS(T:T,P:P,"*/09/2026")),"") | O10: 9 | P10: 05/01/2026 | Q10: CD | R10: 2266 | S10: 1450 | T10: 1250
A11: 10 | B11: 05/06/2026 | C11: CD | D11: 2176 | E11: 1699 | F11: 1149 | H11: T10 | I11: 0.46588235 | J11: 0.47936842 | K11: =IFERROR(SUMIFS(S:S,P:P,"*/10/2026")/(SUMIFS(R:R,P:P,"*/10/2026")+SUMIFS(S:S,P:P,"*/10/2026")+SUMIFS(T:T,P:P,"*/10/2026")),"") | L11: =IFERROR(SUMIFS(R:R,P:P,"*/10/2026")/(SUMIFS(R:R,P:P,"*/10/2026")+SUMIFS(S:S,P:P,"*/10/2026")+SUMIFS(T:T,P:P,"*/10/2026")),"") | M11: =IFERROR(SUMIFS(T:T,P:P,"*/10/2026")/(SUMIFS(R:R,P:P,"*/10/2026")+SUMIFS(S:S,P:P,"*/10/2026")+SUMIFS(T:T,P:P,"*/10/2026")),"") | O11: 10 | P11: 06/01/2026 | Q11: CN | R11: 1993 | S11: 1578 | T11: 1455
A12: 11 | B12: 06/06/2026 | C12: CN | D12: 1788 | E12: 1313 | F12: 1921 | H12: T11 | I12: 0.46588235 | J12: 0.47936842 | K12: =IFERROR(SUMIFS(S:S,P:P,"*/11/2026")/(SUMIFS(R:R,P:P,"*/11/2026")+SUMIFS(S:S,P:P,"*/11/2026")+SUMIFS(T:T,P:P,"*/11/2026")),"") | L12: =IFERROR(SUMIFS(R:R,P:P,"*/11/2026")/(SUMIFS(R:R,P:P,"*/11/2026")+SUMIFS(S:S,P:P,"*/11/2026")+SUMIFS(T:T,P:P,"*/11/2026")),"") | M12: =IFERROR(SUMIFS(T:T,P:P,"*/11/2026")/(SUMIFS(R:R,P:P,"*/11/2026")+SUMIFS(S:S,P:P,"*/11/2026")+SUMIFS(T:T,P:P,"*/11/2026")),"") | O12: 11 | P12: 06/01/2026 | Q12: CD | R12: 2314 | S12: 1598 | T12: 1111
A13: 12 | B13: 06/06/2026 | C13: CD | D13: 1637 | E13: 1385 | F13: 2005 | H13: T12 | I13: 0.46588235 | J13: 0.47936842 | K13: =IFERROR(SUMIFS(S:S,P:P,"*/12/2026")/(SUMIFS(R:R,P:P,"*/12/2026")+SUMIFS(S:S,P:P,"*/12/2026")+SUMIFS(T:T,P:P,"*/12/2026")),"") | L13: =IFERROR(SUMIFS(R:R,P:P,"*/12/2026")/(SUMIFS(R:R,P:P,"*/12/2026")+SUMIFS(S:S,P:P,"*/12/2026")+SUMIFS(T:T,P:P,"*/12/2026")),"") | M13: =IFERROR(SUMIFS(T:T,P:P,"*/12/2026")/(SUMIFS(R:R,P:P,"*/12/2026")+SUMIFS(S:S,P:P,"*/12/2026")+SUMIFS(T:T,P:P,"*/12/2026")),"") | O13: 12 | P13: 07/01/2026 | Q13: CN | R13: 432 | S13: 484 | T13: 4117
A14: 13 | B14: 07/06/2026 | C14: CN | D14: 0 | E14: 0 | F14: 5041 | H14: =IF(B2="","",TEXT(B2,"dd/mm")& "-" &IF(UPPER(TRIM(C2))="CN",1,IF(UPPER(TRIM(C2))="CD",2,""))) -> 01/06-1 | I14: 0.46588235 | J14: 0.47936842 | K14: =IFERROR($E2/SUM($D2:$F2),"") -> 0.34945274 | L14: =IFERROR($D2/SUM($D2:$F2),"") -> 0.36776119 | M14: =IFERROR($F2/SUM($D2:$F2),"") -> 0.28278607 | O14: 13 | P14: 07/01/2026 | Q14: CD | R14: 0 | S14: 0 | T14: 5040
A15: 14 | B15: 07/06/2026 | C15: CD | D15: 0 | E15: 0 | F15: 5040 | H15: =IF(B3="","",TEXT(B3,"dd/mm") & "-" & IF(UPPER(TRIM(C3))="CN",1,IF(UPPER(TRIM(C3))="CD",2,""))) -> 01/06-2 | I15: 0.46588235 | J15: 0.47936842 | K15: =IFERROR($E3/SUM($D3:$F3),"") -> 0.35243781 | L15: =IFERROR($D3/SUM($D3:$F3),"") -> 0.42308458 | M15: =IFERROR($F3/SUM($D3:$F3),"") -> 0.22447761 | O15: 14 | P15: 08/01/2026 | Q15: CN | R15: 1737 | S15: 1852 | T15: 1437
A16: 15 | B16: 08/06/2026 | C16: CN | D16: 2019 | E16: 1500 | F16: 1506 | H16: =IF(B4="","",TEXT(B4,"dd/mm") & "-" & IF(UPPER(TRIM(C4))="CN",1,IF(UPPER(TRIM(C4))="CD",2,""))) -> 02/06-1 | I16: 0.46588235 | J16: 0.47936842 | K16: =IFERROR($E4/SUM($D4:$F4),"") -> 0.3241146 | L16: =IFERROR($D4/SUM($D4:$F4),"") -> 0.39335456 | M16: =IFERROR($F4/SUM($D4:$F4),"") -> 0.28253084 | O16: 15 | P16: 08/01/2026 | Q16: CD | R16: 2344 | S16: 1522 | T16: 1160
A17: 16 | B17: 08/06/2026 | C17: CD | D17: 1591 | E17: 1634 | F17: 1802 | H17: =IF(B5="","",TEXT(B5,"dd/mm") & "-" & IF(UPPER(TRIM(C5))="CN",1,IF(UPPER(TRIM(C5))="CD",2,""))) -> 02/06-2 | I17: 0.46588235 | J17: 0.47936842 | K17: =IFERROR($E5/SUM($D5:$F5),"") -> 0.36218905 | L17: =IFERROR($D5/SUM($D5:$F5),"") -> 0.41154229 | M17: =IFERROR($F5/SUM($D5:$F5),"") -> 0.22626866 | O17: 16 | P17: 09/01/2026 | Q17: CN | R17: 1837 | S17: 1710 | T17: 1478
A18: 17 | B18: 09/06/2026 | C18: CN | D18: 1824 | E18: 1277 | F18: 1927 | H18: =IF(B6="","",TEXT(B6,"dd/mm") & "-" & IF(UPPER(TRIM(C6))="CN",1,IF(UPPER(TRIM(C6))="CD",2,""))) -> 03/06-1 | I18: 0.46588235 | J18: 0.47936842 | K18: =IFERROR($E6/SUM($D6:$F6),"") -> 0.35144279 | L18: =IFERROR($D6/SUM($D6:$F6),"") -> 0.36437811 | M18: =IFERROR($F6/SUM($D6:$F6),"") -> 0.2841791 | O18: 17 | P18: 09/01/2026 | Q18: CD | R18: 2504 | S18: 1316 | T18: 1206
A19: 18 | B19: 09/06/2026 | C19: CD | D19: 2032 | E19: 1683 | F19: 1311 | H19: =IF(B7="","",TEXT(B7,"dd/mm") & "-" & IF(UPPER(TRIM(C7))="CN",1,IF(UPPER(TRIM(C7))="CD",2,""))) -> 03/06-2 | I19: 0.46588235 | J19: 0.47936842 | K19: =IFERROR($E7/SUM($D7:$F7),"") -> 0.36631495 | L19: =IFERROR($D7/SUM($D7:$F7),"") -> 0.39697392 | M19: =IFERROR($F7/SUM($D7:$F7),"") -> 0.23671113 | O19: 18 | P19: 10/01/2026 | Q19: CN | R19: 1655 | S19: 1688 | T19: 1685
A20: 19 | B20: 10/06/2026 | C20: CN | D20: 1847 | E20: 1778 | F20: 1403 | H20: =IF(B8="","",TEXT(B8,"dd/mm") & "-" & IF(UPPER(TRIM(C8))="CN",1,IF(UPPER(TRIM(C8))="CD",2,""))) -> 04/06-1 | I20: 0.46588235 | J20: 0.47936842 | K20: =IFERROR($E8/SUM($D8:$F8),"") -> 0.36124925 | L20: =IFERROR($D8/SUM($D8:$F8),"") -> 0.35707181 | M20: =IFERROR($F8/SUM($D8:$F8),"") -> 0.28167893 | O20: 19 | P20: 10/01/2026 | Q20: CD | R20: 0 | S20: 0 | T20: 5040
A21: 20 | B21: 10/06/2026 | C21: CD | D21: 1910 | E21: 1685 | F21: 1429 | H21: =IF(B9="","",TEXT(B9,"dd/mm") & "-" & IF(UPPER(TRIM(C9))="CN",1,IF(UPPER(TRIM(C9))="CD",2,""))) -> 04/06-2 | I21: 0.46588235 | J21: 0.47936842 | K21: =IFERROR($E9/SUM($D9:$F9),"") -> 0.34660561 | L21: =IFERROR($D9/SUM($D9:$F9),"") -> 0.41907227 | M21: =IFERROR($F9/SUM($D9:$F9),"") -> 0.23432212 | O21: 20 | P21: 11/01/2026 | Q21: CN | R21: 0 | S21: 0 | T21: 5040
A22: 21 | B22: 11/06/2026 | C22: CN | D22: 2093 | E22: 1528 | F22: 1403 | H22: =IF(B10="","",TEXT(B10,"dd/mm") & "-" & IF(UPPER(TRIM(C10))="CN",1,IF(UPPER(TRIM(C10))="CD",2,""))) -> 05/06-1 | I22: 0.46588235 | J22: 0.47936842 | K22: =IFERROR($E10/SUM($D10:$F10),"") -> 0.38882259 | L22: =IFERROR($D10/SUM($D10:$F10),"") -> 0.32677009 | M22: =IFERROR($F10/SUM($D10:$F10),"") -> 0.28440732 | O22: 21 | P22: 11/01/2026 | Q22: CD | R22: 0 | S22: 0 | T22: 5040
A23: 22 | B23: 11/06/2026 | C23: CD | D23: 1996 | E23: 1775 | F23: 1254 | H23: =IF(B11="","",TEXT(B11,"dd/mm") & "-" & IF(UPPER(TRIM(C11))="CN",1,IF(UPPER(TRIM(C11))="CD",2,""))) -> 05/06-2 | I23: 0.46588235 | J23: 0.47936842 | K23: =IFERROR($E11/SUM($D11:$F11),"") -> 0.33817675 | L23: =IFERROR($D11/SUM($D11:$F11),"") -> 0.43312102 | M23: =IFERROR($F11/SUM($D11:$F11),"") -> 0.22870223 | O23: 22 | P23: 12/01/2026 | Q23: CN | R23: 2200 | S23: 1367 | T23: 1456
A24: 23 | B24: 12/06/2026 | C24: CN | D24: 2201 | E24: 1420 | F24: 1403 | H24: =IF(B12="","",TEXT(B12,"dd/mm") & "-" & IF(UPPER(TRIM(C12))="CN",1,IF(UPPER(TRIM(C12))="CD",2,""))) -> 06/06-1 | I24: 0.46588235 | J24: 0.47936842 | K24: =IFERROR($E12/SUM($D12:$F12),"") -> 0.26144962 | L24: =IFERROR($D12/SUM($D12:$F12),"") -> 0.35603345 | M24: =IFERROR($F12/SUM($D12:$F12),"") -> 0.38251693 | O24: 23 | P24: 12/01/2026 | Q24: CD | R24: 1952 | S24: 1993 | T24: 1078
A25: 24 | B25: 12/06/2026 | C25: CD | D25: 1810 | E25: 1759 | F25: 1457 | H25: =IF(B13="","",TEXT(B13,"dd/mm") & "-" & IF(UPPER(TRIM(C13))="CN",1,IF(UPPER(TRIM(C13))="CD",2,""))) -> 06/06-2 | I25: 0.46588235 | J25: 0.47936842 | K25: =IFERROR($E13/SUM($D13:$F13),"") -> 0.27551223 | L25: =IFERROR($D13/SUM($D13:$F13),"") -> 0.32564154 | M25: =IFERROR($F13/SUM($D13:$F13),"") -> 0.39884623 | O25: 24 | P25: 13/01/2026 | Q25: CN | R25: 1843 | S25: 1707 | T25: 1477
A26: 25 | B26: 13/06/2026 | C26: CN | D26: 1868 | E26: 1547 | F26: 1613 | H26: =IF(B14="","",TEXT(B14,"dd/mm") & "-" & IF(UPPER(TRIM(C14))="CN",1,IF(UPPER(TRIM(C14))="CD",2,""))) -> 07/06-1 | I26: 0.46588235 | J26: 0.47936842 | K26: =IFERROR($E14/SUM($D14:$F14),"") -> 0 | L26: =IFERROR($D14/SUM($D14:$F14),"") -> 0 | M26: =IFERROR($F14/SUM($D14:$F14),"") -> 1 | O26: 25 | P26: 13/01/2026 | Q26: CD | R26: 1896 | S26: 2060 | T26: 1068
H27: =IF(B15="","",TEXT(B15,"dd/mm") & "-" & IF(UPPER(TRIM(C15))="CN",1,IF(UPPER(TRIM(C15))="CD",2,""))) -> 07/06-2 | I27: 0.46588235 | J27: 0.47936842 | K27: =IFERROR($E15/SUM($D15:$F15),"") -> 0 | L27: =IFERROR($D15/SUM($D15:$F15),"") -> 0 | M27: =IFERROR($F15/SUM($D15:$F15),"") -> 1 | O27: 26 | P27: 14/01/2026 | Q27: CN | R27: 2066 | S27: 1512 | T27: 1451
H28: =IF(B16="","",TEXT(B16,"dd/mm") & "-" & IF(UPPER(TRIM(C16))="CN",1,IF(UPPER(TRIM(C16))="CD",2,""))) -> 08/06-1 | I28: 0.46588235 | J28: 0.47936842 | K28: =IFERROR($E16/SUM($D16:$F16),"") -> 0.29850746 | L28: =IFERROR($D16/SUM($D16:$F16),"") -> 0.40179104 | M28: =IFERROR($F16/SUM($D16:$F16),"") -> 0.29970149 | O28: 27 | P28: 14/01/2026 | Q28: CD | R28: 2089 | S28: 1865 | T28: 1067
H29: =IF(B17="","",TEXT(B17,"dd/mm") & "-" & IF(UPPER(TRIM(C17))="CN",1,IF(UPPER(TRIM(C17))="CD",2,""))) -> 08/06-2 | I29: 0.46588235 | J29: 0.47936842 | K29: =IFERROR($E17/SUM($D17:$F17),"") -> 0.32504476 | L29: =IFERROR($D17/SUM($D17:$F17),"") -> 0.31649095 | M29: =IFERROR($F17/SUM($D17:$F17),"") -> 0.35846429 | O29: 28 | P29: 15/01/2026 | Q29: CN | R29: 2239 | S29: 1336 | T29: 1451
H30: =IF(B18="","",TEXT(B18,"dd/mm") & "-" & IF(UPPER(TRIM(C18))="CN",1,IF(UPPER(TRIM(C18))="CD",2,""))) -> 09/06-1 | I30: 0.46588235 | J30: 0.47936842 | K30: =IFERROR($E18/SUM($D18:$F18),"") -> 0.25397772 | L30: =IFERROR($D18/SUM($D18:$F18),"") -> 0.3627685 | M30: =IFERROR($F18/SUM($D18:$F18),"") -> 0.38325378 | O30: 29 | P30: 15/01/2026 | Q30: CD | R30: 1973 | S30: 2009 | T30: 1039
H31: =IF(B19="","",TEXT(B19,"dd/mm") & "-" & IF(UPPER(TRIM(C19))="CN",1,IF(UPPER(TRIM(C19))="CD",2,""))) -> 09/06-2 | I31: 0.46588235 | J31: 0.47936842 | K31: =IFERROR($E19/SUM($D19:$F19),"") -> 0.33485873 | L31: =IFERROR($D19/SUM($D19:$F19),"") -> 0.40429765 | M31: =IFERROR($F19/SUM($D19:$F19),"") -> 0.26084361 | O31: 30 | P31: 16/01/2026 | Q31: CN | R31: 1947 | S31: 1538 | T31: 1541
H32: =IF(B20="","",TEXT(B20,"dd/mm") & "-" & IF(UPPER(TRIM(C20))="CN",1,IF(UPPER(TRIM(C20))="CD",2,""))) -> 10/06-1 | I32: 0.46588235 | J32: 0.47936842 | K32: =IFERROR($E20/SUM($D20:$F20),"") -> 0.35361973 | L32: =IFERROR($D20/SUM($D20:$F20),"") -> 0.36734288 | M32: =IFERROR($F20/SUM($D20:$F20),"") -> 0.27903739 | O32: 31 | P32: 16/01/2026 | Q32: CD | R32: 1847 | S32: 1745 | T32: 1435
H33: =IF(B21="","",TEXT(B21,"dd/mm") & "-" & IF(UPPER(TRIM(C21))="CN",1,IF(UPPER(TRIM(C21))="CD",2,""))) -> 10/06-2 | I33: 0.46588235 | J33: 0.47936842 | K33: =IFERROR($E21/SUM($D21:$F21),"") -> 0.33539013 | L33: =IFERROR($D21/SUM($D21:$F21),"") -> 0.38017516 | M33: =IFERROR($F21/SUM($D21:$F21),"") -> 0.28443471 | O33: 32 | P33: 17/01/2026 | Q33: CN | R33: 1881 | S33: 1689 | T33: 1456
H34: =IF(B22="","",TEXT(B22,"dd/mm") & "-" & IF(UPPER(TRIM(C22))="CN",1,IF(UPPER(TRIM(C22))="CD",2,""))) -> 11/06-1 | I34: 0.46588235 | J34: 0.47936842 | K34: =IFERROR($E22/SUM($D22:$F22),"") -> 0.30414013 | L34: =IFERROR($D22/SUM($D22:$F22),"") -> 0.41660032 | M34: =IFERROR($F22/SUM($D22:$F22),"") -> 0.27925955 | O34: 33 | P34: 17/01/2026 | Q34: CD | R34: 1581 | S34: 1746 | T34: 1700
H35: =IF(B23="","",TEXT(B23,"dd/mm") & "-" & IF(UPPER(TRIM(C23))="CN",1,IF(UPPER(TRIM(C23))="CD",2,""))) -> 11/06-2 | I35: 0.46588235 | J35: 0.47936842 | K35: =IFERROR($E23/SUM($D23:$F23),"") -> 0.35323383 | L35: =IFERROR($D23/SUM($D23:$F23),"") -> 0.39721393 | M35: =IFERROR($F23/SUM($D23:$F23),"") -> 0.24955224 | O35: 34 | P35: 18/01/2026 | Q35: CN | R35: 0 | S35: 0 | T35: 5040
H36: =IF(B24="","",TEXT(B24,"dd/mm") & "-" & IF(UPPER(TRIM(C24))="CN",1,IF(UPPER(TRIM(C24))="CD",2,""))) -> 12/06-1 | I36: 0.46588235 | J36: 0.47936842 | K36: =IFERROR($E24/SUM($D24:$F24),"") -> 0.28264331 | L36: =IFERROR($D24/SUM($D24:$F24),"") -> 0.43809713 | M36: =IFERROR($F24/SUM($D24:$F24),"") -> 0.27925955 | O36: 35 | P36: 18/01/2026 | Q36: CD | R36: 0 | S36: 0 | T36: 5040
H37: =IF(B25="","",TEXT(B25,"dd/mm") & "-" & IF(UPPER(TRIM(C25))="CN",1,IF(UPPER(TRIM(C25))="CD",2,""))) -> 12/06-2 | I37: 0.46588235 | J37: 0.47936842 | K37: =IFERROR($E25/SUM($D25:$F25),"") -> 0.3499801 | L37: =IFERROR($D25/SUM($D25:$F25),"") -> 0.36012734 | M37: =IFERROR($F25/SUM($D25:$F25),"") -> 0.28989256 | O37: 36 | P37: 19/01/2026 | Q37: CN | R37: 1557 | S37: 1894 | T37: 1575
H38: =IF(B26="","",TEXT(B26,"dd/mm") & "-" & IF(UPPER(TRIM(C26))="CN",1,IF(UPPER(TRIM(C26))="CD",2,""))) -> 13/06-1 | I38: 0.46588235 | J38: 0.47936842 | K38: =IFERROR($E26/SUM($D26:$F26),"") -> 0.30767701 | L38: =IFERROR($D26/SUM($D26:$F26),"") -> 0.37151949 | M38: =IFERROR($F26/SUM($D26:$F26),"") -> 0.3208035 | O38: 37 | P38: 19/01/2026 | Q38: CD | R38: 2191 | S38: 1651 | T38: 1184
H39: =IF(B27="","",TEXT(B27,"dd/mm") & "-" & IF(UPPER(TRIM(C27))="CN",1,IF(UPPER(TRIM(C27))="CD",2,""))) | K39: =IFERROR($E27/SUM($D27:$F27),"") | L39: =IFERROR($D27/SUM($D27:$F27),"") | M39: =IFERROR($F27/SUM($D27:$F27),"") | O39: 38 | P39: 20/01/2026 | Q39: CN | R39: 1671 | S39: 1380 | T39: 1976
H40: =IF(B28="","",TEXT(B28,"dd/mm") & "-" & IF(UPPER(TRIM(C28))="CN",1,IF(UPPER(TRIM(C28))="CD",2,""))) | K40: =IFERROR($E28/SUM($D28:$F28),"") | L40: =IFERROR($D28/SUM($D28:$F28),"") | M40: =IFERROR($F28/SUM($D28:$F28),"") | O40: 39 | P40: 20/01/2026 | Q40: CD | R40: 2039 | S40: 1459 | T40: 1529
H41: =IF(B29="","",TEXT(B29,"dd/mm") & "-" & IF(UPPER(TRIM(C29))="CN",1,IF(UPPER(TRIM(C29))="CD",2,""))) | K41: =IFERROR($E29/SUM($D29:$F29),"") | L41: =IFERROR($D29/SUM($D29:$F29),"") | M41: =IFERROR($F29/SUM($D29:$F29),"") | O41: 40 | P41: 21/01/2026 | Q41: CN | R41: 1447 | S41: 1595 | T41: 1984
H42: =IF(B30="","",TEXT(B30,"dd/mm") & "-" & IF(UPPER(TRIM(C30))="CN",1,IF(UPPER(TRIM(C30))="CD",2,""))) | K42: =IFERROR($E30/SUM($D30:$F30),"") | L42: =IFERROR($D30/SUM($D30:$F30),"") | M42: =IFERROR($F30/SUM($D30:$F30),"") | O42: 41 | P42: 21/01/2026 | Q42: CD | R42: 2264 | S42: 1611 | T42: 1150
H43: =IF(B31="","",TEXT(B31,"dd/mm") & "-" & IF(UPPER(TRIM(C31))="CN",1,IF(UPPER(TRIM(C31))="CD",2,""))) | K43: =IFERROR($E31/SUM($D31:$F31),"") | L43: =IFERROR($D31/SUM($D31:$F31),"") | M43: =IFERROR($F31/SUM($D31:$F31),"") | O43: 42 | P43: 22/01/2026 | Q43: CN | R43: 1643 | S43: 1933 | T43: 1449
H44: =IF(B32="","",TEXT(B32,"dd/mm") & "-" & IF(UPPER(TRIM(C32))="CN",1,IF(UPPER(TRIM(C32))="CD",2,""))) | K44: =IFERROR($E32/SUM($D32:$F32),"") | L44: =IFERROR($D32/SUM($D32:$F32),"") | M44: =IFERROR($F32/SUM($D32:$F32),"") | O44: 43 | P44: 22/01/2026 | Q44: CD | R44: 2096 | S44: 1765 | T44: 1161
H45: =IF(B33="","",TEXT(B33,"dd/mm") & "-" & IF(UPPER(TRIM(C33))="CN",1,IF(UPPER(TRIM(C33))="CD",2,""))) | K45: =IFERROR($E33/SUM($D33:$F33),"") | L45: =IFERROR($D33/SUM($D33:$F33),"") | M45: =IFERROR($F33/SUM($D33:$F33),"") | O45: 44 | P45: 23/01/2026 | Q45: CN | R45: 1890 | S45: 1684 | T45: 1452
H46: =IF(B34="","",TEXT(B34,"dd/mm") & "-" & IF(UPPER(TRIM(C34))="CN",1,IF(UPPER(TRIM(C34))="CD",2,""))) | K46: =IFERROR($E34/SUM($D34:$F34),"") | L46: =IFERROR($D34/SUM($D34:$F34),"") | M46: =IFERROR($F34/SUM($D34:$F34),"") | O46: 45 | P46: 23/01/2026 | Q46: CD | R46: 2141 | S46: 1764 | T46: 1120
H47: =IF(B35="","",TEXT(B35,"dd/mm") & "-" & IF(UPPER(TRIM(C35))="CN",1,IF(UPPER(TRIM(C35))="CD",2,""))) | K47: =IFERROR($E35/SUM($D35:$F35),"") | L47: =IFERROR($D35/SUM($D35:$F35),"") | M47: =IFERROR($F35/SUM($D35:$F35),"") | O47: 46 | P47: 24/01/2026 | Q47: CN | R47: 1524 | S47: 1851 | T47: 1650
H48: =IF(B36="","",TEXT(B36,"dd/mm") & "-" & IF(UPPER(TRIM(C36))="CN",1,IF(UPPER(TRIM(C36))="CD",2,""))) | K48: =IFERROR($E36/SUM($D36:$F36),"") | L48: =IFERROR($D36/SUM($D36:$F36),"") | M48: =IFERROR($F36/SUM($D36:$F36),"") | O48: 47 | P48: 24/01/2026 | Q48: CD | R48: 1589 | S48: 1725 | T48: 1712
H49: =IF(B37="","",TEXT(B37,"dd/mm") & "-" & IF(UPPER(TRIM(C37))="CN",1,IF(UPPER(TRIM(C37))="CD",2,""))) | K49: =IFERROR($E37/SUM($D37:$F37),"") | L49: =IFERROR($D37/SUM($D37:$F37),"") | M49: =IFERROR($F37/SUM($D37:$F37),"") | O49: 48 | P49: 25/01/2026 | Q49: CN | R49: 3 | S49: 2 | T49: 5034
H50: =IF(B38="","",TEXT(B38,"dd/mm") & "-" & IF(UPPER(TRIM(C38))="CN",1,IF(UPPER(TRIM(C38))="CD",2,""))) | K50: =IFERROR($E38/SUM($D38:$F38),"") | L50: =IFERROR($D38/SUM($D38:$F38),"") | M50: =IFERROR($F38/SUM($D38:$F38),"") | O50: 49 | P50: 25/01/2026 | Q50: CD | R50: 0 | S50: 0 | T50: 5040
... H75: =IF(B63="","",TEXT(B63,"dd/mm") & "-" & IF(UPPER(TRIM(C63))="CN",1,IF(UPPER(TRIM(C63))="CD",2,""))) | K75: =IFERROR($E63/SUM($D63:$F63),"") | L75: =IFERROR($D63/SUM($D63:$F63),"") | M75: =IFERROR($F63/SUM($D63:$F63),"") | O75: 74 | P75: 07/02/2026 | Q75: CN | R75: 1425 | S75: 1473 | T75: 2128
O76: 75 | P76: 07/02/2026 | Q76: CD | R76: 1910 | S76: 1284 | T76: 1835
O77: 76 | P77: 08/02/2026 | Q77: CN | R77: 0 | S77: 0 | T77: 5040
O78: 77 | P78: 08/02/2026 | Q78: CD | R78: 0 | S78: 0 | T78: 5040
O79: 78 | P79: 09/02/2026 | Q79: CN | R79: 1993 | S79: 1590 | T79: 1441
O80: 79 | P80: 09/02/2026 | Q80: CD | R80: 1852 | S80: 2104 | T80: 1067
O81: 80 | P81: 10/02/2026 | Q81: CN | R81: 1967 | S81: 1621 | T81: 1437
O82: 81 | P82: 10/02/2026 | Q82: CD | R82: 1863 | S82: 2086 | T82: 1076
O83: 82 | P83: 11/02/2026 | Q83: CN | R83: 1895 | S83: 1689 | T83: 1441
O84: 83 | P84: 11/02/2026 | Q84: CD | R84: 1536 | S84: 1835 | T84: 1653
O85: 84 | P85: 12/02/2026 | Q85: CN | R85: 1746 | S85: 1835 | T85: 1446
O86: 85 | P86: 12/02/2026 | Q86: CD | R86: 1555 | S86: 1818 | T86: 1655
O87: 86 | P87: 13/02/2026 | Q87: CN | R87: 2136 | S87: 1196 | T87: 1695
... O326: 325 | P326: 13/06/2026 | Q326: CN | R326: 1868 | S326: 1547 | T326: 1613

Sheet GP
A1: ID | B1: Ngày tháng | C1: Ca làm việc | D1: Thời gian hoạt động không tải (phút) | E1: Thời gian hoạt động có tải (phút) | F1: Thời gian tắt máy (phút) | H1: Ngày - Ca | I1: Mục Tiêu C1 | J1: Mục Tiêu C2 | K1: % Có Tải | L1: % Không Tải | M1: % Tắt Máy
A2: 1 | B2: 01/06/2026 | C2: CN | D2: 54 | E2: 983 | F2: 401 | H2: T1 | I2: 0.94588235 | J2: 0.93094737 | K2: =IFERROR(SUMIFS(S:S,P:P,"*/01/2026")/(SUMIFS(R:R,P:P,"*/01/2026")+SUMIFS(S:S,P:P,"*/01/2026")+SUMIFS(T:T,P:P,"*/01/2026")),"") -> 0.53139633 | L2: =IFERROR(SUMIFS(R:R,P:P,"*/01/2026")/(SUMIFS(R:R,P:P,"*/01/2026")+SUMIFS(S:S,P:P,"*/01/2026")+SUMIFS(T:T,P:P,"*/01/2026")),"") -> 0.1511086 | M2: =IFERROR(SUMIFS(T:T,P:P,"*/01/2026")/(SUMIFS(R:R,P:P,"*/01/2026")+SUMIFS(S:S,P:P,"*/01/2026")+SUMIFS(T:T,P:P,"*/01/2026")),"") -> 0.31749506 | O2: 1 | P2: 01/01/2026 | Q2: CN | R2: 0 | S2: 0 | T2: 1440
A3: 2 | B3: 01/06/2026 | C3: CD | D3: 23 | E3: 1203 | F3: 212 | H3: T2 | I3: 0.94588235 | J3: 0.93094737 | K3: =IFERROR(SUMIFS(S:S,P:P,"*/02/2026")/(SUMIFS(R:R,P:P,"*/02/2026")+SUMIFS(S:S,P:P,"*/02/2026")+SUMIFS(T:T,P:P,"*/02/2026")),"") -> 0.43318396 | L3: =IFERROR(SUMIFS(R:R,P:P,"*/02/2026")/(SUMIFS(R:R,P:P,"*/02/2026")+SUMIFS(S:S,P:P,"*/02/2026")+SUMIFS(T:T,P:P,"*/02/2026")),"") -> 0.078217908 | M3: =IFERROR(SUMIFS(T:T,P:P,"*/02/2026")/(SUMIFS(R:R,P:P,"*/02/2026")+SUMIFS(S:S,P:P,"*/02/2026")+SUMIFS(T:T,P:P,"*/02/2026")),"") -> 0.48859814 | O3: 2 | P3: 01/01/2026 | Q3: CD | R3: 38 | S3: 99 | T3: 1301
A4: 3 | B4: 02/06/2026 | C4: CN | D4: 64 | E4: 969 | F4: 405 | H4: T3 | I4: 0.94588235 | J4: 0.93094737 | K4: =IFERROR(SUMIFS(S:S,P:P,"*/03/2026")/(SUMIFS(R:R,P:P,"*/03/2026")+SUMIFS(S:S,P:P,"*/03/2026")+SUMIFS(T:T,P:P,"*/03/2026")),"") -> 0.60950188 | L4: =IFERROR(SUMIFS(R:R,P:P,"*/03/2026")/(SUMIFS(R:R,P:P,"*/03/2026")+SUMIFS(S:S,P:P,"*/03/2026")+SUMIFS(T:T,P:P,"*/03/2026")),"") -> 0.074453866 | M4: =IFERROR(SUMIFS(T:T,P:P,"*/03/2026")/(SUMIFS(R:R,P:P,"*/03/2026")+SUMIFS(S:S,P:P,"*/03/2026")+SUMIFS(T:T,P:P,"*/03/2026")),"") -> 0.31604425 | O4: 3 | P4: 02/01/2026 | Q4: CN | R4: 314 | S4: 1125 | T4: 0
A5: 4 | B5: 02/06/2026 | C5: CD | D5: 33 | E5: 1166 | F5: 237 | H5: T4 | I5: 0.94588235 | J5: 0.93094737 | K5: =IFERROR(SUMIFS(S:S,P:P,"*/04/2026")/(SUMIFS(R:R,P:P,"*/04/2026")+SUMIFS(S:S,P:P,"*/04/2026")+SUMIFS(T:T,P:P,"*/04/2026")),"") -> 0.56286363 | L5: =IFERROR(SUMIFS(R:R,P:P,"*/04/2026")/(SUMIFS(R:R,P:P,"*/04/2026")+SUMIFS(S:S,P:P,"*/04/2026")+SUMIFS(T:T,P:P,"*/04/2026")),"") -> 0.068415197 | M5: =IFERROR(SUMIFS(T:T,P:P,"*/04/2026")/(SUMIFS(R:R,P:P,"*/04/2026")+SUMIFS(S:S,P:P,"*/04/2026")+SUMIFS(T:T,P:P,"*/04/2026")),"") -> 0.36872117 | O5: 4 | P5: 02/01/2026 | Q5: CD | R5: 146 | S5: 713 | T5: 580
A6: 5 | B6: 03/06/2026 | C6: CN | D6: 54 | E6: 974 | F6: 410 | H6: T5 | I6: 0.94588235 | J6: 0.93094737 | K6: =IFERROR(SUMIFS(S:S,P:P,"*/05/2026")/(SUMIFS(R:R,P:P,"*/05/2026")+SUMIFS(S:S,P:P,"*/05/2026")+SUMIFS(T:T,P:P,"*/05/2026")),"") -> 0.53643075 | L6: =IFERROR(SUMIFS(R:R,P:P,"*/05/2026")/(SUMIFS(R:R,P:P,"*/05/2026")+SUMIFS(S:S,P:P,"*/05/2026")+SUMIFS(T:T,P:P,"*/05/2026")),"") -> 0.07486985 | M6: =IFERROR(SUMIFS(T:T,P:P,"*/05/2026")/(SUMIFS(R:R,P:P,"*/05/2026")+SUMIFS(S:S,P:P,"*/05/2026")+SUMIFS(T:T,P:P,"*/05/2026")),"") -> 0.3886994 | O6: 5 | P6: 03/01/2026 | Q6: CD | R6: 365 | S6: 1655 | T6: 319
A7: 6 | B7: 03/06/2026 | C7: CD | D7: 49 | E7: 1135 | F7: 254 | H7: T6 | I7: 0.94588235 | J7: 0.93094737 | K7: =IFERROR(SUMIFS(S:S,P:P,"*/06/2026")/(SUMIFS(R:R,P:P,"*/06/2026")+SUMIFS(S:S,P:P,"*/06/2026")+SUMIFS(T:T,P:P,"*/06/2026")),"") -> 0.68356332 | L7: =IFERROR(SUMIFS(R:R,P:P,"*/06/2026")/(SUMIFS(R:R,P:P,"*/06/2026")+SUMIFS(S:S,P:P,"*/06/2026")+SUMIFS(T:T,P:P,"*/06/2026")),"") -> 0.051997552 | M7: =IFERROR(SUMIFS(T:T,P:P,"*/06/2026")/(SUMIFS(R:R,P:P,"*/06/2026")+SUMIFS(S:S,P:P,"*/06/2026")+SUMIFS(T:T,P:P,"*/06/2026")),"") -> 0.26443913 | O7: 6 | P7: 04/01/2026 | Q7: CN | R7: 0 | S7: 0 | T7: 1440
A8: 7 | B8: 04/06/2026 | C8: CN | D8: 56 | E8: 989 | F8: 394 | H8: T7 | I8: 0.94588235 | J8: 0.93094737 | K8: =IFERROR(SUMIFS(S:S,P:P,"*/07/2026")/(SUMIFS(R:R,P:P,"*/07/2026")+SUMIFS(S:S,P:P,"*/07/2026")+SUMIFS(T:T,P:P,"*/07/2026")),"") | L8: =IFERROR(SUMIFS(R:R,P:P,"*/07/2026")/(SUMIFS(R:R,P:P,"*/07/2026")+SUMIFS(S:S,P:P,"*/07/2026")+SUMIFS(T:T,P:P,"*/07/2026")),"") | M8: =IFERROR(SUMIFS(T:T,P:P,"*/07/2026")/(SUMIFS(R:R,P:P,"*/07/2026")+SUMIFS(S:S,P:P,"*/07/2026")+SUMIFS(T:T,P:P,"*/07/2026")),"") | O8: 7 | P8: 04/01/2026 | Q8: CD | R8: 0 | S8: 0 | T8: 1440
A9: 8 | B9: 04/06/2026 | C9: CD | D9: 64 | E9: 1125 | F9: 248 | H9: T8 | I9: 0.94588235 | J9: 0.93094737 | K9: =IFERROR(SUMIFS(S:S,P:P,"*/08/2026")/(SUMIFS(R:R,P:P,"*/08/2026")+SUMIFS(S:S,P:P,"*/08/2026")+SUMIFS(T:T,P:P,"*/08/2026")),"") | L9: =IFERROR(SUMIFS(R:R,P:P,"*/08/2026")/(SUMIFS(R:R,P:P,"*/08/2026")+SUMIFS(S:S,P:P,"*/08/2026")+SUMIFS(T:T,P:P,"*/08/2026")),"") | M9: =IFERROR(SUMIFS(T:T,P:P,"*/08/2026")/(SUMIFS(R:R,P:P,"*/08/2026")+SUMIFS(S:S,P:P,"*/08/2026")+SUMIFS(T:T,P:P,"*/08/2026")),"") | O9: 8 | P9: 05/01/2026 | Q9: CN | R9: 257 | S9: 797 | T9: 383
A10: 9 | B10: 05/06/2026 | C10: CN | D10: 81 | E10: 962 | F10: 394 | H10: T9 | I10: 0.94588235 | J10: 0.93094737 | K10: =IFERROR(SUMIFS(S:S,P:P,"*/09/2026")/(SUMIFS(R:R,P:P,"*/09/2026")+SUMIFS(S:S,P:P,"*/09/2026")+SUMIFS(T:T,P:P,"*/09/2026")),"") | L10: =IFERROR(SUMIFS(R:R,P:P,"*/09/2026")/(SUMIFS(R:R,P:P,"*/09/2026")+SUMIFS(S:S,P:P,"*/09/2026")+SUMIFS(T:T,P:P,"*/09/2026")),"") | M10: =IFERROR(SUMIFS(T:T,P:P,"*/09/2026")/(SUMIFS(R:R,P:P,"*/09/2026")+SUMIFS(S:S,P:P,"*/09/2026")+SUMIFS(T:T,P:P,"*/09/2026")),"") | O10: 9 | P10: 05/01/2026 | Q10: CD | R10: 177 | S10: 943 | T10: 302
A11: 10 | B11: 05/06/2026 | C11: CD | D11: 98 | E11: 1082 | F11: 258 | H11: T10 | I11: 0.94588235 | J11: 0.93094737 | K11: =IFERROR(SUMIFS(S:S,P:P,"*/10/2026")/(SUMIFS(R:R,P:P,"*/10/2026")+SUMIFS(S:S,P:P,"*/10/2026")+SUMIFS(T:T,P:P,"*/10/2026")),"") | L11: =IFERROR(SUMIFS(R:R,P:P,"*/10/2026")/(SUMIFS(R:R,P:P,"*/10/2026")+SUMIFS(S:S,P:P,"*/10/2026")+SUMIFS(T:T,P:P,"*/10/2026")),"") | M11: =IFERROR(SUMIFS(T:T,P:P,"*/10/2026")/(SUMIFS(R:R,P:P,"*/10/2026")+SUMIFS(S:S,P:P,"*/10/2026")+SUMIFS(T:T,P:P,"*/10/2026")),"") | O11: 10 | P11: 06/01/2026 | Q11: CN | R11: 180 | S11: 850 | T11: 408
A12: 11 | B12: 06/06/2026 | C12: CN | D12: 111 | E12: 870 | F12: 456 | H12: T11 | I12: 0.94588235 | J12: 0.93094737 | K12: =IFERROR(SUMIFS(S:S,P:P,"*/11/2026")/(SUMIFS(R:R,P:P,"*/11/2026")+SUMIFS(S:S,P:P,"*/11/2026")+SUMIFS(T:T,P:P,"*/11/2026")),"") | L12: =IFERROR(SUMIFS(R:R,P:P,"*/11/2026")/(SUMIFS(R:R,P:P,"*/11/2026")+SUMIFS(S:S,P:P,"*/11/2026")+SUMIFS(T:T,P:P,"*/11/2026")),"") | M12: =IFERROR(SUMIFS(T:T,P:P,"*/11/2026")/(SUMIFS(R:R,P:P,"*/11/2026")+SUMIFS(S:S,P:P,"*/11/2026")+SUMIFS(T:T,P:P,"*/11/2026")),"") | O12: 11 | P12: 06/01/2026 | Q12: CD | R12: 173 | S12: 1096 | T12: 170
A13: 12 | B13: 06/06/2026 | C13: CD | D13: 60 | E13: 948 | F13: 429 | H13: T12 | I13: 0.94588235 | J13: 0.93094737 | K13: =IFERROR(SUMIFS(S:S,P:P,"*/12/2026")/(SUMIFS(R:R,P:P,"*/12/2026")+SUMIFS(S:S,P:P,"*/12/2026")+SUMIFS(T:T,P:P,"*/12/2026")),"") | L13: =IFERROR(SUMIFS(R:R,P:P,"*/12/2026")/(SUMIFS(R:R,P:P,"*/12/2026")+SUMIFS(S:S,P:P,"*/12/2026")+SUMIFS(T:T,P:P,"*/12/2026")),"") | M13: =IFERROR(SUMIFS(T:T,P:P,"*/12/2026")/(SUMIFS(R:R,P:P,"*/12/2026")+SUMIFS(S:S,P:P,"*/12/2026")+SUMIFS(T:T,P:P,"*/12/2026")),"") | O13: 12 | P13: 07/01/2026 | Q13: CN | R13: 107 | S13: 167 | T13: 1163
A14: 13 | B14: 07/06/2026 | C14: CN | D14: 145 | E14: 814 | F14: 477 | H14: =IF(B2="","",TEXT(B2,"dd/mm")& "-" &IF(UPPER(TRIM(C2))="CN",1,IF(UPPER(TRIM(C2))="CD",2,""))) -> 01/06-1 | I14: 0.94588235 | J14: 0.93094737 | K14: =IFERROR($E2/SUM($D2:$F2),"") -> 0.68358832 | L14: =IFERROR($D2/SUM($D2:$F2),"") -> 0.037552156 | M14: =IFERROR($F2/SUM($D2:$F2),"") -> 0.27885953 | O14: 13 | P14: 07/01/2026 | Q14: CD | R14: 0 | S14: 0 | T14: 1440
A15: 14 | B15: 07/06/2026 | C15: CD | D15: 0 | E15: 0 | F15: 1440 | H15: =IF(B3="","",TEXT(B3,"dd/mm") & "-" & IF(UPPER(TRIM(C3))="CN",1,IF(UPPER(TRIM(C3))="CD",2,""))) -> 01/06-2 | I15: 0.94588235 | J15: 0.93094737 | K15: =IFERROR($E3/SUM($D3:$F3),"") -> 0.83657858 | L15: =IFERROR($D3/SUM($D3:$F3),"") -> 0.015994437 | M15: =IFERROR($F3/SUM($D3:$F3),"") -> 0.14742698 | O15: 14 | P15: 08/01/2026 | Q15: CN | R15: 159 | S15: 846 | T15: 433
A16: 15 | B16: 08/06/2026 | C16: CN | D16: 64 | E16: 978 | F16: 396 | H16: =IF(B4="","",TEXT(B4,"dd/mm") & "-" & IF(UPPER(TRIM(C4))="CN",1,IF(UPPER(TRIM(C4))="CD",2,""))) -> 02/06-1 | I16: 0.94588235 | J16: 0.93094737 | K16: =IFERROR($E4/SUM($D4:$F4),"") -> 0.67385257 | L16: =IFERROR($D4/SUM($D4:$F4),"") -> 0.044506259 | M16: =IFERROR($F4/SUM($D4:$F4),"") -> 0.28164117 | O16: 15 | P16: 08/01/2026 | Q16: CD | R16: 150 | S16: 1141 | T16: 147
A17: 16 | B17: 08/06/2026 | C17: CD | D17: 90 | E17: 1035 | F17: 312 | H17: =IF(B5="","",TEXT(B5,"dd/mm") & "-" & IF(UPPER(TRIM(C5))="CN",1,IF(UPPER(TRIM(C5))="CD",2,""))) -> 02/06-2 | I17: 0.94588235 | J17: 0.93094737 | K17: =IFERROR($E5/SUM($D5:$F5),"") -> 0.81197772 | L17: =IFERROR($D5/SUM($D5:$F5),"") -> 0.022980501 | M17: =IFERROR($F5/SUM($D5:$F5),"") -> 0.16504178 | O17: 16 | P17: 09/01/2026 | Q17: CN | R17: 207 | S17: 1017 | T17: 213
A18: 17 | B18: 09/06/2026 | C18: CN | D18: 65 | E18: 977 | F18: 396 | H18: =IF(B6="","",TEXT(B6,"dd/mm") & "-" & IF(UPPER(TRIM(C6))="CN",1,IF(UPPER(TRIM(C6))="CD",2,""))) -> 03/06-1 | I18: 0.94588235 | J18: 0.93094737 | K18: =IFERROR($E6/SUM($D6:$F6),"") -> 0.67732962 | L18: =IFERROR($D6/SUM($D6:$F6),"") -> 0.037552156 | M18: =IFERROR($F6/SUM($D6:$F6),"") -> 0.28511822 | O18: 17 | P18: 09/01/2026 | Q18: CD | R18: 158 | S18: 1192 | T18: 89
A19: 18 | B19: 09/06/2026 | C19: CD | D19: 54 | E19: 1067 | F19: 317 | H19: =IF(B7="","",TEXT(B7,"dd/mm") & "-" & IF(UPPER(TRIM(C7))="CN",1,IF(UPPER(TRIM(C7))="CD",2,""))) -> 03/06-2 | I19: 0.94588235 | J19: 0.93094737 | K19: =IFERROR($E7/SUM($D7:$F7),"") -> 0.78929068 | L19: =IFERROR($D7/SUM($D7:$F7),"") -> 0.034075104 | M19: =IFERROR($F7/SUM($D7:$F7),"") -> 0.17663421 | O19: 18 | P19: 10/01/2026 | Q19: CN | R19: 185 | S19: 825 | T19: 427
A20: 19 | B20: 10/06/2026 | C20: CN | D20: 109 | E20: 947 | F20: 382 | H20: =IF(B8="","",TEXT(B8,"dd/mm") & "-" & IF(UPPER(TRIM(C8))="CN",1,IF(UPPER(TRIM(C8))="CD",2,""))) -> 04/06-1 | I20: 0.94588235 | J20: 0.93094737 | K20: =IFERROR($E8/SUM($D8:$F8),"") -> 0.68728284 | L20: =IFERROR($D8/SUM($D8:$F8),"") -> 0.038915914 | M20: =IFERROR($F8/SUM($D8:$F8),"") -> 0.27380125 | O20: 19 | P20: 10/01/2026 | Q20: CD | R20: 0 | S20: 0 | T20: 1440
A21: 20 | B21: 10/06/2026 | C21: CD | D21: 143 | E21: 1061 | F21: 233 | H21: =IF(B9="","",TEXT(B9,"dd/mm") & "-" & IF(UPPER(TRIM(C9))="CN",1,IF(UPPER(TRIM(C9))="CD",2,""))) -> 04/06-2 | I21: 0.94588235 | J21: 0.93094737 | K21: =IFERROR($E9/SUM($D9:$F9),"") -> 0.782881 | L21: =IFERROR($D9/SUM($D9:$F9),"") -> 0.04453723 | M21: =IFERROR($F9/SUM($D9:$F9),"") -> 0.17258177 | O21: 20 | P21: 11/01/2026 | Q21: CN | R21: 0 | S21: 0 | T21: 1440
A22: 21 | B22: 11/06/2026 | C22: CN | D22: 87 | E22: 962 | F22: 388 | H22: =IF(B10="","",TEXT(B10,"dd/mm") & "-" & IF(UPPER(TRIM(C10))="CN",1,IF(UPPER(TRIM(C10))="CD",2,""))) -> 05/06-1 | I22: 0.94588235 | J22: 0.93094737 | K22: =IFERROR($E10/SUM($D10:$F10),"") -> 0.66945024 | L22: =IFERROR($D10/SUM($D10:$F10),"") -> 0.056367432 | M22: =IFERROR($F10/SUM($D10:$F10),"") -> 0.27418232 | O22: 21 | P22: 11/01/2026 | Q22: CD | R22: 0 | S22: 0 | T22: 1440
A23: 22 | B23: 11/06/2026 | C23: CD | D23: 51 | E23: 1283 | F23: 104 | H23: =IF(B11="","",TEXT(B11,"dd/mm") & "-" & IF(UPPER(TRIM(C11))="CN",1,IF(UPPER(TRIM(C11))="CD",2,""))) -> 05/06-2 | I23: 0.94588235 | J23: 0.93094737 | K23: =IFERROR($E11/SUM($D11:$F11),"") -> 0.75243394 | L23: =IFERROR($D11/SUM($D11:$F11),"") -> 0.068150209 | M23: =IFERROR($F11/SUM($D11:$F11),"") -> 0.17941586 | O23: 22 | P23: 12/01/2026 | Q23: CN | R23: 168 | S23: 852 | T23: 417
A24: 23 | B24: 12/06/2026 | C24: CN | D24: 118 | E24: 1124 | F24: 197 | H24: =IF(B12="","",TEXT(B12,"dd/mm") & "-" & IF(UPPER(TRIM(C12))="CN",1,IF(UPPER(TRIM(C12))="CD",2,""))) -> 06/06-1 | I24: 0.94588235 | J24: 0.93094737 | K24: =IFERROR($E12/SUM($D12:$F12),"") -> 0.60542797 | L24: =IFERROR($D12/SUM($D12:$F12),"") -> 0.077244259 | M24: =IFERROR($F12/SUM($D12:$F12),"") -> 0.31732777 | O24: 23 | P24: 12/01/2026 | Q24: CD | R24: 325 | S24: 893 | T24: 220
A25: 24 | B25: 12/06/2026 | C25: CD | D25: 84 | E25: 1039 | F25: 315 | H25: =IF(B13="","",TEXT(B13,"dd/mm") & "-" & IF(UPPER(TRIM(C13))="CN",1,IF(UPPER(TRIM(C13))="CD",2,""))) -> 06/06-2 | I25: 0.94588235 | J25: 0.93094737 | K25: =IFERROR($E13/SUM($D13:$F13),"") -> 0.65970772 | L25: =IFERROR($D13/SUM($D13:$F13),"") -> 0.041753653 | M25: =IFERROR($F13/SUM($D13:$F13),"") -> 0.29853862 | O25: 24 | P25: 13/01/2026 | Q25: CN | R25: 158 | S25: 859 | T25: 419
A26: 25 | B26: 13/06/2026 | C26: CN | D26: 112 | E26: 877 | F26: 450 | H26: =IF(B14="","",TEXT(B14,"dd/mm") & "-" & IF(UPPER(TRIM(C14))="CN",1,IF(UPPER(TRIM(C14))="CD",2,""))) -> 07/06-1 | I26: 0.94588235 | J26: 0.93094737 | K26: =IFERROR($E14/SUM($D14:$F14),"") -> 0.56685237 | L26: =IFERROR($D14/SUM($D14:$F14),"") -> 0.10097493 | M26: =IFERROR($F14/SUM($D14:$F14),"") -> 0.3321727 | O26: 25 | P26: 13/01/2026 | Q26: CD | R26: 206 | S26: 1081 | T26: 150
H27: =IF(B15="","",TEXT(B15,"dd/mm") & "-" & IF(UPPER(TRIM(C15))="CN",1,IF(UPPER(TRIM(C15))="CD",2,""))) -> 07/06-2 | I27: 0.94588235 | J27: 0.93094737 | K27: =IFERROR($E15/SUM($D15:$F15),"") -> 0 | L27: =IFERROR($D15/SUM($D15:$F15),"") -> 0 | M27: =IFERROR($F15/SUM($D15:$F15),"") -> 1 | O27: 26 | P27: 14/01/2026 | Q27: CN | R27: 161 | S27: 906 | T27: 371
H28: =IF(B16="","",TEXT(B16,"dd/mm") & "-" & IF(UPPER(TRIM(C16))="CN",1,IF(UPPER(TRIM(C16))="CD",2,""))) -> 08/06-1 | I28: 0.94588235 | J28: 0.93094737 | K28: =IFERROR($E16/SUM($D16:$F16),"") -> 0.68011127 | L28: =IFERROR($D16/SUM($D16:$F16),"") -> 0.044506259 | M28: =IFERROR($F16/SUM($D16:$F16),"") -> 0.27538248 | O28: 27 | P28: 14/01/2026 | Q28: CD | R28: 248 | S28: 1083 | T28: 107
H29: =IF(B17="","",TEXT(B17,"dd/mm") & "-" & IF(UPPER(TRIM(C17))="CN",1,IF(UPPER(TRIM(C17))="CD",2,""))) -> 08/06-2 | I29: 0.94588235 | J29: 0.93094737 | K29: =IFERROR($E17/SUM($D17:$F17),"") -> 0.72025052 | L29: =IFERROR($D17/SUM($D17:$F17),"") -> 0.06263048 | M29: =IFERROR($F17/SUM($D17:$F17),"") -> 0.217119 | O29: 28 | P29: 15/01/2026 | Q29: CN | R29: 224 | S29: 799 | T29: 415
H30: =IF(B18="","",TEXT(B18,"dd/mm") & "-" & IF(UPPER(TRIM(C18))="CN",1,IF(UPPER(TRIM(C18))="CD",2,""))) -> 09/06-1 | I30: 0.94588235 | J30: 0.93094737 | K30: =IFERROR($E18/SUM($D18:$F18),"") -> 0.67941586 | L30: =IFERROR($D18/SUM($D18:$F18),"") -> 0.045201669 | M30: =IFERROR($F18/SUM($D18:$F18),"") -> 0.27538248 | O30: 29 | P30: 15/01/2026 | Q30: CD | R30: 213 | S30: 1226 | T30: 0
H31: =IF(B19="","",TEXT(B19,"dd/mm") & "-" & IF(UPPER(TRIM(C19))="CN",1,IF(UPPER(TRIM(C19))="CD",2,""))) -> 09/06-2 | I31: 0.94588235 | J31: 0.93094737 | K31: =IFERROR($E19/SUM($D19:$F19),"") -> 0.74200278 | L31: =IFERROR($D19/SUM($D19:$F19),"") -> 0.037552156 | M31: =IFERROR($F19/SUM($D19:$F19),"") -> 0.22044506 | O31: 30 | P31: 16/01/2026 | Q31: CN | R31: 144 | S31: 1082 | T31: 213
H32: =IF(B20="","",TEXT(B20,"dd/mm") & "-" & IF(UPPER(TRIM(C20))="CN",1,IF(UPPER(TRIM(C20))="CD",2,""))) -> 10/06-1 | I32: 0.94588235 | J32: 0.93094737 | K32: =IFERROR($E20/SUM($D20:$F20),"") -> 0.65855355 | L32: =IFERROR($D20/SUM($D20:$F20),"") -> 0.075799722 | M32: =IFERROR($F20/SUM($D20:$F20),"") -> 0.26564673 | O32: 31 | P32: 16/01/2026 | Q32: CD | R32: 178 | S32: 1203 | T32: 57
H33: =IF(B21="","",TEXT(B21,"dd/mm") & "-" & IF(UPPER(TRIM(C21))="CN",1,IF(UPPER(TRIM(C21))="CD",2,""))) -> 10/06-2 | I33: 0.94588235 | J33: 0.93094737 | K33: =IFERROR($E21/SUM($D21:$F21),"") -> 0.73834377 | L33: =IFERROR($D21/SUM($D21:$F21),"") -> 0.099512874 | M33: =IFERROR($F21/SUM($D21:$F21),"") -> 0.16214335 | O33: 32 | P33: 17/01/2026 | Q33: CN | R33: 360 | S33: 726 | T33: 351
H34: =IF(B22="","",TEXT(B22,"dd/mm") & "-" & IF(UPPER(TRIM(C22))="CN",1,IF(UPPER(TRIM(C22))="CD",2,""))) -> 11/06-1 | I34: 0.94588235 | J34: 0.93094737 | K34: =IFERROR($E22/SUM($D22:$F22),"") -> 0.66945024 | L34: =IFERROR($D22/SUM($D22:$F22),"") -> 0.060542797 | M34: =IFERROR($F22/SUM($D22:$F22),"") -> 0.27000696 | O34: 33 | P34: 17/01/2026 | Q34: CD | R34: 110 | S34: 844 | T34: 484
H35: =IF(B23="","",TEXT(B23,"dd/mm") & "-" & IF(UPPER(TRIM(C23))="CN",1,IF(UPPER(TRIM(C23))="CD",2,""))) -> 11/06-2 | I35: 0.94588235 | J35: 0.93094737 | K35: =IFERROR($E23/SUM($D23:$F23),"") -> 0.8922114 | L35: =IFERROR($D23/SUM($D23:$F23),"") -> 0.035465925 | M35: =IFERROR($F23/SUM($D23:$F23),"") -> 0.07232267 | O35: 34 | P35: 18/01/2026 | Q35: CN | R35: 0 | S35: 0 | T35: 1440
H36: =IF(B24="","",TEXT(B24,"dd/mm") & "-" & IF(UPPER(TRIM(C24))="CN",1,IF(UPPER(TRIM(C24))="CD",2,""))) -> 12/06-1 | I36: 0.94588235 | J36: 0.93094737 | K36: =IFERROR($E24/SUM($D24:$F24),"") -> 0.78109798 | L36: =IFERROR($D24/SUM($D24:$F24),"") -> 0.08200139 | M36: =IFERROR($F24/SUM($D24:$F24),"") -> 0.13690063 | O36: 35 | P36: 18/01/2026 | Q36: CD | R36: 0 | S36: 0 | T36: 1440
H37: =IF(B25="","",TEXT(B25,"dd/mm") & "-" & IF(UPPER(TRIM(C25))="CN",1,IF(UPPER(TRIM(C25))="CD",2,""))) -> 12/06-2 | I37: 0.94588235 | J37: 0.93094737 | K37: =IFERROR($E25/SUM($D25:$F25),"") -> 0.72253129 | L37: =IFERROR($D25/SUM($D25:$F25),"") -> 0.058414465 | M37: =IFERROR($F25/SUM($D25:$F25),"") -> 0.21905424 | O37: 36 | P37: 19/01/2026 | Q37: CN | R37: 163 | S37: 868 | T37: 408
H38: =IF(B26="","",TEXT(B26,"dd/mm") & "-" & IF(UPPER(TRIM(C26))="CN",1,IF(UPPER(TRIM(C26))="CD",2,""))) -> 13/06-1 | I38: 0.94588235 | J38: 0.93094737 | K38: =IFERROR($E26/SUM($D26:$F26),"") -> 0.60945101 | L38: =IFERROR($D26/SUM($D26:$F26),"") -> 0.077831828 | M38: =IFERROR($F26/SUM($D26:$F26),"") -> 0.31271716 | O38: 37 | P38: 19/01/2026 | Q38: CD | R38: 469 | S38: 839 | T38: 130
H39: =IF(B27="","",TEXT(B27,"dd/mm") & "-" & IF(UPPER(TRIM(C27))="CN",1,IF(UPPER(TRIM(C27))="CD",2,""))) | K39: =IFERROR($E27/SUM($D27:$F27),"") | L39: =IFERROR($D27/SUM($D27:$F27),"") | M39: =IFERROR($F27/SUM($D27:$F27),"") | O39: 38 | P39: 20/01/2026 | Q39: CN | R39: 365 | S39: 865 | T39: 208
H40: =IF(B28="","",TEXT(B28,"dd/mm") & "-" & IF(UPPER(TRIM(C28))="CN",1,IF(UPPER(TRIM(C28))="CD",2,""))) | K40: =IFERROR($E28/SUM($D28:$F28),"") | L40: =IFERROR($D28/SUM($D28:$F28),"") | M40: =IFERROR($F28/SUM($D28:$F28),"") | O40: 39 | P40: 20/01/2026 | Q40: CD | R40: 322 | S40: 935 | T40: 181
H41: =IF(B29="","",TEXT(B29,"dd/mm") & "-" & IF(UPPER(TRIM(C29))="CN",1,IF(UPPER(TRIM(C29))="CD",2,""))) | K41: =IFERROR($E29/SUM($D29:$F29),"") | L41: =IFERROR($D29/SUM($D29:$F29),"") | M41: =IFERROR($F29/SUM($D29:$F29),"") | O41: 40 | P41: 21/01/2026 | Q41: CN | R41: 452 | S41: 779 | T41: 207
H42: =IF(B30="","",TEXT(B30,"dd/mm") & "-" & IF(UPPER(TRIM(C30))="CN",1,IF(UPPER(TRIM(C30))="CD",2,""))) | K42: =IFERROR($E30/SUM($D30:$F30),"") | L42: =IFERROR($D30/SUM($D30:$F30),"") | M42: =IFERROR($F30/SUM($D30:$F30),"") | O42: 41 | P42: 21/01/2026 | Q42: CD | R42: 320 | S42: 970 | T42: 147
H43: =IF(B31="","",TEXT(B31,"dd/mm") & "-" & IF(UPPER(TRIM(C31))="CN",1,IF(UPPER(TRIM(C31))="CD",2,""))) | K43: =IFERROR($E31/SUM($D31:$F31),"") | L43: =IFERROR($D31/SUM($D31:$F31),"") | M43: =IFERROR($F31/SUM($D31:$F31),"") | O43: 42 | P43: 22/01/2026 | Q43: CN | R43: 336 | S43: 897 | T43: 206
H44: =IF(B32="","",TEXT(B32,"dd/mm") & "-" & IF(UPPER(TRIM(C32))="CN",1,IF(UPPER(TRIM(C32))="CD",2,""))) | K44: =IFERROR($E32/SUM($D32:$F32),"") | L44: =IFERROR($D32/SUM($D32:$F32),"") | M44: =IFERROR($F32/SUM($D32:$F32),"") | O44: 43 | P44: 22/01/2026 | Q44: CD | R44: 345 | S44: 942 | T44: 151
H45: =IF(B33="","",TEXT(B33,"dd/mm") & "-" & IF(UPPER(TRIM(C33))="CN",1,IF(UPPER(TRIM(C33))="CD",2,""))) | K45: =IFERROR($E33/SUM($D33:$F33),"") | L45: =IFERROR($D33/SUM($D33:$F33),"") | M45: =IFERROR($F33/SUM($D33:$F33),"") | O45: 44 | P45: 23/01/2026 | Q45: CN | R45: 337 | S45: 898 | T45: 203
H46: =IF(B34="","",TEXT(B34,"dd/mm") & "-" & IF(UPPER(TRIM(C34))="CN",1,IF(UPPER(TRIM(C34))="CD",2,""))) | K46: =IFERROR($E34/SUM($D34:$F34),"") | L46: =IFERROR($D34/SUM($D34:$F34),"") | M46: =IFERROR($F34/SUM($D34:$F34),"") | O46: 45 | P46: 23/01/2026 | Q46: CD | R46: 534 | S46: 904 | T46: 0
H47: =IF(B35="","",TEXT(B35,"dd/mm") & "-" & IF(UPPER(TRIM(C35))="CN",1,IF(UPPER(TRIM(C35))="CD",2,""))) | K47: =IFERROR($E35/SUM($D35:$F35),"") | L47: =IFERROR($D35/SUM($D35:$F35),"") | M47: =IFERROR($F35/SUM($D35:$F35),"") | O47: 46 | P47: 24/01/2026 | Q47: CN | R47: 591 | S47: 848 | T47: 0
H48: =IF(B36="","",TEXT(B36,"dd/mm") & "-" & IF(UPPER(TRIM(C36))="CN",1,IF(UPPER(TRIM(C36))="CD",2,""))) | K48: =IFERROR($E36/SUM($D36:$F36),"") | L48: =IFERROR($D36/SUM($D36:$F36),"") | M48: =IFERROR($F36/SUM($D36:$F36),"") | O48: 47 | P48: 24/01/2026 | Q48: CD | R48: 390 | S48: 807 | T48: 241
H49: =IF(B37="","",TEXT(B37,"dd/mm") & "-" & IF(UPPER(TRIM(C37))="CN",1,IF(UPPER(TRIM(C37))="CD",2,""))) | K49: =IFERROR($E37/SUM($D37:$F37),"") | L49: =IFERROR($D37/SUM($D37:$F37),"") | M49: =IFERROR($F37/SUM($D37:$F37),"") | O49: 48 | P49: 25/01/2026 | Q49: CN | R49: 308 | S49: 890 | T49: 241
H50: =IF(B38="","",TEXT(B38,"dd/mm") & "-" & IF(UPPER(TRIM(C38))="CN",1,IF(UPPER(TRIM(C38))="CD",2,""))) | K50: =IFERROR($E38/SUM($D38:$F38),"") | L50: =IFERROR($D38/SUM($D38:$F38),"") | M50: =IFERROR($F38/SUM($D38:$F38),"") | O50: 49 | P50: 25/01/2026 | Q50: CD | R50: 0 | S50: 0 | T50: 1440
... H75: =IF(B63="","",TEXT(B63,"dd/mm") & "-" & IF(UPPER(TRIM(C63))="CN",1,IF(UPPER(TRIM(C63))="CD",2,""))) | K75: =IFERROR($E63/SUM($D63:$F63),"") | L75: =IFERROR($D63/SUM($D63:$F63),"") | M75: =IFERROR($F63/SUM($D63:$F63),"") | O75: 74 | P75: 07/02/2026 | Q75: CN | R75: 383 | S75: 823 | T75: 232
O76: 75 | P76: 07/02/2026 | Q76: CD | R76: 125 | S76: 1068 | T76: 245
O77: 76 | P77: 08/02/2026 | Q77: CN | R77: 81 | S77: 1113 | T77: 243
O78: 77 | P78: 08/02/2026 | Q78: CD | R78: 0 | S78: 0 | T78: 1440
O79: 78 | P79: 09/02/2026 | Q79: CN | R79: 95 | S79: 926 | T79: 416
O80: 79 | P80: 09/02/2026 | Q80: CD | R80: 173 | S80: 1219 | T80: 46
O81: 80 | P81: 10/02/2026 | Q81: CN | R81: 169 | S81: 832 | T81: 437
O82: 81 | P82: 10/02/2026 | Q82: CD | R82: 235 | S82: 1181 | T82: 22
O83: 82 | P83: 11/02/2026 | Q83: CN | R83: 255 | S83: 971 | T83: 212
O84: 83 | P84: 11/02/2026 | Q84: CD | R84: 195 | S84: 1051 | T84: 192
O85: 84 | P85: 12/02/2026 | Q85: CN | R85: 133 | S85: 886 | T85: 418
O86: 85 | P86: 12/02/2026 | Q86: CD | R86: 160 | S86: 1201 | T86: 77
O87: 86 | P87: 13/02/2026 | Q87: CN | R87: 145 | S87: 1087 | T87: 204
... O327: 326 | P327: 13/06/2026 | Q327: CN | R327: 112 | S327: 877 | T327: 450

Sheet GR
A1: ID | B1: Ngày tháng | C1: Ca làm việc | D1: Thời gian hoạt động không tải (phút) | E1: Thời gian hoạt động có tải (phút) | F1: Thời gian tắt máy (phút) | H1: Ngày - Ca | I1: Mục Tiêu C1 | J1: Mục Tiêu C2 | K1: % Có Tải | L1: % Không Tải | M1: % Tắt Máy
A2: 1 | B2: 01/06/2026 | C2: CN | D2: 318 | E2: 715 | F2: 402 | H2: T1 | I2: 0.67764706 | J2: 0.6622807 | K2: =IFERROR(SUMIFS(S:S,P:P,"*/01/2026")/(SUMIFS(R:R,P:P,"*/01/2026")+SUMIFS(S:S,P:P,"*/01/2026")+SUMIFS(T:T,P:P,"*/01/2026")),"") -> 0.4002417 | L2: =IFERROR(SUMIFS(R:R,P:P,"*/01/2026")/(SUMIFS(R:R,P:P,"*/01/2026")+SUMIFS(S:S,P:P,"*/01/2026")+SUMIFS(T:T,P:P,"*/01/2026")),"") -> 0.19633156 | M2: =IFERROR(SUMIFS(T:T,P:P,"*/01/2026")/(SUMIFS(R:R,P:P,"*/01/2026")+SUMIFS(S:S,P:P,"*/01/2026")+SUMIFS(T:T,P:P,"*/01/2026")),"") -> 0.40342674 | O2: 1 | P2: 01/01/2026 | Q2: CN | R2: 0 | S2: 0 | T2: 1441
A3: 2 | B3: 01/06/2026 | C3: CD | D3: 308 | E3: 809 | F3: 321 | H3: T2 | I3: 0.67764706 | J3: 0.6622807 | K3: =IFERROR(SUMIFS(S:S,P:P,"*/02/2026")/(SUMIFS(R:R,P:P,"*/02/2026")+SUMIFS(S:S,P:P,"*/02/2026")+SUMIFS(T:T,P:P,"*/02/2026")),"") -> 0.30793879 | L3: =IFERROR(SUMIFS(R:R,P:P,"*/02/2026")/(SUMIFS(R:R,P:P,"*/02/2026")+SUMIFS(S:S,P:P,"*/02/2026")+SUMIFS(T:T,P:P,"*/02/2026")),"") -> 0.13158875 | M3: =IFERROR(SUMIFS(T:T,P:P,"*/02/2026")/(SUMIFS(R:R,P:P,"*/02/2026")+SUMIFS(S:S,P:P,"*/02/2026")+SUMIFS(T:T,P:P,"*/02/2026")),"") -> 0.56047245 | O3: 2 | P3: 01/01/2026 | Q3: CD | R3: 75 | S3: 69 | T3: 1293
A4: 3 | B4: 02/06/2026 | C4: CN | D4: 383 | E4: 648 | F4: 405 | H4: T3 | I4: 0.67764706 | J4: 0.6622807 | K4: =IFERROR(SUMIFS(S:S,P:P,"*/03/2026")/(SUMIFS(R:R,P:P,"*/03/2026")+SUMIFS(S:S,P:P,"*/03/2026")+SUMIFS(T:T,P:P,"*/03/2026")),"") -> 0.4127646 | L4: =IFERROR(SUMIFS(R:R,P:P,"*/03/2026")/(SUMIFS(R:R,P:P,"*/03/2026")+SUMIFS(S:S,P:P,"*/03/2026")+SUMIFS(T:T,P:P,"*/03/2026")),"") -> 0.1860232 | M4: =IFERROR(SUMIFS(T:T,P:P,"*/03/2026")/(SUMIFS(R:R,P:P,"*/03/2026")+SUMIFS(S:S,P:P,"*/03/2026")+SUMIFS(T:T,P:P,"*/03/2026")),"") -> 0.4012122 | O4: 3 | P4: 02/01/2026 | Q4: CN | R4: 375 | S4: 1061 | T4: 0
A5: 4 | B5: 02/06/2026 | C5: CD | D5: 338 | E5: 782 | F5: 315 | H5: T4 | I5: 0.67764706 | J5: 0.6622807 | K5: =IFERROR(SUMIFS(S:S,P:P,"*/04/2026")/(SUMIFS(R:R,P:P,"*/04/2026")+SUMIFS(S:S,P:P,"*/04/2026")+SUMIFS(T:T,P:P,"*/04/2026")),"") -> 0.41388228 | L5: =IFERROR(SUMIFS(R:R,P:P,"*/04/2026")/(SUMIFS(R:R,P:P,"*/04/2026")+SUMIFS(S:S,P:P,"*/04/2026")+SUMIFS(T:T,P:P,"*/04/2026")),"") -> 0.19083792 | M5: =IFERROR(SUMIFS(T:T,P:P,"*/04/2026")/(SUMIFS(R:R,P:P,"*/04/2026")+SUMIFS(S:S,P:P,"*/04/2026")+SUMIFS(T:T,P:P,"*/04/2026")),"") -> 0.39527979 | O5: 4 | P5: 02/01/2026 | Q5: CD | R5: 203 | S5: 513 | T5: 721
A6: 5 | B6: 03/06/2026 | C6: CN | D6: 338 | E6: 696 | F6: 402 | H6: T5 | I6: 0.67764706 | J6: 0.6622807 | K6: =IFERROR(SUMIFS(S:S,P:P,"*/05/2026")/(SUMIFS(R:R,P:P,"*/05/2026")+SUMIFS(S:S,P:P,"*/05/2026")+SUMIFS(T:T,P:P,"*/05/2026")),"") -> 0.36581177 | L6: =IFERROR(SUMIFS(R:R,P:P,"*/05/2026")/(SUMIFS(R:R,P:P,"*/05/2026")+SUMIFS(S:S,P:P,"*/05/2026")+SUMIFS(T:T,P:P,"*/05/2026")),"") -> 0.19323194 | M6: =IFERROR(SUMIFS(T:T,P:P,"*/05/2026")/(SUMIFS(R:R,P:P,"*/05/2026")+SUMIFS(S:S,P:P,"*/05/2026")+SUMIFS(T:T,P:P,"*/05/2026")),"") -> 0.44095628 | O6: 5 | P6: 03/01/2026 | Q6: CD | R6: 531 | S6: 1474 | T6: 330
A7: 6 | B7: 03/06/2026 | C7: CD | D7: 345 | E7: 765 | F7: 326 | H7: T6 | I7: 0.67764706 | J7: 0.6622807 | K7: =IFERROR(SUMIFS(S:S,P:P,"*/06/2026")/(SUMIFS(R:R,P:P,"*/06/2026")+SUMIFS(S:S,P:P,"*/06/2026")+SUMIFS(T:T,P:P,"*/06/2026")),"") -> 0.4919247 | L7: =IFERROR(SUMIFS(R:R,P:P,"*/06/2026")/(SUMIFS(R:R,P:P,"*/06/2026")+SUMIFS(S:S,P:P,"*/06/2026")+SUMIFS(T:T,P:P,"*/06/2026")),"") -> 0.1890176 | M7: =IFERROR(SUMIFS(T:T,P:P,"*/06/2026")/(SUMIFS(R:R,P:P,"*/06/2026")+SUMIFS(S:S,P:P,"*/06/2026")+SUMIFS(T:T,P:P,"*/06/2026")),"") -> 0.3190577 | O7: 6 | P7: 04/01/2026 | Q7: CN | R7: 0 | S7: 0 | T7: 1440
A8: 7 | B8: 04/06/2026 | C8: CN | D8: 228 | E8: 807 | F8: 401 | H8: T7 | I8: 0.67764706 | J8: 0.6622807 | K8: =IFERROR(SUMIFS(S:S,P:P,"*/07/2026")/(SUMIFS(R:R,P:P,"*/07/2026")+SUMIFS(S:S,P:P,"*/07/2026")+SUMIFS(T:T,P:P,"*/07/2026")),"") | L8: =IFERROR(SUMIFS(R:R,P:P,"*/07/2026")/(SUMIFS(R:R,P:P,"*/07/2026")+SUMIFS(S:S,P:P,"*/07/2026")+SUMIFS(T:T,P:P,"*/07/2026")),"") | M8: =IFERROR(SUMIFS(T:T,P:P,"*/07/2026")/(SUMIFS(R:R,P:P,"*/07/2026")+SUMIFS(S:S,P:P,"*/07/2026")+SUMIFS(T:T,P:P,"*/07/2026")),"") | O8: 7 | P8: 04/01/2026 | Q8: CD | R8: 0 | S8: 0 | T8: 1440
A9: 8 | B9: 04/06/2026 | C9: CD | D9: 273 | E9: 843 | F9: 320 | H9: T8 | I9: 0.67764706 | J9: 0.6622807 | K9: =IFERROR(SUMIFS(S:S,P:P,"*/08/2026")/(SUMIFS(R:R,P:P,"*/08/2026")+SUMIFS(S:S,P:P,"*/08/2026")+SUMIFS(T:T,P:P,"*/08/2026")),"") | L9: =IFERROR(SUMIFS(R:R,P:P,"*/08/2026")/(SUMIFS(R:R,P:P,"*/08/2026")+SUMIFS(S:S,P:P,"*/08/2026")+SUMIFS(T:T,P:P,"*/08/2026")),"") | M9: =IFERROR(SUMIFS(T:T,P:P,"*/08/2026")/(SUMIFS(R:R,P:P,"*/08/2026")+SUMIFS(S:S,P:P,"*/08/2026")+SUMIFS(T:T,P:P,"*/08/2026")),"") | O9: 8 | P9: 05/01/2026 | Q9: CN | R9: 324 | S9: 718 | T9: 394
A10: 9 | B10: 05/06/2026 | C10: CN | D10: 211 | E10: 822 | F10: 403 | H10: T9 | I10: 0.67764706 | J10: 0.6622807 | K10: =IFERROR(SUMIFS(S:S,P:P,"*/09/2026")/(SUMIFS(R:R,P:P,"*/09/2026")+SUMIFS(S:S,P:P,"*/09/2026")+SUMIFS(T:T,P:P,"*/09/2026")),"") | L10: =IFERROR(SUMIFS(R:R,P:P,"*/09/2026")/(SUMIFS(R:R,P:P,"*/09/2026")+SUMIFS(S:S,P:P,"*/09/2026")+SUMIFS(T:T,P:P,"*/09/2026")),"") | M10: =IFERROR(SUMIFS(T:T,P:P,"*/09/2026")/(SUMIFS(R:R,P:P,"*/09/2026")+SUMIFS(S:S,P:P,"*/09/2026")+SUMIFS(T:T,P:P,"*/09/2026")),"") | O10: 9 | P10: 05/01/2026 | Q10: CD | R10: 361 | S10: 758 | T10: 302
A11: 10 | B11: 05/06/2026 | C11: CD | D11: 324 | E11: 792 | F11: 320 | H11: T10 | I11: 0.67764706 | J11: 0.6622807 | K11: =IFERROR(SUMIFS(S:S,P:P,"*/10/2026")/(SUMIFS(R:R,P:P,"*/10/2026")+SUMIFS(S:S,P:P,"*/10/2026")+SUMIFS(T:T,P:P,"*/10/2026")),"") | L11: =IFERROR(SUMIFS(R:R,P:P,"*/10/2026")/(SUMIFS(R:R,P:P,"*/10/2026")+SUMIFS(S:S,P:P,"*/10/2026")+SUMIFS(T:T,P:P,"*/10/2026")),"") | M11: =IFERROR(SUMIFS(T:T,P:P,"*/10/2026")/(SUMIFS(R:R,P:P,"*/10/2026")+SUMIFS(S:S,P:P,"*/10/2026")+SUMIFS(T:T,P:P,"*/10/2026")),"") | O11: 10 | P11: 06/01/2026 | Q11: CN | R11: 382 | S11: 638 | T11: 416
A12: 11 | B12: 06/06/2026 | C12: CN | D12: 290 | E12: 687 | F12: 460 | H12: T11 | I12: 0.67764706 | J12: 0.6622807 | K12: =IFERROR(SUMIFS(S:S,P:P,"*/11/2026")/(SUMIFS(R:R,P:P,"*/11/2026")+SUMIFS(S:S,P:P,"*/11/2026")+SUMIFS(T:T,P:P,"*/11/2026")),"") | L12: =IFERROR(SUMIFS(R:R,P:P,"*/11/2026")/(SUMIFS(R:R,P:P,"*/11/2026")+SUMIFS(S:S,P:P,"*/11/2026")+SUMIFS(T:T,P:P,"*/11/2026")),"") | M12: =IFERROR(SUMIFS(T:T,P:P,"*/11/2026")/(SUMIFS(R:R,P:P,"*/11/2026")+SUMIFS(S:S,P:P,"*/11/2026")+SUMIFS(T:T,P:P,"*/11/2026")),"") | O12: 11 | P12: 06/01/2026 | Q12: CD | R12: 422 | S12: 710 | T12: 305
A13: 12 | B13: 06/06/2026 | C13: CD | D13: 265 | E13: 667 | F13: 503 | H13: T12 | I13: 0.67764706 | J13: 0.6622807 | K13: =IFERROR(SUMIFS(S:S,P:P,"*/12/2026")/(SUMIFS(R:R,P:P,"*/12/2026")+SUMIFS(S:S,P:P,"*/12/2026")+SUMIFS(T:T,P:P,"*/12/2026")),"") | L13: =IFERROR(SUMIFS(R:R,P:P,"*/12/2026")/(SUMIFS(R:R,P:P,"*/12/2026")+SUMIFS(S:S,P:P,"*/12/2026")+SUMIFS(T:T,P:P,"*/12/2026")),"") | M13: =IFERROR(SUMIFS(T:T,P:P,"*/12/2026")/(SUMIFS(R:R,P:P,"*/12/2026")+SUMIFS(S:S,P:P,"*/12/2026")+SUMIFS(T:T,P:P,"*/12/2026")),"") | O13: 12 | P13: 07/01/2026 | Q13: CN | R13: 105 | S13: 151 | T13: 1181
A14: 13 | B14: 07/06/2026 | C14: CN | D14: 0 | E14: 0 | F14: 1440 | H14: =IF(B2="","",TEXT(B2,"dd/mm")& "-" &IF(UPPER(TRIM(C2))="CN",1,IF(UPPER(TRIM(C2))="CD",2,""))) -> 01/06-1 | I14: 0.67764706 | J14: 0.6622807 | K14: =IFERROR($E2/SUM($D2:$F2),"") -> 0.49825784 | L14: =IFERROR($D2/SUM($D2:$F2),"") -> 0.22160279 | M14: =IFERROR($F2/SUM($D2:$F2),"") -> 0.28013937 | O14: 13 | P14: 07/01/2026 | Q14: CD | R14: 0 | S14: 0 | T14: 1440
A15: 14 | B15: 07/06/2026 | C15: CD | D15: 0 | E15: 0 | F15: 1440 | H15: =IF(B3="","",TEXT(B3,"dd/mm") & "-" & IF(UPPER(TRIM(C3))="CN",1,IF(UPPER(TRIM(C3))="CD",2,""))) -> 01/06-2 | I15: 0.67764706 | J15: 0.6622807 | K15: =IFERROR($E3/SUM($D3:$F3),"") -> 0.56258693 | L15: =IFERROR($D3/SUM($D3:$F3),"") -> 0.21418637 | M15: =IFERROR($F3/SUM($D3:$F3),"") -> 0.2232267 | O15: 14 | P15: 08/01/2026 | Q15: CN | R15: 306 | S15: 726 | T15: 405
A16: 15 | B16: 08/06/2026 | C16: CN | D16: 226 | E16: 803 | F16: 407 | H16: =IF(B4="","",TEXT(B4,"dd/mm") & "-" & IF(UPPER(TRIM(C4))="CN",1,IF(UPPER(TRIM(C4))="CD",2,""))) -> 02/06-1 | I16: 0.67764706 | J16: 0.6622807 | K16: =IFERROR($E4/SUM($D4:$F4),"") -> 0.45125348 | L16: =IFERROR($D4/SUM($D4:$F4),"") -> 0.26671309 | M16: =IFERROR($F4/SUM($D4:$F4),"") -> 0.28203343 | O16: 15 | P16: 08/01/2026 | Q16: CD | R16: 375 | S16: 751 | T16: 311
A17: 16 | B17: 08/06/2026 | C17: CD | D17: 400 | E17: 709 | F17: 326 | H17: =IF(B5="","",TEXT(B5,"dd/mm") & "-" & IF(UPPER(TRIM(C5))="CN",1,IF(UPPER(TRIM(C5))="CD",2,""))) -> 02/06-2 | I17: 0.67764706 | J17: 0.6622807 | K17: =IFERROR($E5/SUM($D5:$F5),"") -> 0.54494774 | L17: =IFERROR($D5/SUM($D5:$F5),"") -> 0.23554007 | M17: =IFERROR($F5/SUM($D5:$F5),"") -> 0.2195122 | O17: 16 | P17: 09/01/2026 | Q17: CN | R17: 385 | S17: 645 | T17: 405
A18: 17 | B18: 09/06/2026 | C18: CN | D18: 243 | E18: 776 | F18: 419 | H18: =IF(B6="","",TEXT(B6,"dd/mm") & "-" & IF(UPPER(TRIM(C6))="CN",1,IF(UPPER(TRIM(C6))="CD",2,""))) -> 03/06-1 | I18: 0.67764706 | J18: 0.6622807 | K18: =IFERROR($E6/SUM($D6:$F6),"") -> 0.48467967 | L18: =IFERROR($D6/SUM($D6:$F6),"") -> 0.23537604 | M18: =IFERROR($F6/SUM($D6:$F6),"") -> 0.27994429 | O18: 17 | P18: 09/01/2026 | Q18: CD | R18: 480 | S18: 641 | T18: 314
A19: 18 | B19: 09/06/2026 | C19: CD | D19: 219 | E19: 892 | F19: 325 | H19: =IF(B7="","",TEXT(B7,"dd/mm") & "-" & IF(UPPER(TRIM(C7))="CN",1,IF(UPPER(TRIM(C7))="CD",2,""))) -> 03/06-2 | I19: 0.67764706 | J19: 0.6622807 | K19: =IFERROR($E7/SUM($D7:$F7),"") -> 0.53272981 | L19: =IFERROR($D7/SUM($D7:$F7),"") -> 0.2402507 | M19: =IFERROR($F7/SUM($D7:$F7),"") -> 0.2270195 | O19: 18 | P19: 10/01/2026 | Q19: CN | R19: 375 | S19: 577 | T19: 485
A20: 19 | B20: 10/06/2026 | C20: CN | D20: 290 | E20: 740 | F20: 405 | H20: =IF(B8="","",TEXT(B8,"dd/mm") & "-" & IF(UPPER(TRIM(C8))="CN",1,IF(UPPER(TRIM(C8))="CD",2,""))) -> 04/06-1 | I20: 0.67764706 | J20: 0.6622807 | K20: =IFERROR($E8/SUM($D8:$F8),"") -> 0.56197772 | L20: =IFERROR($D8/SUM($D8:$F8),"") -> 0.15877437 | M20: =IFERROR($F8/SUM($D8:$F8),"") -> 0.27924791 | O20: 19 | P20: 10/01/2026 | Q20: CD | R20: 0 | S20: 0 | T20: 1440
A21: 20 | B21: 10/06/2026 | C21: CD | D21: 361 | E21: 857 | F21: 219 | H21: =IF(B9="","",TEXT(B9,"dd/mm") & "-" & IF(UPPER(TRIM(C9))="CN",1,IF(UPPER(TRIM(C9))="CD",2,""))) -> 04/06-2 | I21: 0.67764706 | J21: 0.6622807 | K21: =IFERROR($E9/SUM($D9:$F9),"") -> 0.58704735 | L21: =IFERROR($D9/SUM($D9:$F9),"") -> 0.19011142 | M21: =IFERROR($F9/SUM($D9:$F9),"") -> 0.22284123 | O21: 20 | P21: 11/01/2026 | Q21: CN | R21: 0 | S21: 0 | T21: 1440
A22: 21 | B22: 11/06/2026 | C22: CN | D22: 514 | E22: 723 | F22: 200 | H22: =IF(B10="","",TEXT(B10,"dd/mm") & "-" & IF(UPPER(TRIM(C10))="CN",1,IF(UPPER(TRIM(C10))="CD",2,""))) -> 05/06-1 | I22: 0.67764706 | J22: 0.6622807 | K22: =IFERROR($E10/SUM($D10:$F10),"") -> 0.5724234 | L22: =IFERROR($D10/SUM($D10:$F10),"") -> 0.14693593 | M22: =IFERROR($F10/SUM($D10:$F10),"") -> 0.28064067 | O22: 21 | P22: 11/01/2026 | Q22: CD | R22: 0 | S22: 0 | T22: 1441
A23: 22 | B23: 11/06/2026 | C23: CD | D23: 272 | E23: 779 | F23: 386 | H23: =IF(B11="","",TEXT(B11,"dd/mm") & "-" & IF(UPPER(TRIM(C11))="CN",1,IF(UPPER(TRIM(C11))="CD",2,""))) -> 05/06-2 | I23: 0.67764706 | J23: 0.6622807 | K23: =IFERROR($E11/SUM($D11:$F11),"") -> 0.55153203 | L23: =IFERROR($D11/SUM($D11:$F11),"") -> 0.22562674 | M23: =IFERROR($F11/SUM($D11:$F11),"") -> 0.22284123 | O23: 22 | P23: 12/01/2026 | Q23: CN | R23: 361 | S23: 651 | T23: 424
A24: 23 | B24: 12/06/2026 | C24: CN | D24: 232 | E24: 804 | F24: 401 | H24: =IF(B12="","",TEXT(B12,"dd/mm") & "-" & IF(UPPER(TRIM(C12))="CN",1,IF(UPPER(TRIM(C12))="CD",2,""))) -> 06/06-1 | I24: 0.67764706 | J24: 0.6622807 | K24: =IFERROR($E12/SUM($D12:$F12),"") -> 0.47807933 | L24: =IFERROR($D12/SUM($D12:$F12),"") -> 0.20180932 | M24: =IFERROR($F12/SUM($D12:$F12),"") -> 0.32011134 | O24: 23 | P24: 12/01/2026 | Q24: CD | R24: 429 | S24: 691 | T24: 316
A25: 24 | B25: 12/06/2026 | C25: CD | D25: 118 | E25: 872 | F25: 447 | H25: =IF(B13="","",TEXT(B13,"dd/mm") & "-" & IF(UPPER(TRIM(C13))="CN",1,IF(UPPER(TRIM(C13))="CD",2,""))) -> 06/06-2 | I25: 0.67764706 | J25: 0.6622807 | K25: =IFERROR($E13/SUM($D13:$F13),"") -> 0.46480836 | L25: =IFERROR($D13/SUM($D13:$F13),"") -> 0.18466899 | M25: =IFERROR($F13/SUM($D13:$F13),"") -> 0.35052265 | O25: 24 | P25: 13/01/2026 | Q25: CN | R25: 342 | S25: 686 | T25: 408
A26: 25 | B26: 13/06/2026 | C26: CN | D26: 292 | E26: 678 | F26: 465 | H26: =IF(B14="","",TEXT(B14,"dd/mm") & "-" & IF(UPPER(TRIM(C14))="CN",1,IF(UPPER(TRIM(C14))="CD",2,""))) -> 07/06-1 | I26: 0.67764706 | J26: 0.6622807 | K26: =IFERROR($E14/SUM($D14:$F14),"") -> 0 | L26: =IFERROR($D14/SUM($D14:$F14),"") -> 0 | M26: =IFERROR($F14/SUM($D14:$F14),"") -> 1 | O26: 25 | P26: 13/01/2026 | Q26: CD | R26: 445 | S26: 685 | T26: 307
H27: =IF(B15="","",TEXT(B15,"dd/mm") & "-" & IF(UPPER(TRIM(C15))="CN",1,IF(UPPER(TRIM(C15))="CD",2,""))) -> 07/06-2 | I27: 0.67764706 | J27: 0.6622807 | K27: =IFERROR($E15/SUM($D15:$F15),"") -> 0 | L27: =IFERROR($D15/SUM($D15:$F15),"") -> 0 | M27: =IFERROR($F15/SUM($D15:$F15),"") -> 1 | O27: 26 | P27: 14/01/2026 | Q27: CN | R27: 425 | S27: 600 | T27: 410
H28: =IF(B16="","",TEXT(B16,"dd/mm") & "-" & IF(UPPER(TRIM(C16))="CN",1,IF(UPPER(TRIM(C16))="CD",2,""))) -> 08/06-1 | I28: 0.67764706 | J28: 0.6622807 | K28: =IFERROR($E16/SUM($D16:$F16),"") -> 0.5591922 | L28: =IFERROR($D16/SUM($D16:$F16),"") -> 0.15738162 | M28: =IFERROR($F16/SUM($D16:$F16),"") -> 0.28342618 | O28: 27 | P28: 14/01/2026 | Q28: CD | R28: 491 | S28: 630 | T28: 315
H29: =IF(B17="","",TEXT(B17,"dd/mm") & "-" & IF(UPPER(TRIM(C17))="CN",1,IF(UPPER(TRIM(C17))="CD",2,""))) -> 08/06-2 | I29: 0.67764706 | J29: 0.6622807 | K29: =IFERROR($E17/SUM($D17:$F17),"") -> 0.49407666 | L29: =IFERROR($D17/SUM($D17:$F17),"") -> 0.27874564 | M29: =IFERROR($F17/SUM($D17:$F17),"") -> 0.2271777 | O29: 28 | P29: 15/01/2026 | Q29: CN | R29: 354 | S29: 665 | T29: 416
H30: =IF(B18="","",TEXT(B18,"dd/mm") & "-" & IF(UPPER(TRIM(C18))="CN",1,IF(UPPER(TRIM(C18))="CD",2,""))) -> 09/06-1 | I30: 0.67764706 | J30: 0.6622807 | K30: =IFERROR($E18/SUM($D18:$F18),"") -> 0.53963839 | L30: =IFERROR($D18/SUM($D18:$F18),"") -> 0.1689847 | M30: =IFERROR($F18/SUM($D18:$F18),"") -> 0.29137691 | O30: 29 | P30: 15/01/2026 | Q30: CD | R30: 437 | S30: 694 | T30: 305
H31: =IF(B19="","",TEXT(B19,"dd/mm") & "-" & IF(UPPER(TRIM(C19))="CN",1,IF(UPPER(TRIM(C19))="CD",2,""))) -> 09/06-2 | I31: 0.67764706 | J31: 0.6622807 | K31: =IFERROR($E19/SUM($D19:$F19),"") -> 0.62116992 | L31: =IFERROR($D19/SUM($D19:$F19),"") -> 0.15250696 | M31: =IFERROR($F19/SUM($D19:$F19),"") -> 0.22632312 | O31: 30 | P31: 16/01/2026 | Q31: CN | R31: 369 | S31: 657 | T31: 412
H32: =IF(B20="","",TEXT(B20,"dd/mm") & "-" & IF(UPPER(TRIM(C20))="CN",1,IF(UPPER(TRIM(C20))="CD",2,""))) -> 10/06-1 | I32: 0.67764706 | J32: 0.6622807 | K32: =IFERROR($E20/SUM($D20:$F20),"") -> 0.51567944 | L32: =IFERROR($D20/SUM($D20:$F20),"") -> 0.20209059 | M32: =IFERROR($F20/SUM($D20:$F20),"") -> 0.28222997 | O32: 31 | P32: 16/01/2026 | Q32: CD | R32: 391 | S32: 610 | T32: 436
H33: =IF(B21="","",TEXT(B21,"dd/mm") & "-" & IF(UPPER(TRIM(C21))="CN",1,IF(UPPER(TRIM(C21))="CD",2,""))) -> 10/06-2 | I33: 0.67764706 | J33: 0.6622807 | K33: =IFERROR($E21/SUM($D21:$F21),"") -> 0.59638135 | L33: =IFERROR($D21/SUM($D21:$F21),"") -> 0.25121781 | M33: =IFERROR($F21/SUM($D21:$F21),"") -> 0.15240084 | O33: 32 | P33: 17/01/2026 | Q33: CN | R33: 397 | S33: 631 | T33: 409
H34: =IF(B22="","",TEXT(B22,"dd/mm") & "-" & IF(UPPER(TRIM(C22))="CN",1,IF(UPPER(TRIM(C22))="CD",2,""))) -> 11/06-1 | I34: 0.67764706 | J34: 0.6622807 | K34: =IFERROR($E22/SUM($D22:$F22),"") -> 0.50313152 | L34: =IFERROR($D22/SUM($D22:$F22),"") -> 0.35768963 | M34: =IFERROR($F22/SUM($D22:$F22),"") -> 0.13917884 | O34: 33 | P34: 17/01/2026 | Q34: CD | R34: 341 | S34: 609 | T34: 485
H35: =IF(B23="","",TEXT(B23,"dd/mm") & "-" & IF(UPPER(TRIM(C23))="CN",1,IF(UPPER(TRIM(C23))="CD",2,""))) -> 11/06-2 | I35: 0.67764706 | J35: 0.6622807 | K35: =IFERROR($E23/SUM($D23:$F23),"") -> 0.5421016 | L35: =IFERROR($D23/SUM($D23:$F23),"") -> 0.18928323 | M35: =IFERROR($F23/SUM($D23:$F23),"") -> 0.26861517 | O35: 34 | P35: 18/01/2026 | Q35: CN | R35: 0 | S35: 0 | T35: 1440
H36: =IF(B24="","",TEXT(B24,"dd/mm") & "-" & IF(UPPER(TRIM(C24))="CN",1,IF(UPPER(TRIM(C24))="CD",2,""))) -> 12/06-1 | I36: 0.67764706 | J36: 0.6622807 | K36: =IFERROR($E24/SUM($D24:$F24),"") -> 0.55949896 | L36: =IFERROR($D24/SUM($D24:$F24),"") -> 0.16144746 | M36: =IFERROR($F24/SUM($D24:$F24),"") -> 0.27905358 | O36: 35 | P36: 18/01/2026 | Q36: CD | R36: 0 | S36: 0 | T36: 1440
H37: =IF(B25="","",TEXT(B25,"dd/mm") & "-" & IF(UPPER(TRIM(C25))="CN",1,IF(UPPER(TRIM(C25))="CD",2,""))) -> 12/06-2 | I37: 0.67764706 | J37: 0.6622807 | K37: =IFERROR($E25/SUM($D25:$F25),"") -> 0.60681976 | L37: =IFERROR($D25/SUM($D25:$F25),"") -> 0.082115518 | M37: =IFERROR($F25/SUM($D25:$F25),"") -> 0.31106472 | O37: 36 | P37: 19/01/2026 | Q37: CN | R37: 427 | S37: 591 | T37: 418
H38: =IF(B26="","",TEXT(B26,"dd/mm") & "-" & IF(UPPER(TRIM(C26))="CN",1,IF(UPPER(TRIM(C26))="CD",2,""))) -> 13/06-1 | I38: 0.67764706 | J38: 0.6622807 | K38: =IFERROR($E26/SUM($D26:$F26),"") -> 0.47247387 | L38: =IFERROR($D26/SUM($D26:$F26),"") -> 0.20348432 | M38: =IFERROR($F26/SUM($D26:$F26),"") -> 0.32404181 | O38: 37 | P38: 19/01/2026 | Q38: CD | R38: 423 | S38: 711 | T38: 303
H39: =IF(B27="","",TEXT(B27,"dd/mm") & "-" & IF(UPPER(TRIM(C27))="CN",1,IF(UPPER(TRIM(C27))="CD",2,""))) | K39: =IFERROR($E27/SUM($D27:$F27),"") | L39: =IFERROR($D27/SUM($D27:$F27),"") | M39: =IFERROR($F27/SUM($D27:$F27),"") | O39: 38 | P39: 20/01/2026 | Q39: CN | R39: 271 | S39: 751 | T39: 415
H40: =IF(B28="","",TEXT(B28,"dd/mm") & "-" & IF(UPPER(TRIM(C28))="CN",1,IF(UPPER(TRIM(C28))="CD",2,""))) | K40: =IFERROR($E28/SUM($D28:$F28),"") | L40: =IFERROR($D28/SUM($D28:$F28),"") | M40: =IFERROR($F28/SUM($D28:$F28),"") | O40: 39 | P40: 20/01/2026 | Q40: CD | R40: 225 | S40: 778 | T40: 433
H41: =IF(B29="","",TEXT(B29,"dd/mm") & "-" & IF(UPPER(TRIM(C29))="CN",1,IF(UPPER(TRIM(C29))="CD",2,""))) | K41: =IFERROR($E29/SUM($D29:$F29),"") | L41: =IFERROR($D29/SUM($D29:$F29),"") | M41: =IFERROR($F29/SUM($D29:$F29),"") | O41: 40 | P41: 21/01/2026 | Q41: CN | R41: 314 | S41: 699 | T41: 423
H42: =IF(B30="","",TEXT(B30,"dd/mm") & "-" & IF(UPPER(TRIM(C30))="CN",1,IF(UPPER(TRIM(C30))="CD",2,""))) | K42: =IFERROR($E30/SUM($D30:$F30),"") | L42: =IFERROR($D30/SUM($D30:$F30),"") | M42: =IFERROR($F30/SUM($D30:$F30),"") | O42: 41 | P42: 21/01/2026 | Q42: CD | R42: 297 | S42: 830 | T42: 308
H43: =IF(B31="","",TEXT(B31,"dd/mm") & "-" & IF(UPPER(TRIM(C31))="CN",1,IF(UPPER(TRIM(C31))="CD",2,""))) | K43: =IFERROR($E31/SUM($D31:$F31),"") | L43: =IFERROR($D31/SUM($D31:$F31),"") | M43: =IFERROR($F31/SUM($D31:$F31),"") | O43: 42 | P43: 22/01/2026 | Q43: CN | R43: 412 | S43: 612 | T43: 412
H44: =IF(B32="","",TEXT(B32,"dd/mm") & "-" & IF(UPPER(TRIM(C32))="CN",1,IF(UPPER(TRIM(C32))="CD",2,""))) | K44: =IFERROR($E32/SUM($D32:$F32),"") | L44: =IFERROR($D32/SUM($D32:$F32),"") | M44: =IFERROR($F32/SUM($D32:$F32),"") | O44: 43 | P44: 22/01/2026 | Q44: CD | R44: 351 | S44: 777 | T44: 310
H45: =IF(B33="","",TEXT(B33,"dd/mm") & "-" & IF(UPPER(TRIM(C33))="CN",1,IF(UPPER(TRIM(C33))="CD",2,""))) | K45: =IFERROR($E33/SUM($D33:$F33),"") | L45: =IFERROR($D33/SUM($D33:$F33),"") | M45: =IFERROR($F33/SUM($D33:$F33),"") | O45: 44 | P45: 23/01/2026 | Q45: CN | R45: 420 | S45: 606 | T45: 409
H46: =IF(B34="","",TEXT(B34,"dd/mm") & "-" & IF(UPPER(TRIM(C34))="CN",1,IF(UPPER(TRIM(C34))="CD",2,""))) | K46: =IFERROR($E34/SUM($D34:$F34),"") | L46: =IFERROR($D34/SUM($D34:$F34),"") | M46: =IFERROR($F34/SUM($D34:$F34),"") | O46: 45 | P46: 23/01/2026 | Q46: CD | R46: 307 | S46: 822 | T46: 308
H47: =IF(B35="","",TEXT(B35,"dd/mm") & "-" & IF(UPPER(TRIM(C35))="CN",1,IF(UPPER(TRIM(C35))="CD",2,""))) | K47: =IFERROR($E35/SUM($D35:$F35),"") | L47: =IFERROR($D35/SUM($D35:$F35),"") | M47: =IFERROR($F35/SUM($D35:$F35),"") | O47: 46 | P47: 24/01/2026 | Q47: CN | R47: 309 | S47: 658 | T47: 471
H48: =IF(B36="","",TEXT(B36,"dd/mm") & "-" & IF(UPPER(TRIM(C36))="CN",1,IF(UPPER(TRIM(C36))="CD",2,""))) | K48: =IFERROR($E36/SUM($D36:$F36),"") | L48: =IFERROR($D36/SUM($D36:$F36),"") | M48: =IFERROR($F36/SUM($D36:$F36),"") | O48: 47 | P48: 24/01/2026 | Q48: CD | R48: 346 | S48: 603 | T48: 488
H49: =IF(B37="","",TEXT(B37,"dd/mm") & "-" & IF(UPPER(TRIM(C37))="CN",1,IF(UPPER(TRIM(C37))="CD",2,""))) | K49: =IFERROR($E37/SUM($D37:$F37),"") | L49: =IFERROR($D37/SUM($D37:$F37),"") | M49: =IFERROR($F37/SUM($D37:$F37),"") | O49: 48 | P49: 25/01/2026 | Q49: CN | R49: 223 | S49: 734 | T49: 479
H50: =IF(B38="","",TEXT(B38,"dd/mm") & "-" & IF(UPPER(TRIM(C38))="CN",1,IF(UPPER(TRIM(C38))="CD",2,""))) | K50: =IFERROR($E38/SUM($D38:$F38),"") | L50: =IFERROR($D38/SUM($D38:$F38),"") | M50: =IFERROR($F38/SUM($D38:$F38),"") | O50: 49 | P50: 25/01/2026 | Q50: CD | R50: 0 | S50: 0 | T50: 1440
... H75: =IF(B63="","",TEXT(B63,"dd/mm") & "-" & IF(UPPER(TRIM(C63))="CN",1,IF(UPPER(TRIM(C63))="CD",2,""))) | K75: =IFERROR($E63/SUM($D63:$F63),"") | L75: =IFERROR($D63/SUM($D63:$F63),"") | M75: =IFERROR($F63/SUM($D63:$F63),"") | O75: 74 | P75: 07/02/2026 | Q75: CN | R75: 272 | S75: 688 | T75: 477
O76: 75 | P76: 07/02/2026 | Q76: CD | R76: 263 | S76: 689 | T76: 485
O77: 76 | P77: 08/02/2026 | Q77: CN | R77: 0 | S77: 0 | T77: 1440
O78: 77 | P78: 08/02/2026 | Q78: CD | R78: 0 | S78: 0 | T78: 1440
O79: 78 | P79: 09/02/2026 | Q79: CN | R79: 361 | S79: 665 | T79: 410
O80: 79 | P80: 09/02/2026 | Q80: CD | R80: 311 | S80: 815 | T80: 310
O81: 80 | P81: 10/02/2026 | Q81: CN | R81: 351 | S81: 679 | T81: 406
O82: 81 | P82: 10/02/2026 | Q82: CD | R82: 356 | S82: 766 | T82: 315
O83: 82 | P83: 11/02/2026 | Q83: CN | R83: 498 | S83: 526 | T83: 412
O84: 83 | P84: 11/02/2026 | Q84: CD | R84: 292 | S84: 837 | T84: 307
O85: 84 | P85: 12/02/2026 | Q85: CN | R85: 151 | S85: 649 | T85: 636
O86: 85 | P86: 12/02/2026 | Q86: CD | R86: 234 | S86: 893 | T86: 311
O87: 86 | P87: 13/02/2026 | Q87: CN | R87: 329 | S87: 698 | T87: 408
... O326: 325 | P326: 13/06/2026 | Q326: CN | R326: 292 | S326: 678 | T326: 465

Sheet GC
A1: ID | B1: Ngày tháng | C1: Ca làm việc | D1: Thời gian hoạt động không tải (phút) | E1: Thời gian hoạt động có tải (phút) | F1: Thời gian tắt máy (phút) | H1: Ngày - Ca | I1: Mục Tiêu C1 | J1: Mục Tiêu C2 | K1: % Có Tải | L1: % Không Tải | M1: % Tắt Máy
A2: 1 | B2: 01/06/2026 | C2: CN | D2: 160 | E2: 356 | F2: 922 | H2: T1 | I2: 0.24411765 | J2: 0.25118421 | K2: =IFERROR(SUMIFS(S:S,P:P,"*/01/2026")/(SUMIFS(R:R,P:P,"*/01/2026")+SUMIFS(S:S,P:P,"*/01/2026")+SUMIFS(T:T,P:P,"*/01/2026")),"") -> 0.16167557 | L2: =IFERROR(SUMIFS(R:R,P:P,"*/01/2026")/(SUMIFS(R:R,P:P,"*/01/2026")+SUMIFS(S:S,P:P,"*/01/2026")+SUMIFS(T:T,P:P,"*/01/2026")),"") -> 0.16547956 | M2: =IFERROR(SUMIFS(T:T,P:P,"*/01/2026")/(SUMIFS(R:R,P:P,"*/01/2026")+SUMIFS(S:S,P:P,"*/01/2026")+SUMIFS(T:T,P:P,"*/01/2026")),"") -> 0.67284487 | O2: 1 | P2: 01/01/2026 | Q2: CN | R2: 0 | S2: 0 | T2: 1440
A3: 2 | B3: 01/06/2026 | C3: CD | D3: 161 | E3: 287 | F3: 993 | H3: T2 | I3: 0.24411765 | J3: 0.25118421 | K3: =IFERROR(SUMIFS(S:S,P:P,"*/02/2026")/(SUMIFS(R:R,P:P,"*/02/2026")+SUMIFS(S:S,P:P,"*/02/2026")+SUMIFS(T:T,P:P,"*/02/2026")),"") -> 0.12839105 | L3: =IFERROR(SUMIFS(R:R,P:P,"*/02/2026")/(SUMIFS(R:R,P:P,"*/02/2026")+SUMIFS(S:S,P:P,"*/02/2026")+SUMIFS(T:T,P:P,"*/02/2026")),"") -> 0.12169897 | M3: =IFERROR(SUMIFS(T:T,P:P,"*/02/2026")/(SUMIFS(R:R,P:P,"*/02/2026")+SUMIFS(S:S,P:P,"*/02/2026")+SUMIFS(T:T,P:P,"*/02/2026")),"") -> 0.74990999 | O3: 2 | P3: 01/01/2026 | Q3: CD | R3: 65 | S3: 7 | T3: 1367
A4: 3 | B4: 02/06/2026 | C4: CN | D4: 236 | E4: 280 | F4: 922 | H4: T3 | I4: 0.24411765 | J4: 0.25118421 | K4: =IFERROR(SUMIFS(S:S,P:P,"*/03/2026")/(SUMIFS(R:R,P:P,"*/03/2026")+SUMIFS(S:S,P:P,"*/03/2026")+SUMIFS(T:T,P:P,"*/03/2026")),"") -> 0.24815714 | L4: =IFERROR(SUMIFS(R:R,P:P,"*/03/2026")/(SUMIFS(R:R,P:P,"*/03/2026")+SUMIFS(S:S,P:P,"*/03/2026")+SUMIFS(T:T,P:P,"*/03/2026")),"") -> 0.20964783 | M4: =IFERROR(SUMIFS(T:T,P:P,"*/03/2026")/(SUMIFS(R:R,P:P,"*/03/2026")+SUMIFS(S:S,P:P,"*/03/2026")+SUMIFS(T:T,P:P,"*/03/2026")),"") -> 0.54219503 | O4: 3 | P4: 02/01/2026 | Q4: CN | R4: 463 | S4: 341 | T4: 632
A5: 4 | B5: 02/06/2026 | C5: CD | D5: 231 | E5: 207 | F5: 1001 | H5: T4 | I5: 0.24411765 | J5: 0.25118421 | K5: =IFERROR(SUMIFS(S:S,P:P,"*/04/2026")/(SUMIFS(R:R,P:P,"*/04/2026")+SUMIFS(S:S,P:P,"*/04/2026")+SUMIFS(T:T,P:P,"*/04/2026")),"") -> 0.22844058 | L5: =IFERROR(SUMIFS(R:R,P:P,"*/04/2026")/(SUMIFS(R:R,P:P,"*/04/2026")+SUMIFS(S:S,P:P,"*/04/2026")+SUMIFS(T:T,P:P,"*/04/2026")),"") -> 0.19518841 | M5: =IFERROR(SUMIFS(T:T,P:P,"*/04/2026")/(SUMIFS(R:R,P:P,"*/04/2026")+SUMIFS(S:S,P:P,"*/04/2026")+SUMIFS(T:T,P:P,"*/04/2026")),"") -> 0.57637101 | O5: 4 | P5: 02/01/2026 | Q5: CD | R5: 212 | S5: 174 | T5: 1052
A6: 5 | B6: 03/06/2026 | C6: CN | D6: 236 | E6: 279 | F6: 923 | H6: T5 | I6: 0.24411765 | J6: 0.25118421 | K6: =IFERROR(SUMIFS(S:S,P:P,"*/05/2026")/(SUMIFS(R:R,P:P,"*/05/2026")+SUMIFS(S:S,P:P,"*/05/2026")+SUMIFS(T:T,P:P,"*/05/2026")),"") -> 0.27819659 | L6: =IFERROR(SUMIFS(R:R,P:P,"*/05/2026")/(SUMIFS(R:R,P:P,"*/05/2026")+SUMIFS(S:S,P:P,"*/05/2026")+SUMIFS(T:T,P:P,"*/05/2026")),"") -> 0.15990218 | M6: =IFERROR(SUMIFS(T:T,P:P,"*/05/2026")/(SUMIFS(R:R,P:P,"*/05/2026")+SUMIFS(S:S,P:P,"*/05/2026")+SUMIFS(T:T,P:P,"*/05/2026")),"") -> 0.56190124 | O6: 5 | P6: 03/01/2026 | Q6: CD | R6: 581 | S6: 421 | T6: 1335
A7: 6 | B7: 03/06/2026 | C7: CD | D7: 174 | E7: 266 | F7: 999 | H7: T6 | I7: 0.24411765 | J7: 0.25118421 | K7: =IFERROR(SUMIFS(S:S,P:P,"*/06/2026")/(SUMIFS(R:R,P:P,"*/06/2026")+SUMIFS(S:S,P:P,"*/06/2026")+SUMIFS(T:T,P:P,"*/06/2026")),"") -> 0.20348126 | L7: =IFERROR(SUMIFS(R:R,P:P,"*/06/2026")/(SUMIFS(R:R,P:P,"*/06/2026")+SUMIFS(S:S,P:P,"*/06/2026")+SUMIFS(T:T,P:P,"*/06/2026")),"") -> 0.13029696 | M7: =IFERROR(SUMIFS(T:T,P:P,"*/06/2026")/(SUMIFS(R:R,P:P,"*/06/2026")+SUMIFS(S:S,P:P,"*/06/2026")+SUMIFS(T:T,P:P,"*/06/2026")),"") -> 0.66622178 | O7: 6 | P7: 04/01/2026 | Q7: CN | R7: 0 | S7: 0 | T7: 1440
A8: 7 | B8: 04/06/2026 | C8: CN | D8: 219 | E8: 297 | F8: 922 | H8: T7 | I8: 0.24411765 | J8: 0.25118421 | K8: =IFERROR(SUMIFS(S:S,P:P,"*/07/2026")/(SUMIFS(R:R,P:P,"*/07/2026")+SUMIFS(S:S,P:P,"*/07/2026")+SUMIFS(T:T,P:P,"*/07/2026")),"") | L8: =IFERROR(SUMIFS(R:R,P:P,"*/07/2026")/(SUMIFS(R:R,P:P,"*/07/2026")+SUMIFS(S:S,P:P,"*/07/2026")+SUMIFS(T:T,P:P,"*/07/2026")),"") | M8: =IFERROR(SUMIFS(T:T,P:P,"*/07/2026")/(SUMIFS(R:R,P:P,"*/07/2026")+SUMIFS(S:S,P:P,"*/07/2026")+SUMIFS(T:T,P:P,"*/07/2026")),"") | O8: 7 | P8: 04/01/2026 | Q8: CD | R8: 0 | S8: 0 | T8: 1440
A9: 8 | B9: 04/06/2026 | C9: CD | D9: 218 | E9: 223 | F9: 998 | H9: T8 | I9: 0.24411765 | J9: 0.25118421 | K9: =IFERROR(SUMIFS(S:S,P:P,"*/08/2026")/(SUMIFS(R:R,P:P,"*/08/2026")+SUMIFS(S:S,P:P,"*/08/2026")+SUMIFS(T:T,P:P,"*/08/2026")),"") | L9: =IFERROR(SUMIFS(R:R,P:P,"*/08/2026")/(SUMIFS(R:R,P:P,"*/08/2026")+SUMIFS(S:S,P:P,"*/08/2026")+SUMIFS(T:T,P:P,"*/08/2026")),"") | M9: =IFERROR(SUMIFS(T:T,P:P,"*/08/2026")/(SUMIFS(R:R,P:P,"*/08/2026")+SUMIFS(S:S,P:P,"*/08/2026")+SUMIFS(T:T,P:P,"*/08/2026")),"") | O9: 8 | P9: 05/01/2026 | Q9: CN | R9: 263 | S9: 257 | T9: 919
A10: 9 | B10: 05/06/2026 | C10: CN | D10: 145 | E10: 371 | F10: 922 | H10: T9 | I10: 0.24411765 | J10: 0.25118421 | K10: =IFERROR(SUMIFS(S:S,P:P,"*/09/2026")/(SUMIFS(R:R,P:P,"*/09/2026")+SUMIFS(S:S,P:P,"*/09/2026")+SUMIFS(T:T,P:P,"*/09/2026")),"") | L10: =IFERROR(SUMIFS(R:R,P:P,"*/09/2026")/(SUMIFS(R:R,P:P,"*/09/2026")+SUMIFS(S:S,P:P,"*/09/2026")+SUMIFS(T:T,P:P,"*/09/2026")),"") | M10: =IFERROR(SUMIFS(T:T,P:P,"*/09/2026")/(SUMIFS(R:R,P:P,"*/09/2026")+SUMIFS(S:S,P:P,"*/09/2026")+SUMIFS(T:T,P:P,"*/09/2026")),"") | O10: 9 | P10: 05/01/2026 | Q10: CD | R10: 319 | S10: 228 | T10: 873
A11: 10 | B11: 05/06/2026 | C11: CD | D11: 226 | E11: 212 | F11: 1000 | H11: T10 | I11: 0.24411765 | J11: 0.25118421 | K11: =IFERROR(SUMIFS(S:S,P:P,"*/10/2026")/(SUMIFS(R:R,P:P,"*/10/2026")+SUMIFS(S:S,P:P,"*/10/2026")+SUMIFS(T:T,P:P,"*/10/2026")),"") | L11: =IFERROR(SUMIFS(R:R,P:P,"*/10/2026")/(SUMIFS(R:R,P:P,"*/10/2026")+SUMIFS(S:S,P:P,"*/10/2026")+SUMIFS(T:T,P:P,"*/10/2026")),"") | M11: =IFERROR(SUMIFS(T:T,P:P,"*/10/2026")/(SUMIFS(R:R,P:P,"*/10/2026")+SUMIFS(S:S,P:P,"*/10/2026")+SUMIFS(T:T,P:P,"*/10/2026")),"") | O11: 10 | P11: 06/01/2026 | Q11: CN | R11: 283 | S11: 293 | T11: 862
A12: 11 | B12: 06/06/2026 | C12: CN | D12: 192 | E12: 301 | F12: 945 | H12: T11 | I12: 0.24411765 | J12: 0.25118421 | K12: =IFERROR(SUMIFS(S:S,P:P,"*/11/2026")/(SUMIFS(R:R,P:P,"*/11/2026")+SUMIFS(S:S,P:P,"*/11/2026")+SUMIFS(T:T,P:P,"*/11/2026")),"") | L12: =IFERROR(SUMIFS(R:R,P:P,"*/11/2026")/(SUMIFS(R:R,P:P,"*/11/2026")+SUMIFS(S:S,P:P,"*/11/2026")+SUMIFS(T:T,P:P,"*/11/2026")),"") | M12: =IFERROR(SUMIFS(T:T,P:P,"*/11/2026")/(SUMIFS(R:R,P:P,"*/11/2026")+SUMIFS(S:S,P:P,"*/11/2026")+SUMIFS(T:T,P:P,"*/11/2026")),"") | O12: 11 | P12: 06/01/2026 | Q12: CD | R12: 336 | S12: 292 | T12: 808
A13: 12 | B13: 06/06/2026 | C13: CD | D13: 424 | E13: 519 | F13: 495 | H13: T12 | I13: 0.24411765 | J13: 0.25118421 | K13: =IFERROR(SUMIFS(S:S,P:P,"*/12/2026")/(SUMIFS(R:R,P:P,"*/12/2026")+SUMIFS(S:S,P:P,"*/12/2026")+SUMIFS(T:T,P:P,"*/12/2026")),"") | L13: =IFERROR(SUMIFS(R:R,P:P,"*/12/2026")/(SUMIFS(R:R,P:P,"*/12/2026")+SUMIFS(S:S,P:P,"*/12/2026")+SUMIFS(T:T,P:P,"*/12/2026")),"") | M13: =IFERROR(SUMIFS(T:T,P:P,"*/12/2026")/(SUMIFS(R:R,P:P,"*/12/2026")+SUMIFS(S:S,P:P,"*/12/2026")+SUMIFS(T:T,P:P,"*/12/2026")),"") | O13: 12 | P13: 07/01/2026 | Q13: CN | R13: 80 | S13: 51 | T13: 1308
A14: 13 | B14: 07/06/2026 | C14: CN | D14: 0 | E14: 0 | F14: 1440 | H14: =IF(B2="","",TEXT(B2,"dd/mm")& "-" &IF(UPPER(TRIM(C2))="CN",1,IF(UPPER(TRIM(C2))="CD",2,""))) -> 01/06-1 | I14: 0.24411765 | J14: 0.25118421 | K14: =IFERROR($E2/SUM($D2:$F2),"") -> 0.24756606 | L14: =IFERROR($D2/SUM($D2:$F2),"") -> 0.11126565 | M14: =IFERROR($F2/SUM($D2:$F2),"") -> 0.64116829 | O14: 13 | P14: 07/01/2026 | Q14: CD | R14: 0 | S14: 0 | T14: 1440
A15: 14 | B15: 07/06/2026 | C15: CD | D15: 0 | E15: 0 | F15: 1440 | H15: =IF(B3="","",TEXT(B3,"dd/mm") & "-" & IF(UPPER(TRIM(C3))="CN",1,IF(UPPER(TRIM(C3))="CD",2,""))) -> 01/06-2 | I15: 0.24411765 | J15: 0.25118421 | K15: =IFERROR($E3/SUM($D3:$F3),"") -> 0.19916724 | L15: =IFERROR($D3/SUM($D3:$F3),"") -> 0.11172797 | M15: =IFERROR($F3/SUM($D3:$F3),"") -> 0.68910479 | O15: 14 | P15: 08/01/2026 | Q15: CN | R15: 278 | S15: 298 | T15: 861
A16: 15 | B16: 08/06/2026 | C16: CN | D16: 231 | E16: 285 | F16: 923 | H16: =IF(B4="","",TEXT(B4,"dd/mm") & "-" & IF(UPPER(TRIM(C4))="CN",1,IF(UPPER(TRIM(C4))="CD",2,""))) -> 02/06-1 | I16: 0.24411765 | J16: 0.25118421 | K16: =IFERROR($E4/SUM($D4:$F4),"") -> 0.19471488 | L16: =IFERROR($D4/SUM($D4:$F4),"") -> 0.16411683 | M16: =IFERROR($F4/SUM($D4:$F4),"") -> 0.64116829 | O16: 15 | P16: 08/01/2026 | Q16: CD | R16: 313 | S16: 320 | T16: 805
A17: 16 | B17: 08/06/2026 | C17: CD | D17: 151 | E17: 404 | F17: 884 | H17: =IF(B5="","",TEXT(B5,"dd/mm") & "-" & IF(UPPER(TRIM(C5))="CN",1,IF(UPPER(TRIM(C5))="CD",2,""))) -> 02/06-2 | I17: 0.24411765 | J17: 0.25118421 | K17: =IFERROR($E5/SUM($D5:$F5),"") -> 0.1438499 | L17: =IFERROR($D5/SUM($D5:$F5),"") -> 0.16052814 | M17: =IFERROR($F5/SUM($D5:$F5),"") -> 0.69562196 | O17: 16 | P17: 09/01/2026 | Q17: CN | R17: 292 | S17: 279 | T17: 867
A18: 17 | B18: 09/06/2026 | C18: CN | D18: 207 | E18: 308 | F18: 924 | H18: =IF(B6="","",TEXT(B6,"dd/mm") & "-" & IF(UPPER(TRIM(C6))="CN",1,IF(UPPER(TRIM(C6))="CD",2,""))) -> 03/06-1 | I18: 0.24411765 | J18: 0.25118421 | K18: =IFERROR($E6/SUM($D6:$F6),"") -> 0.19401947 | L18: =IFERROR($D6/SUM($D6:$F6),"") -> 0.16411683 | M18: =IFERROR($F6/SUM($D6:$F6),"") -> 0.6418637 | O18: 17 | P18: 09/01/2026 | Q18: CD | R18: 270 | S18: 358 | T18: 809
A19: 18 | B19: 09/06/2026 | C19: CD | D19: 158 | E19: 395 | F19: 885 | H19: =IF(B7="","",TEXT(B7,"dd/mm") & "-" & IF(UPPER(TRIM(C7))="CN",1,IF(UPPER(TRIM(C7))="CD",2,""))) -> 03/06-2 | I19: 0.24411765 | J19: 0.25118421 | K19: =IFERROR($E7/SUM($D7:$F7),"") -> 0.18485059 | L19: =IFERROR($D7/SUM($D7:$F7),"") -> 0.1209173 | M19: =IFERROR($F7/SUM($D7:$F7),"") -> 0.69423211 | O19: 18 | P19: 10/01/2026 | Q19: CN | R19: 216 | S19: 264 | T19: 959
A20: 19 | B20: 10/06/2026 | C20: CN | D20: 189 | E20: 318 | F20: 931 | H20: =IF(B8="","",TEXT(B8,"dd/mm") & "-" & IF(UPPER(TRIM(C8))="CN",1,IF(UPPER(TRIM(C8))="CD",2,""))) -> 04/06-1 | I20: 0.24411765 | J20: 0.25118421 | K20: =IFERROR($E8/SUM($D8:$F8),"") -> 0.20653686 | L20: =IFERROR($D8/SUM($D8:$F8),"") -> 0.15229485 | M20: =IFERROR($F8/SUM($D8:$F8),"") -> 0.64116829 | O20: 19 | P20: 10/01/2026 | Q20: CD | R20: 0 | S20: 0 | T20: 1440
A21: 20 | B21: 10/06/2026 | C21: CD | D21: 151 | E21: 345 | F21: 943 | H21: =IF(B9="","",TEXT(B9,"dd/mm") & "-" & IF(UPPER(TRIM(C9))="CN",1,IF(UPPER(TRIM(C9))="CD",2,""))) -> 04/06-2 | I21: 0.24411765 | J21: 0.25118421 | K21: =IFERROR($E9/SUM($D9:$F9),"") -> 0.15496873 | L21: =IFERROR($D9/SUM($D9:$F9),"") -> 0.15149409 | M21: =IFERROR($F9/SUM($D9:$F9),"") -> 0.69353718 | O21: 20 | P21: 11/01/2026 | Q21: CN | R21: 0 | S21: 0 | T21: 1440
A22: 21 | B22: 11/06/2026 | C22: CN | D22: 181 | E22: 335 | F22: 922 | H22: =IF(B10="","",TEXT(B10,"dd/mm") & "-" & IF(UPPER(TRIM(C10))="CN",1,IF(UPPER(TRIM(C10))="CD",2,""))) -> 05/06-1 | I22: 0.24411765 | J22: 0.25118421 | K22: =IFERROR($E10/SUM($D10:$F10),"") -> 0.25799722 | L22: =IFERROR($D10/SUM($D10:$F10),"") -> 0.10083449 | M22: =IFERROR($F10/SUM($D10:$F10),"") -> 0.64116829 | O22: 21 | P22: 11/01/2026 | Q22: CD | R22: 0 | S22: 0 | T22: 1440
A23: 22 | B23: 11/06/2026 | C23: CD | D23: 210 | E23: 345 | F23: 883 | H23: =IF(B11="","",TEXT(B11,"dd/mm") & "-" & IF(UPPER(TRIM(C11))="CN",1,IF(UPPER(TRIM(C11))="CD",2,""))) -> 05/06-2 | I23: 0.24411765 | J23: 0.25118421 | K23: =IFERROR($E11/SUM($D11:$F11),"") -> 0.14742698 | L23: =IFERROR($D11/SUM($D11:$F11),"") -> 0.15716273 | M23: =IFERROR($F11/SUM($D11:$F11),"") -> 0.69541029 | O23: 22 | P23: 12/01/2026 | Q23: CN | R23: 346 | S23: 189 | T23: 900
A24: 23 | B24: 12/06/2026 | C24: CN | D24: 226 | E24: 289 | F24: 923 | H24: =IF(B12="","",TEXT(B12,"dd/mm") & "-" & IF(UPPER(TRIM(C12))="CN",1,IF(UPPER(TRIM(C12))="CD",2,""))) -> 06/06-1 | I24: 0.24411765 | J24: 0.25118421 | K24: =IFERROR($E12/SUM($D12:$F12),"") -> 0.2093185 | L24: =IFERROR($D12/SUM($D12:$F12),"") -> 0.13351878 | M24: =IFERROR($F12/SUM($D12:$F12),"") -> 0.65716273 | O24: 23 | P24: 12/01/2026 | Q24: CD | R24: 618 | S24: 340 | T24: 479
A25: 24 | B25: 12/06/2026 | C25: CD | D25: 159 | E25: 397 | F25: 883 | H25: =IF(B13="","",TEXT(B13,"dd/mm") & "-" & IF(UPPER(TRIM(C13))="CN",1,IF(UPPER(TRIM(C13))="CD",2,""))) -> 06/06-2 | I25: 0.24411765 | J25: 0.25118421 | K25: =IFERROR($E13/SUM($D13:$F13),"") -> 0.36091794 | L25: =IFERROR($D13/SUM($D13:$F13),"") -> 0.29485396 | M25: =IFERROR($F13/SUM($D13:$F13),"") -> 0.34422809 | O25: 24 | P25: 13/01/2026 | Q25: CN | R25: 300 | S25: 271 | T25: 863
A26: 25 | B26: 13/06/2026 | C26: CN | D26: 201 | E26: 299 | F26: 937 | H26: =IF(B14="","",TEXT(B14,"dd/mm") & "-" & IF(UPPER(TRIM(C14))="CN",1,IF(UPPER(TRIM(C14))="CD",2,""))) -> 07/06-1 | I26: 0.24411765 | J26: 0.25118421 | K26: =IFERROR($E14/SUM($D14:$F14),"") -> 0 | L26: =IFERROR($D14/SUM($D14:$F14),"") -> 0 | M26: =IFERROR($F14/SUM($D14:$F14),"") -> 1 | O26: 25 | P26: 13/01/2026 | Q26: CD | R26: 251 | S26: 374 | T26: 813
H27: =IF(B15="","",TEXT(B15,"dd/mm") & "-" & IF(UPPER(TRIM(C15))="CN",1,IF(UPPER(TRIM(C15))="CD",2,""))) -> 07/06-2 | I27: 0.24411765 | J27: 0.25118421 | K27: =IFERROR($E15/SUM($D15:$F15),"") -> 0 | L27: =IFERROR($D15/SUM($D15:$F15),"") -> 0 | M27: =IFERROR($F15/SUM($D15:$F15),"") -> 1 | O27: 26 | P27: 14/01/2026 | Q27: CN | R27: 356 | S27: 217 | T27: 864
H28: =IF(B16="","",TEXT(B16,"dd/mm") & "-" & IF(UPPER(TRIM(C16))="CN",1,IF(UPPER(TRIM(C16))="CD",2,""))) -> 08/06-1 | I28: 0.24411765 | J28: 0.25118421 | K28: =IFERROR($E16/SUM($D16:$F16),"") -> 0.1980542 | L28: =IFERROR($D16/SUM($D16:$F16),"") -> 0.16052814 | M28: =IFERROR($F16/SUM($D16:$F16),"") -> 0.64141765 | O28: 27 | P28: 14/01/2026 | Q28: CD | R28: 280 | S28: 344 | T28: 813
H29: =IF(B17="","",TEXT(B17,"dd/mm") & "-" & IF(UPPER(TRIM(C17))="CN",1,IF(UPPER(TRIM(C17))="CD",2,""))) -> 08/06-2 | I29: 0.24411765 | J29: 0.25118421 | K29: =IFERROR($E17/SUM($D17:$F17),"") -> 0.28075052 | L29: =IFERROR($D17/SUM($D17:$F17),"") -> 0.10493398 | M29: =IFERROR($F17/SUM($D17:$F17),"") -> 0.6143155 | O29: 28 | P29: 15/01/2026 | Q29: CN | R29: 23 | S29: 38 | T29: 1378
H30: =IF(B18="","",TEXT(B18,"dd/mm") & "-" & IF(UPPER(TRIM(C18))="CN",1,IF(UPPER(TRIM(C18))="CD",2,""))) -> 09/06-1 | I30: 0.24411765 | J30: 0.25118421 | K30: =IFERROR($E18/SUM($D18:$F18),"") -> 0.21403753 | L30: =IFERROR($D18/SUM($D18:$F18),"") -> 0.1438499 | M30: =IFERROR($F18/SUM($D18:$F18),"") -> 0.64211258 | O30: 29 | P30: 15/01/2026 | Q30: CD | R30: 249 | S30: 316 | T30: 873
H31: =IF(B19="","",TEXT(B19,"dd/mm") & "-" & IF(UPPER(TRIM(C19))="CN",1,IF(UPPER(TRIM(C19))="CD",2,""))) -> 09/06-2 | I31: 0.24411765 | J31: 0.25118421 | K31: =IFERROR($E19/SUM($D19:$F19),"") -> 0.27468707 | L31: =IFERROR($D19/SUM($D19:$F19),"") -> 0.10987483 | M31: =IFERROR($F19/SUM($D19:$F19),"") -> 0.61543811 | O31: 30 | P31: 16/01/2026 | Q31: CN | R31: 286 | S31: 290 | T31: 862
H32: =IF(B20="","",TEXT(B20,"dd/mm") & "-" & IF(UPPER(TRIM(C20))="CN",1,IF(UPPER(TRIM(C20))="CD",2,""))) -> 10/06-1 | I32: 0.24411765 | J32: 0.25118421 | K32: =IFERROR($E20/SUM($D20:$F20),"") -> 0.22114047 | L32: =IFERROR($D20/SUM($D20:$F20),"") -> 0.13143255 | M32: =IFERROR($F20/SUM($D20:$F20),"") -> 0.64742698 | O32: 31 | P32: 16/01/2026 | Q32: CD | R32: 207 | S32: 311 | T32: 919
H33: =IF(B21="","",TEXT(B21,"dd/mm") & "-" & IF(UPPER(TRIM(C21))="CN",1,IF(UPPER(TRIM(C21))="CD",2,""))) -> 10/06-2 | I33: 0.24411765 | J33: 0.25118421 | K33: =IFERROR($E21/SUM($D21:$F21),"") -> 0.23974983 | L33: =IFERROR($D21/SUM($D21:$F21),"") -> 0.10493398 | M33: =IFERROR($F21/SUM($D21:$F21),"") -> 0.65531619 | O33: 32 | P33: 17/01/2026 | Q33: CN | R33: 268 | S33: 249 | T33: 920
H34: =IF(B22="","",TEXT(B22,"dd/mm") & "-" & IF(UPPER(TRIM(C22))="CN",1,IF(UPPER(TRIM(C22))="CD",2,""))) -> 11/06-1 | I34: 0.24411765 | J34: 0.25118421 | K34: =IFERROR($E22/SUM($D22:$F22),"") -> 0.23296245 | L34: =IFERROR($D22/SUM($D22:$F22),"") -> 0.12586926 | M34: =IFERROR($F22/SUM($D22:$F22),"") -> 0.64116829 | O34: 33 | P34: 17/01/2026 | Q34: CD | R34: 243 | S34: 293 | T34: 902
H35: =IF(B23="","",TEXT(B23,"dd/mm") & "-" & IF(UPPER(TRIM(C23))="CN",1,IF(UPPER(TRIM(C23))="CD",2,""))) -> 11/06-2 | I35: 0.24411765 | J35: 0.25118421 | K35: =IFERROR($E23/SUM($D23:$F23),"") -> 0.23991655 | L35: =IFERROR($D23/SUM($D23:$F23),"") -> 0.14603616 | M35: =IFERROR($F23/SUM($D23:$F23),"") -> 0.61404729 | O35: 34 | P35: 18/01/2026 | Q35: CN | R35: 0 | S35: 0 | T35: 1440
H36: =IF(B24="","",TEXT(B24,"dd/mm") & "-" & IF(UPPER(TRIM(C24))="CN",1,IF(UPPER(TRIM(C24))="CD",2,""))) -> 12/06-1 | I36: 0.24411765 | J36: 0.25118421 | K36: =IFERROR($E24/SUM($D24:$F24),"") -> 0.20097357 | L36: =IFERROR($D24/SUM($D24:$F24),"") -> 0.15716273 | M36: =IFERROR($F24/SUM($D24:$F24),"") -> 0.6418637 | O36: 35 | P36: 18/01/2026 | Q36: CD | R36: 0 | S36: 0 | T36: 1440
H37: =IF(B25="","",TEXT(B25,"dd/mm") & "-" & IF(UPPER(TRIM(C25))="CN",1,IF(UPPER(TRIM(C25))="CD",2,""))) -> 12/06-2 | I37: 0.24411765 | J37: 0.25118421 | K37: =IFERROR($E25/SUM($D25:$F25),"") -> 0.27588603 | L37: =IFERROR($D25/SUM($D25:$F25),"") -> 0.1104934 | M37: =IFERROR($F25/SUM($D25:$F25),"") -> 0.61362057 | O37: 36 | P37: 19/01/2026 | Q37: CN | R37: 301 | S37: 276 | T37: 861
H38: =IF(B26="","",TEXT(B26,"dd/mm") & "-" & IF(UPPER(TRIM(C26))="CN",1,IF(UPPER(TRIM(C26))="CD",2,""))) -> 13/06-1 | I38: 0.24411765 | J38: 0.25118421 | K38: =IFERROR($E26/SUM($D26:$F26),"") -> 0.20807237 | L38: =IFERROR($D26/SUM($D26:$F26),"") -> 0.13987474 | M38: =IFERROR($F26/SUM($D26:$F26),"") -> 0.65205289 | O38: 37 | P38: 19/01/2026 | Q38: CD | R38: 410 | S38: 340 | T38: 687
H39: =IF(B27="","",TEXT(B27,"dd/mm") & "-" & IF(UPPER(TRIM(C27))="CN",1,IF(UPPER(TRIM(C27))="CD",2,""))) | K39: =IFERROR($E27/SUM($D27:$F27),"") | L39: =IFERROR($D27/SUM($D27:$F27),"") | M39: =IFERROR($F27/SUM($D27:$F27),"") | O39: 38 | P39: 20/01/2026 | Q39: CN | R39: 277 | S39: 302 | T39: 859
H40: =IF(B28="","",TEXT(B28,"dd/mm") & "-" & IF(UPPER(TRIM(C28))="CN",1,IF(UPPER(TRIM(C28))="CD",2,""))) | K40: =IFERROR($E28/SUM($D28:$F28),"") | L40: =IFERROR($D28/SUM($D28:$F28),"") | M40: =IFERROR($F28/SUM($D28:$F28),"") | O40: 39 | P40: 20/01/2026 | Q40: CD | R40: 236 | S40: 320 | T40: 881
H41: =IF(B29="","",TEXT(B29,"dd/mm") & "-" & IF(UPPER(TRIM(C29))="CN",1,IF(UPPER(TRIM(C29))="CD",2,""))) | K41: =IFERROR($E29/SUM($D29:$F29),"") | L41: =IFERROR($D29/SUM($D29:$F29),"") | M41: =IFERROR($F29/SUM($D29:$F29),"") | O41: 40 | P41: 21/01/2026 | Q41: CN | R41: 306 | S41: 272 | T41: 859
H42: =IF(B30="","",TEXT(B30,"dd/mm") & "-" & IF(UPPER(TRIM(C30))="CN",1,IF(UPPER(TRIM(C30))="CD",2,""))) | K42: =IFERROR($E30/SUM($D30:$F30),"") | L42: =IFERROR($D30/SUM($D30:$F30),"") | M42: =IFERROR($F30/SUM($D30:$F30),"") | O42: 41 | P42: 21/01/2026 | Q42: CD | R42: 314 | S42: 310 | T42: 813
H43: =IF(B31="","",TEXT(B31,"dd/mm") & "-" & IF(UPPER(TRIM(C31))="CN",1,IF(UPPER(TRIM(C31))="CD",2,""))) | K43: =IFERROR($E31/SUM($D31:$F31),"") | L43: =IFERROR($D31/SUM($D31:$F31),"") | M43: =IFERROR($F31/SUM($D31:$F31),"") | O43: 42 | P43: 22/01/2026 | Q43: CN | R43: 274 | S43: 297 | T43: 867
H44: =IF(B32="","",TEXT(B32,"dd/mm") & "-" & IF(UPPER(TRIM(C32))="CN",1,IF(UPPER(TRIM(C32))="CD",2,""))) | K44: =IFERROR($E32/SUM($D32:$F32),"") | L44: =IFERROR($D32/SUM($D32:$F32),"") | M44: =IFERROR($F32/SUM($D32:$F32),"") | O44: 43 | P44: 22/01/2026 | Q44: CD | R44: 300 | S44: 321 | T44: 816
H45: =IF(B33="","",TEXT(B33,"dd/mm") & "-" & IF(UPPER(TRIM(C33))="CN",1,IF(UPPER(TRIM(C33))="CD",2,""))) | K45: =IFERROR($E33/SUM($D33:$F33),"") | L45: =IFERROR($D33/SUM($D33:$F33),"") | M45: =IFERROR($F33/SUM($D33:$F33),"") | O45: 44 | P45: 23/01/2026 | Q45: CN | R45: 253 | S45: 323 | T45: 860
H46: =IF(B34="","",TEXT(B34,"dd/mm") & "-" & IF(UPPER(TRIM(C34))="CN",1,IF(UPPER(TRIM(C34))="CD",2,""))) | K46: =IFERROR($E34/SUM($D34:$F34),"") | L46: =IFERROR($D34/SUM($D34:$F34),"") | M46: =IFERROR($F34/SUM($D34:$F34),"") | O46: 45 | P46: 23/01/2026 | Q46: CD | R46: 294 | S46: 325 | T46: 819
H47: =IF(B35="","",TEXT(B35,"dd/mm") & "-" & IF(UPPER(TRIM(C35))="CN",1,IF(UPPER(TRIM(C35))="CD",2,""))) | K47: =IFERROR($E35/SUM($D35:$F35),"") | L47: =IFERROR($D35/SUM($D35:$F35),"") | M47: =IFERROR($F35/SUM($D35:$F35),"") | O47: 46 | P47: 24/01/2026 | Q47: CN | R47: 266 | S47: 217 | T47: 956
H48: =IF(B36="","",TEXT(B36,"dd/mm") & "-" & IF(UPPER(TRIM(C36))="CN",1,IF(UPPER(TRIM(C36))="CD",2,""))) | K48: =IFERROR($E36/SUM($D36:$F36),"") | L48: =IFERROR($D36/SUM($D36:$F36),"") | M48: =IFERROR($F36/SUM($D36:$F36),"") | O48: 47 | P48: 24/01/2026 | Q48: CD | R48: 198 | S48: 265 | T48: 975
H49: =IF(B37="","",TEXT(B37,"dd/mm") & "-" & IF(UPPER(TRIM(C37))="CN",1,IF(UPPER(TRIM(C37))="CD",2,""))) | K49: =IFERROR($E37/SUM($D37:$F37),"") | L49: =IFERROR($D37/SUM($D37:$F37),"") | M49: =IFERROR($F37/SUM($D37:$F37),"") | O49: 48 | P49: 25/01/2026 | Q49: CN | R49: 163 | S49: 321 | T49: 954
H50: =IF(B38="","",TEXT(B38,"dd/mm") & "-" & IF(UPPER(TRIM(C38))="CN",1,IF(UPPER(TRIM(C38))="CD",2,""))) | K50: =IFERROR($E38/SUM($D38:$F38),"") | L50: =IFERROR($D38/SUM($D38:$F38),"") | M50: =IFERROR($F38/SUM($D38:$F38),"") | O50: 49 | P50: 25/01/2026 | Q50: CD | R50: 0 | S50: 0 | T50: 1440
... H75: =IF(B63="","",TEXT(B63,"dd/mm") & "-" & IF(UPPER(TRIM(C63))="CN",1,IF(UPPER(TRIM(C63))="CD",2,""))) | K75: =IFERROR($E63/SUM($D63:$F63),"") | L75: =IFERROR($D63/SUM($D63:$F63),"") | M75: =IFERROR($F63/SUM($D63:$F63),"") | O75: 74 | P75: 07/02/2026 | Q75: CN | R75: 350 | S75: 594 | T75: 492
O76: 75 | P76: 07/02/2026 | Q76: CD | R76: 230 | S76: 246 | T76: 963
O77: 76 | P77: 08/02/2026 | Q77: CN | R77: 0 | S77: 0 | T77: 1440
O78: 77 | P78: 08/02/2026 | Q78: CD | R78: 0 | S78: 0 | T78: 1441
O79: 78 | P79: 09/02/2026 | Q79: CN | R79: 362 | S79: 220 | T79: 853
O80: 79 | P80: 09/02/2026 | Q80: CD | R80: 287 | S80: 331 | T80: 818
O81: 80 | P81: 10/02/2026 | Q81: CN | R81: 322 | S81: 253 | T81: 862
O82: 81 | P82: 10/02/2026 | Q82: CD | R82: 260 | S82: 352 | T82: 825
O83: 82 | P83: 11/02/2026 | Q83: CN | R83: 226 | S83: 352 | T83: 859
O84: 83 | P84: 11/02/2026 | Q84: CD | R84: 275 | S84: 357 | T84: 804
O85: 84 | P85: 12/02/2026 | Q85: CN | R85: 304 | S85: 209 | T85: 926
O86: 85 | P86: 12/02/2026 | Q86: CD | R86: 232 | S86: 330 | T86: 876
O87: 86 | P87: 13/02/2026 | Q87: CN | R87: 272 | S87: 240 | T87: 925
... O326: 325 | P326: 13/06/2026 | Q326: CN | R326: 201 | S326: 299 | T326: 937

Sheet LN
A1: ID | B1: Ngày tháng | C1: Ca làm việc | D1: Thời gian hoạt động không tải (phút) | E1: Thời gian hoạt động có tải (phút) | F1: Thời gian tắt máy (phút) | H1: Ngày - Ca | I1: Mục Tiêu C1 | J1: Mục Tiêu C2 | K1: % Có Tải | L1: % Không Tải | M1: % Tắt Máy
A2: 1 | B2: 01/06/2026 | C2: CN | D2: 220 | E2: 813 | F2: 402 | H2: T1 | I2: 0.83294118 | J2: 0.81978947 | K2: =IFERROR(SUMIFS(S:S,P:P,"*/01/2026")/(SUMIFS(R:R,P:P,"*/01/2026")+SUMIFS(S:S,P:P,"*/01/2026")+SUMIFS(T:T,P:P,"*/01/2026")),"") -> 0.50528802 | L2: =IFERROR(SUMIFS(R:R,P:P,"*/01/2026")/(SUMIFS(R:R,P:P,"*/01/2026")+SUMIFS(S:S,P:P,"*/01/2026")+SUMIFS(T:T,P:P,"*/01/2026")),"") -> 0.16860636 | M2: =IFERROR(SUMIFS(T:T,P:P,"*/01/2026")/(SUMIFS(R:R,P:P,"*/01/2026")+SUMIFS(S:S,P:P,"*/01/2026")+SUMIFS(T:T,P:P,"*/01/2026")),"") -> 0.32610562 | O2: 1 | P2: 01/01/2026 | Q2: CN | R2: 0 | S2: 0 | T2: 1440
A3: 2 | B3: 01/06/2026 | C3: CD | D3: 117 | E3: 1005 | F3: 315 | H3: T2 | I3: 0.83294118 | J3: 0.81978947 | K3: =IFERROR(SUMIFS(S:S,P:P,"*/02/2026")/(SUMIFS(R:R,P:P,"*/02/2026")+SUMIFS(S:S,P:P,"*/02/2026")+SUMIFS(T:T,P:P,"*/02/2026")),"") -> 0.38390505 | L3: =IFERROR(SUMIFS(R:R,P:P,"*/02/2026")/(SUMIFS(R:R,P:P,"*/02/2026")+SUMIFS(S:S,P:P,"*/02/2026")+SUMIFS(T:T,P:P,"*/02/2026")),"") -> 0.15042257 | M3: =IFERROR(SUMIFS(T:T,P:P,"*/02/2026")/(SUMIFS(R:R,P:P,"*/02/2026")+SUMIFS(S:S,P:P,"*/02/2026")+SUMIFS(T:T,P:P,"*/02/2026")),"") -> 0.46567238 | O3: 2 | P3: 01/01/2026 | Q3: CD | R3: 57 | S3: 84 | T3: 1297
A4: 3 | B4: 02/06/2026 | C4: CN | D4: 167 | E4: 868 | F4: 400 | H4: T3 | I4: 0.83294118 | J4: 0.81978947 | K4: =IFERROR(SUMIFS(S:S,P:P,"*/03/2026")/(SUMIFS(R:R,P:P,"*/03/2026")+SUMIFS(S:S,P:P,"*/03/2026")+SUMIFS(T:T,P:P,"*/03/2026")),"") -> 0.54705923 | L4: =IFERROR(SUMIFS(R:R,P:P,"*/03/2026")/(SUMIFS(R:R,P:P,"*/03/2026")+SUMIFS(S:S,P:P,"*/03/2026")+SUMIFS(T:T,P:P,"*/03/2026")),"") -> 0.1947935 | M4: =IFERROR(SUMIFS(T:T,P:P,"*/03/2026")/(SUMIFS(R:R,P:P,"*/03/2026")+SUMIFS(S:S,P:P,"*/03/2026")+SUMIFS(T:T,P:P,"*/03/2026")),"") -> 0.25814728 | O4: 3 | P4: 02/01/2026 | Q4: CN | R4: 471 | S4: 963 | T4: 0
A5: 4 | B5: 02/06/2026 | C5: CD | D5: 75 | E5: 1046 | F5: 314 | H5: T4 | I5: 0.83294118 | J5: 0.81978947 | K5: =IFERROR(SUMIFS(S:S,P:P,"*/04/2026")/(SUMIFS(R:R,P:P,"*/04/2026")+SUMIFS(S:S,P:P,"*/04/2026")+SUMIFS(T:T,P:P,"*/04/2026")),"") -> 0.53976046 | L5: =IFERROR(SUMIFS(R:R,P:P,"*/04/2026")/(SUMIFS(R:R,P:P,"*/04/2026")+SUMIFS(S:S,P:P,"*/04/2026")+SUMIFS(T:T,P:P,"*/04/2026")),"") -> 0.18283314 | M5: =IFERROR(SUMIFS(T:T,P:P,"*/04/2026")/(SUMIFS(R:R,P:P,"*/04/2026")+SUMIFS(S:S,P:P,"*/04/2026")+SUMIFS(T:T,P:P,"*/04/2026")),"") -> 0.2774064 | O5: 4 | P5: 02/01/2026 | Q5: CD | R5: 300 | S5: 420 | T5: 714
A6: 5 | B6: 03/06/2026 | C6: CN | D6: 233 | E6: 798 | F6: 403 | H6: T5 | I6: 0.83294118 | J6: 0.81978947 | K6: =IFERROR(SUMIFS(S:S,P:P,"*/05/2026")/(SUMIFS(R:R,P:P,"*/05/2026")+SUMIFS(S:S,P:P,"*/05/2026")+SUMIFS(T:T,P:P,"*/05/2026")),"") -> 0.49896632 | L6: =IFERROR(SUMIFS(R:R,P:P,"*/05/2026")/(SUMIFS(R:R,P:P,"*/05/2026")+SUMIFS(S:S,P:P,"*/05/2026")+SUMIFS(T:T,P:P,"*/05/2026")),"") -> 0.15740096 | M6: =IFERROR(SUMIFS(T:T,P:P,"*/05/2026")/(SUMIFS(R:R,P:P,"*/05/2026")+SUMIFS(S:S,P:P,"*/05/2026")+SUMIFS(T:T,P:P,"*/05/2026")),"") -> 0.34363273 | O6: 5 | P6: 03/01/2026 | Q6: CD | R6: 433 | S6: 1584 | T6: 319
A7: 6 | B7: 03/06/2026 | C7: CD | D7: 159 | E7: 962 | F7: 313 | H7: T6 | I7: 0.83294118 | J7: 0.81978947 | K7: =IFERROR(SUMIFS(S:S,P:P,"*/06/2026")/(SUMIFS(R:R,P:P,"*/06/2026")+SUMIFS(S:S,P:P,"*/06/2026")+SUMIFS(T:T,P:P,"*/06/2026")),"") -> 0.60626323 | L7: =IFERROR(SUMIFS(R:R,P:P,"*/06/2026")/(SUMIFS(R:R,P:P,"*/06/2026")+SUMIFS(S:S,P:P,"*/06/2026")+SUMIFS(T:T,P:P,"*/06/2026")),"") -> 0.17090159 | M7: =IFERROR(SUMIFS(T:T,P:P,"*/06/2026")/(SUMIFS(R:R,P:P,"*/06/2026")+SUMIFS(S:S,P:P,"*/06/2026")+SUMIFS(T:T,P:P,"*/06/2026")),"") -> 0.22283517 | O7: 6 | P7: 04/01/2026 | Q7: CN | R7: 0 | S7: 0 | T7: 1440
A8: 7 | B8: 04/06/2026 | C8: CN | D8: 272 | E8: 765 | F8: 397 | H8: T7 | I8: 0.83294118 | J8: 0.81978947 | K8: =IFERROR(SUMIFS(S:S,P:P,"*/07/2026")/(SUMIFS(R:R,P:P,"*/07/2026")+SUMIFS(S:S,P:P,"*/07/2026")+SUMIFS(T:T,P:P,"*/07/2026")),"") | L8: =IFERROR(SUMIFS(R:R,P:P,"*/07/2026")/(SUMIFS(R:R,P:P,"*/07/2026")+SUMIFS(S:S,P:P,"*/07/2026")+SUMIFS(T:T,P:P,"*/07/2026")),"") | M8: =IFERROR(SUMIFS(T:T,P:P,"*/07/2026")/(SUMIFS(R:R,P:P,"*/07/2026")+SUMIFS(S:S,P:P,"*/07/2026")+SUMIFS(T:T,P:P,"*/07/2026")),"") | O8: 7 | P8: 04/01/2026 | Q8: CD | R8: 0 | S8: 0 | T8: 1440
A9: 8 | B9: 04/06/2026 | C9: CD | D9: 170 | E9: 949 | F9: 315 | H9: T8 | I9: 0.83294118 | J9: 0.81978947 | K9: =IFERROR(SUMIFS(S:S,P:P,"*/08/2026")/(SUMIFS(R:R,P:P,"*/08/2026")+SUMIFS(S:S,P:P,"*/08/2026")+SUMIFS(T:T,P:P,"*/08/2026")),"") | L9: =IFERROR(SUMIFS(R:R,P:P,"*/08/2026")/(SUMIFS(R:R,P:P,"*/08/2026")+SUMIFS(S:S,P:P,"*/08/2026")+SUMIFS(T:T,P:P,"*/08/2026")),"") | M9: =IFERROR(SUMIFS(T:T,P:P,"*/08/2026")/(SUMIFS(R:R,P:P,"*/08/2026")+SUMIFS(S:S,P:P,"*/08/2026")+SUMIFS(T:T,P:P,"*/08/2026")),"") | O9: 8 | P9: 05/01/2026 | Q9: CN | R9: 333 | S9: 702 | T9: 400
A10: 9 | B10: 05/06/2026 | C10: CN | D10: 196 | E10: 840 | F10: 399 | H10: T9 | I10: 0.83294118 | J10: 0.81978947 | K10: =IFERROR(SUMIFS(S:S,P:P,"*/09/2026")/(SUMIFS(R:R,P:P,"*/09/2026")+SUMIFS(S:S,P:P,"*/09/2026")+SUMIFS(T:T,P:P,"*/09/2026")),"") | L10: =IFERROR(SUMIFS(R:R,P:P,"*/09/2026")/(SUMIFS(R:R,P:P,"*/09/2026")+SUMIFS(S:S,P:P,"*/09/2026")+SUMIFS(T:T,P:P,"*/09/2026")),"") | M10: =IFERROR(SUMIFS(T:T,P:P,"*/09/2026")/(SUMIFS(R:R,P:P,"*/09/2026")+SUMIFS(S:S,P:P,"*/09/2026")+SUMIFS(T:T,P:P,"*/09/2026")),"") | O10: 9 | P10: 05/01/2026 | Q10: CD | R10: 291 | S10: 824 | T10: 304
A11: 10 | B11: 05/06/2026 | C11: CD | D11: 331 | E11: 945 | F11: 158 | H11: T10 | I11: 0.83294118 | J11: 0.81978947 | K11: =IFERROR(SUMIFS(S:S,P:P,"*/10/2026")/(SUMIFS(R:R,P:P,"*/10/2026")+SUMIFS(S:S,P:P,"*/10/2026")+SUMIFS(T:T,P:P,"*/10/2026")),"") | L11: =IFERROR(SUMIFS(R:R,P:P,"*/10/2026")/(SUMIFS(R:R,P:P,"*/10/2026")+SUMIFS(S:S,P:P,"*/10/2026")+SUMIFS(T:T,P:P,"*/10/2026")),"") | M11: =IFERROR(SUMIFS(T:T,P:P,"*/10/2026")/(SUMIFS(R:R,P:P,"*/10/2026")+SUMIFS(S:S,P:P,"*/10/2026")+SUMIFS(T:T,P:P,"*/10/2026")),"") | O11: 10 | P11: 06/01/2026 | Q11: CN | R11: 217 | S11: 804 | T11: 414
A12: 11 | B12: 06/06/2026 | C12: CN | D12: 492 | E12: 715 | F12: 229 | H12: T11 | I12: 0.83294118 | J12: 0.81978947 | K12: =IFERROR(SUMIFS(S:S,P:P,"*/11/2026")/(SUMIFS(R:R,P:P,"*/11/2026")+SUMIFS(S:S,P:P,"*/11/2026")+SUMIFS(T:T,P:P,"*/11/2026")),"") | L12: =IFERROR(SUMIFS(R:R,P:P,"*/11/2026")/(SUMIFS(R:R,P:P,"*/11/2026")+SUMIFS(S:S,P:P,"*/11/2026")+SUMIFS(T:T,P:P,"*/11/2026")),"") | M12: =IFERROR(SUMIFS(T:T,P:P,"*/11/2026")/(SUMIFS(R:R,P:P,"*/11/2026")+SUMIFS(S:S,P:P,"*/11/2026")+SUMIFS(T:T,P:P,"*/11/2026")),"") | O12: 11 | P12: 06/01/2026 | Q12: CD | R12: 283 | S12: 850 | T12: 303
A13: 12 | B13: 06/06/2026 | C13: CD | D13: 156 | E13: 785 | F13: 496 | H13: T12 | I13: 0.83294118 | J13: 0.81978947 | K13: =IFERROR(SUMIFS(S:S,P:P,"*/12/2026")/(SUMIFS(R:R,P:P,"*/12/2026")+SUMIFS(S:S,P:P,"*/12/2026")+SUMIFS(T:T,P:P,"*/12/2026")),"") | L13: =IFERROR(SUMIFS(R:R,P:P,"*/12/2026")/(SUMIFS(R:R,P:P,"*/12/2026")+SUMIFS(S:S,P:P,"*/12/2026")+SUMIFS(T:T,P:P,"*/12/2026")),"") | M13: =IFERROR(SUMIFS(T:T,P:P,"*/12/2026")/(SUMIFS(R:R,P:P,"*/12/2026")+SUMIFS(S:S,P:P,"*/12/2026")+SUMIFS(T:T,P:P,"*/12/2026")),"") | O13: 12 | P13: 07/01/2026 | Q13: CN | R13: 81 | S13: 181 | T13: 1178
A14: 13 | B14: 07/06/2026 | C14: CN | D14: 172 | E14: 787 | F14: 475 | H14: =IF(B2="","",TEXT(B2,"dd/mm")& "-" &IF(UPPER(TRIM(C2))="CN",1,IF(UPPER(TRIM(C2))="CD",2,""))) -> 01/06-1 | I14: 0.83294118 | J14: 0.81978947 | K14: =IFERROR($E2/SUM($D2:$F2),"") -> 0.56655052 | L14: =IFERROR($D2/SUM($D2:$F2),"") -> 0.1533101 | M14: =IFERROR($F2/SUM($D2:$F2),"") -> 0.28013937 | O14: 13 | P14: 07/01/2026 | Q14: CD | R14: 0 | S14: 0 | T14: 1440
A15: 14 | B15: 07/06/2026 | C15: CD | D15: 0 | E15: 0 | F15: 1440 | H15: =IF(B3="","",TEXT(B3,"dd/mm") & "-" & IF(UPPER(TRIM(C3))="CN",1,IF(UPPER(TRIM(C3))="CD",2,""))) -> 01/06-2 | I15: 0.83294118 | J15: 0.81978947 | K15: =IFERROR($E3/SUM($D3:$F3),"") -> 0.6993737 | L15: =IFERROR($D3/SUM($D3:$F3),"") -> 0.081419624 | M15: =IFERROR($F3/SUM($D3:$F3),"") -> 0.21920668 | O15: 14 | P15: 08/01/2026 | Q15: CN | R15: 401 | S15: 618 | T15: 418
A16: 15 | B16: 08/06/2026 | C16: CN | D16: 161 | E16: 872 | F16: 403 | H16: =IF(B4="","",TEXT(B4,"dd/mm") & "-" & IF(UPPER(TRIM(C4))="CN",1,IF(UPPER(TRIM(C4))="CD",2,""))) -> 02/06-1 | I16: 0.83294118 | J16: 0.81978947 | K16: =IFERROR($E4/SUM($D4:$F4),"") -> 0.60487805 | L16: =IFERROR($D4/SUM($D4:$F4),"") -> 0.11637631 | M16: =IFERROR($F4/SUM($D4:$F4),"") -> 0.27874564 | O16: 15 | P16: 08/01/2026 | Q16: CD | R16: 413 | S16: 722 | T16: 300
A17: 16 | B17: 08/06/2026 | C17: CD | D17: 276 | E17: 1002 | F17: 160 | H17: =IF(B5="","",TEXT(B5,"dd/mm") & "-" & IF(UPPER(TRIM(C5))="CN",1,IF(UPPER(TRIM(C5))="CD",2,""))) -> 02/06-2 | I17: 0.83294118 | J17: 0.81978947 | K17: =IFERROR($E5/SUM($D5:$F5),"") -> 0.72891986 | L17: =IFERROR($D5/SUM($D5:$F5),"") -> 0.052264808 | M17: =IFERROR($F5/SUM($D5:$F5),"") -> 0.21881533 | O17: 16 | P17: 09/01/2026 | Q17: CN | R17: 478 | S17: 540 | T17: 417
A18: 17 | B18: 09/06/2026 | C18: CN | D18: 459 | E18: 774 | F18: 203 | H18: =IF(B6="","",TEXT(B6,"dd/mm") & "-" & IF(UPPER(TRIM(C6))="CN",1,IF(UPPER(TRIM(C6))="CD",2,""))) -> 03/06-1 | I18: 0.83294118 | J18: 0.81978947 | K18: =IFERROR($E6/SUM($D6:$F6),"") -> 0.55648536 | L18: =IFERROR($D6/SUM($D6:$F6),"") -> 0.16248257 | M18: =IFERROR($F6/SUM($D6:$F6),"") -> 0.28103208 | O18: 17 | P18: 09/01/2026 | Q18: CD | R18: 326 | S18: 799 | T18: 310
A19: 18 | B19: 09/06/2026 | C19: CD | D19: 229 | E19: 1049 | F19: 159 | H19: =IF(B7="","",TEXT(B7,"dd/mm") & "-" & IF(UPPER(TRIM(C7))="CN",1,IF(UPPER(TRIM(C7))="CD",2,""))) -> 03/06-2 | I19: 0.83294118 | J19: 0.81978947 | K19: =IFERROR($E7/SUM($D7:$F7),"") -> 0.67085077 | L19: =IFERROR($D7/SUM($D7:$F7),"") -> 0.11087866 | M19: =IFERROR($F7/SUM($D7:$F7),"") -> 0.21827057 | O19: 18 | P19: 10/01/2026 | Q19: CN | R19: 159 | S19: 795 | T19: 480
A20: 19 | B20: 10/06/2026 | C20: CN | D20: 370 | E20: 865 | F20: 202 | H20: =IF(B8="","",TEXT(B8,"dd/mm") & "-" & IF(UPPER(TRIM(C8))="CN",1,IF(UPPER(TRIM(C8))="CD",2,""))) -> 04/06-1 | I20: 0.83294118 | J20: 0.81978947 | K20: =IFERROR($E8/SUM($D8:$F8),"") -> 0.5334728 | L20: =IFERROR($D8/SUM($D8:$F8),"") -> 0.18967922 | M20: =IFERROR($F8/SUM($D8:$F8),"") -> 0.27684798 | O20: 19 | P20: 10/01/2026 | Q20: CD | R20: 0 | S20: 0 | T20: 1440
A21: 20 | B21: 10/06/2026 | C21: CD | D21: 246 | E21: 1029 | F21: 160 | H21: =IF(B9="","",TEXT(B9,"dd/mm") & "-" & IF(UPPER(TRIM(C9))="CN",1,IF(UPPER(TRIM(C9))="CD",2,""))) -> 04/06-2 | I21: 0.83294118 | J21: 0.81978947 | K21: =IFERROR($E9/SUM($D9:$F9),"") -> 0.66178522 | L21: =IFERROR($D9/SUM($D9:$F9),"") -> 0.11854951 | M21: =IFERROR($F9/SUM($D9:$F9),"") -> 0.21966527 | O21: 20 | P21: 11/01/2026 | Q21: CN | R21: 0 | S21: 0 | T21: 1440
A22: 21 | B22: 11/06/2026 | C22: CN | D22: 328 | E22: 906 | F22: 202 | H22: =IF(B10="","",TEXT(B10,"dd/mm") & "-" & IF(UPPER(TRIM(C10))="CN",1,IF(UPPER(TRIM(C10))="CD",2,""))) -> 05/06-1 | I22: 0.83294118 | J22: 0.81978947 | K22: =IFERROR($E10/SUM($D10:$F10),"") -> 0.58536585 | L22: =IFERROR($D10/SUM($D10:$F10),"") -> 0.13658537 | M22: =IFERROR($F10/SUM($D10:$F10),"") -> 0.27804878 | O22: 21 | P22: 11/01/2026 | Q22: CD | R22: 0 | S22: 0 | T22: 1440
A23: 22 | B23: 11/06/2026 | C23: CD | D23: 154 | E23: 1283 | F23: 0 | H23: =IF(B11="","",TEXT(B11,"dd/mm") & "-" & IF(UPPER(TRIM(C11))="CN",1,IF(UPPER(TRIM(C11))="CD",2,""))) -> 05/06-2 | I23: 0.83294118 | J23: 0.81978947 | K23: =IFERROR($E11/SUM($D11:$F11),"") -> 0.65899582 | L23: =IFERROR($D11/SUM($D11:$F11),"") -> 0.23082287 | M23: =IFERROR($F11/SUM($D11:$F11),"") -> 0.11018131 | O23: 22 | P23: 12/01/2026 | Q23: CN | R23: 168 | S23: 853 | T23: 414
A24: 23 | B24: 12/06/2026 | C24: CN | D24: 535 | E24: 901 | F24: 0 | H24: =IF(B12="","",TEXT(B12,"dd/mm") & "-" & IF(UPPER(TRIM(C12))="CN",1,IF(UPPER(TRIM(C12))="CD",2,""))) -> 06/06-1 | I24: 0.83294118 | J24: 0.81978947 | K24: =IFERROR($E12/SUM($D12:$F12),"") -> 0.49791086 | L24: =IFERROR($D12/SUM($D12:$F12),"") -> 0.34261838 | M24: =IFERROR($F12/SUM($D12:$F12),"") -> 0.15947075 | O24: 23 | P24: 12/01/2026 | Q24: CD | R24: 202 | S24: 927 | T24: 303
A25: 24 | B25: 12/06/2026 | C25: CD | D25: 247 | E25: 967 | F25: 220 | H25: =IF(B13="","",TEXT(B13,"dd/mm") & "-" & IF(UPPER(TRIM(C13))="CN",1,IF(UPPER(TRIM(C13))="CD",2,""))) -> 06/06-2 | I25: 0.83294118 | J25: 0.81978947 | K25: =IFERROR($E13/SUM($D13:$F13),"") -> 0.54627697 | L25: =IFERROR($D13/SUM($D13:$F13),"") -> 0.1085595 | M25: =IFERROR($F13/SUM($D13:$F13),"") -> 0.34516354 | O25: 24 | P25: 13/01/2026 | Q25: CN | R25: 416 | S25: 605 | T25: 413
A26: 25 | B26: 13/06/2026 | C26: CN | D26: 369 | E26: 834 | F26: 233 | H26: =IF(B14="","",TEXT(B14,"dd/mm") & "-" & IF(UPPER(TRIM(C14))="CN",1,IF(UPPER(TRIM(C14))="CD",2,""))) -> 07/06-1 | I26: 0.83294118 | J26: 0.81978947 | K26: =IFERROR($E14/SUM($D14:$F14),"") -> 0.5488145 | L26: =IFERROR($D14/SUM($D14:$F14),"") -> 0.11994421 | M26: =IFERROR($F14/SUM($D14:$F14),"") -> 0.33124128 | O26: 25 | P26: 13/01/2026 | Q26: CD | R26: 187 | S26: 943 | T26: 306
H27: =IF(B15="","",TEXT(B15,"dd/mm") & "-" & IF(UPPER(TRIM(C15))="CN",1,IF(UPPER(TRIM(C15))="CD",2,""))) -> 07/06-2 | I27: 0.83294118 | J27: 0.81978947 | K27: =IFERROR($E15/SUM($D15:$F15),"") -> 0 | L27: =IFERROR($D15/SUM($D15:$F15),"") -> 0 | M27: =IFERROR($F15/SUM($D15:$F15),"") -> 1 | O27: 26 | P27: 14/01/2026 | Q27: CN | R27: 344 | S27: 678 | T27: 413
H28: =IF(B16="","",TEXT(B16,"dd/mm") & "-" & IF(UPPER(TRIM(C16))="CN",1,IF(UPPER(TRIM(C16))="CD",2,""))) -> 08/06-1 | I28: 0.83294118 | J28: 0.81978947 | K28: =IFERROR($E16/SUM($D16:$F16),"") -> 0.60724234 | L28: =IFERROR($D16/SUM($D16:$F16),"") -> 0.11211699 | M28: =IFERROR($F16/SUM($D16:$F16),"") -> 0.28064067 | O28: 27 | P28: 14/01/2026 | Q28: CD | R28: 249 | S28: 884 | T28: 301
H29: =IF(B17="","",TEXT(B17,"dd/mm") & "-" & IF(UPPER(TRIM(C17))="CN",1,IF(UPPER(TRIM(C17))="CD",2,""))) -> 08/06-2 | I29: 0.83294118 | J29: 0.81978947 | K29: =IFERROR($E17/SUM($D17:$F17),"") -> 0.69680111 | L29: =IFERROR($D17/SUM($D17:$F17),"") -> 0.19193324 | M29: =IFERROR($F17/SUM($D17:$F17),"") -> 0.11126565 | O29: 28 | P29: 15/01/2026 | Q29: CN | R29: 408 | S29: 615 | T29: 412
H30: =IF(B18="","",TEXT(B18,"dd/mm") & "-" & IF(UPPER(TRIM(C18))="CN",1,IF(UPPER(TRIM(C18))="CD",2,""))) -> 09/06-1 | I30: 0.83294118 | J30: 0.81978947 | K30: =IFERROR($E18/SUM($D18:$F18),"") -> 0.53899721 | L30: =IFERROR($D18/SUM($D18:$F18),"") -> 0.31963788 | M30: =IFERROR($F18/SUM($D18:$F18),"") -> 0.1413649 | O30: 29 | P30: 15/01/2026 | Q30: CD | R30: 227 | S30: 905 | T30: 300
H31: =IF(B19="","",TEXT(B19,"dd/mm") & "-" & IF(UPPER(TRIM(C19))="CN",1,IF(UPPER(TRIM(C19))="CD",2,""))) -> 09/06-2 | I31: 0.83294118 | J31: 0.81978947 | K31: =IFERROR($E19/SUM($D19:$F19),"") -> 0.72999304 | L31: =IFERROR($D19/SUM($D19:$F19),"") -> 0.15935978 | M31: =IFERROR($F19/SUM($D19:$F19),"") -> 0.11064718 | O31: 30 | P31: 16/01/2026 | Q31: CN | R31: 335 | S31: 684 | T31: 416
H32: =IF(B20="","",TEXT(B20,"dd/mm") & "-" & IF(UPPER(TRIM(C20))="CN",1,IF(UPPER(TRIM(C20))="CD",2,""))) -> 10/06-1 | I32: 0.83294118 | J32: 0.81978947 | K32: =IFERROR($E20/SUM($D20:$F20),"") -> 0.6019485 | L32: =IFERROR($D20/SUM($D20:$F20),"") -> 0.25748086 | M32: =IFERROR($F20/SUM($D20:$F20),"") -> 0.14057063 | O32: 31 | P32: 16/01/2026 | Q32: CD | R32: 218 | S32: 796 | T32: 422
H33: =IF(B21="","",TEXT(B21,"dd/mm") & "-" & IF(UPPER(TRIM(C21))="CN",1,IF(UPPER(TRIM(C21))="CD",2,""))) -> 10/06-2 | I33: 0.83294118 | J33: 0.81978947 | K33: =IFERROR($E21/SUM($D21:$F21),"") -> 0.71707317 | L33: =IFERROR($D21/SUM($D21:$F21),"") -> 0.17142857 | M33: =IFERROR($F21/SUM($D21:$F21),"") -> 0.11149826 | O33: 32 | P33: 17/01/2026 | Q33: CN | R33: 306 | S33: 715 | T33: 413
H34: =IF(B22="","",TEXT(B22,"dd/mm") & "-" & IF(UPPER(TRIM(C22))="CN",1,IF(UPPER(TRIM(C22))="CD",2,""))) -> 11/06-1 | I34: 0.83294118 | J34: 0.81978947 | K34: =IFERROR($E22/SUM($D22:$F22),"") -> 0.63091922 | L34: =IFERROR($D22/SUM($D22:$F22),"") -> 0.22841226 | M34: =IFERROR($F22/SUM($D22:$F22),"") -> 0.14066852 | O34: 33 | P34: 17/01/2026 | Q34: CD | R34: 73 | S34: 882 | T34: 483
H35: =IF(B23="","",TEXT(B23,"dd/mm") & "-" & IF(UPPER(TRIM(C23))="CN",1,IF(UPPER(TRIM(C23))="CD",2,""))) -> 11/06-2 | I35: 0.83294118 | J35: 0.81978947 | K35: =IFERROR($E23/SUM($D23:$F23),"") -> 0.89283229 | L35: =IFERROR($D23/SUM($D23:$F23),"") -> 0.10716771 | M35: =IFERROR($F23/SUM($D23:$F23),"") -> 0 | O35: 34 | P35: 18/01/2026 | Q35: CN | R35: 258 | S35: 537 | T35: 641
H36: =IF(B24="","",TEXT(B24,"dd/mm") & "-" & IF(UPPER(TRIM(C24))="CN",1,IF(UPPER(TRIM(C24))="CD",2,""))) -> 12/06-1 | I36: 0.83294118 | J36: 0.81978947 | K36: =IFERROR($E24/SUM($D24:$F24),"") -> 0.62743733 | L36: =IFERROR($D24/SUM($D24:$F24),"") -> 0.37256267 | M36: =IFERROR($F24/SUM($D24:$F24),"") -> 0 | O36: 35 | P36: 18/01/2026 | Q36: CD | R36: 42 | S36: 126 | T36: 1270
H37: =IF(B25="","",TEXT(B25,"dd/mm") & "-" & IF(UPPER(TRIM(C25))="CN",1,IF(UPPER(TRIM(C25))="CD",2,""))) -> 12/06-2 | I37: 0.83294118 | J37: 0.81978947 | K37: =IFERROR($E25/SUM($D25:$F25),"") -> 0.67433752 | L37: =IFERROR($D25/SUM($D25:$F25),"") -> 0.17224547 | M37: =IFERROR($F25/SUM($D25:$F25),"") -> 0.15341702 | O37: 36 | P37: 19/01/2026 | Q37: CN | R37: 198 | S37: 821 | T37: 417
H38: =IF(B26="","",TEXT(B26,"dd/mm") & "-" & IF(UPPER(TRIM(C26))="CN",1,IF(UPPER(TRIM(C26))="CD",2,""))) -> 13/06-1 | I38: 0.83294118 | J38: 0.81978947 | K38: =IFERROR($E26/SUM($D26:$F26),"") -> 0.58077994 | L38: =IFERROR($D26/SUM($D26:$F26),"") -> 0.25696379 | M38: =IFERROR($F26/SUM($D26:$F26),"") -> 0.16225627 | O38: 37 | P38: 19/01/2026 | Q38: CD | R38: 322 | S38: 960 | T38: 154
H39: =IF(B27="","",TEXT(B27,"dd/mm") & "-" & IF(UPPER(TRIM(C27))="CN",1,IF(UPPER(TRIM(C27))="CD",2,""))) | K39: =IFERROR($E27/SUM($D27:$F27),"") | L39: =IFERROR($D27/SUM($D27:$F27),"") | M39: =IFERROR($F27/SUM($D27:$F27),"") | O39: 38 | P39: 20/01/2026 | Q39: CN | R39: 301 | S39: 928 | T39: 208
H40: =IF(B28="","",TEXT(B28,"dd/mm") & "-" & IF(UPPER(TRIM(C28))="CN",1,IF(UPPER(TRIM(C28))="CD",2,""))) | K40: =IFERROR($E28/SUM($D28:$F28),"") | L40: =IFERROR($D28/SUM($D28:$F28),"") | M40: =IFERROR($F28/SUM($D28:$F28),"") | O40: 39 | P40: 20/01/2026 | Q40: CD | R40: 304 | S40: 1134 | T40: 0
H41: =IF(B29="","",TEXT(B29,"dd/mm") & "-" & IF(UPPER(TRIM(C29))="CN",1,IF(UPPER(TRIM(C29))="CD",2,""))) | K41: =IFERROR($E29/SUM($D29:$F29),"") | L41: =IFERROR($D29/SUM($D29:$F29),"") | M41: =IFERROR($F29/SUM($D29:$F29),"") | O41: 40 | P41: 21/01/2026 | Q41: CN | R41: 487 | S41: 951 | T41: 0
H42: =IF(B30="","",TEXT(B30,"dd/mm") & "-" & IF(UPPER(TRIM(C30))="CN",1,IF(UPPER(TRIM(C30))="CD",2,""))) | K42: =IFERROR($E30/SUM($D30:$F30),"") | L42: =IFERROR($D30/SUM($D30:$F30),"") | M42: =IFERROR($F30/SUM($D30:$F30),"") | O42: 41 | P42: 21/01/2026 | Q42: CD | R42: 170 | S42: 1267 | T42: 0
H43: =IF(B31="","",TEXT(B31,"dd/mm") & "-" & IF(UPPER(TRIM(C31))="CN",1,IF(UPPER(TRIM(C31))="CD",2,""))) | K43: =IFERROR($E31/SUM($D31:$F31),"") | L43: =IFERROR($D31/SUM($D31:$F31),"") | M43: =IFERROR($F31/SUM($D31:$F31),"") | O43: 42 | P43: 22/01/2026 | Q43: CN | R43: 466 | S43: 972 | T43: 0
H44: =IF(B32="","",TEXT(B32,"dd/mm") & "-" & IF(UPPER(TRIM(C32))="CN",1,IF(UPPER(TRIM(C32))="CD",2,""))) | K44: =IFERROR($E32/SUM($D32:$F32),"") | L44: =IFERROR($D32/SUM($D32:$F32),"") | M44: =IFERROR($F32/SUM($D32:$F32),"") | O44: 43 | P44: 22/01/2026 | Q44: CD | R44: 170 | S44: 1266 | T44: 0
H45: =IF(B33="","",TEXT(B33,"dd/mm") & "-" & IF(UPPER(TRIM(C33))="CN",1,IF(UPPER(TRIM(C33))="CD",2,""))) | K45: =IFERROR($E33/SUM($D33:$F33),"") | L45: =IFERROR($D33/SUM($D33:$F33),"") | M45: =IFERROR($F33/SUM($D33:$F33),"") | O45: 44 | P45: 23/01/2026 | Q45: CN | R45: 370 | S45: 1067 | T45: 0
H46: =IF(B34="","",TEXT(B34,"dd/mm") & "-" & IF(UPPER(TRIM(C34))="CN",1,IF(UPPER(TRIM(C34))="CD",2,""))) | K46: =IFERROR($E34/SUM($D34:$F34),"") | L46: =IFERROR($D34/SUM($D34:$F34),"") | M46: =IFERROR($F34/SUM($D34:$F34),"") | O46: 45 | P46: 23/01/2026 | Q46: CD | R46: 207 | S46: 1229 | T46: 0
H47: =IF(B35="","",TEXT(B35,"dd/mm") & "-" & IF(UPPER(TRIM(C35))="CN",1,IF(UPPER(TRIM(C35))="CD",2,""))) | K47: =IFERROR($E35/SUM($D35:$F35),"") | L47: =IFERROR($D35/SUM($D35:$F35),"") | M47: =IFERROR($F35/SUM($D35:$F35),"") | O47: 46 | P47: 24/01/2026 | Q47: CN | R47: 514 | S47: 924 | T47: 0
H48: =IF(B36="","",TEXT(B36,"dd/mm") & "-" & IF(UPPER(TRIM(C36))="CN",1,IF(UPPER(TRIM(C36))="CD",2,""))) | K48: =IFERROR($E36/SUM($D36:$F36),"") | L48: =IFERROR($D36/SUM($D36:$F36),"") | M48: =IFERROR($F36/SUM($D36:$F36),"") | O48: 47 | P48: 24/01/2026 | Q48: CD | R48: 124 | S48: 1068 | T48: 246
H49: =IF(B37="","",TEXT(B37,"dd/mm") & "-" & IF(UPPER(TRIM(C37))="CN",1,IF(UPPER(TRIM(C37))="CD",2,""))) | K49: =IFERROR($E37/SUM($D37:$F37),"") | L49: =IFERROR($D37/SUM($D37:$F37),"") | M49: =IFERROR($F37/SUM($D37:$F37),"") | O49: 48 | P49: 25/01/2026 | Q49: CN | R49: 362 | S49: 835 | T49: 238
H50: =IF(B38="","",TEXT(B38,"dd/mm") & "-" & IF(UPPER(TRIM(C38))="CN",1,IF(UPPER(TRIM(C38))="CD",2,""))) | K50: =IFERROR($E38/SUM($D38:$F38),"") | L50: =IFERROR($D38/SUM($D38:$F38),"") | M50: =IFERROR($F38/SUM($D38:$F38),"") | O50: 49 | P50: 25/01/2026 | Q50: CD | R50: 0 | S50: 0 | T50: 1440
... H75: =IF(B63="","",TEXT(B63,"dd/mm") & "-" & IF(UPPER(TRIM(C63))="CN",1,IF(UPPER(TRIM(C63))="CD",2,""))) | K75: =IFERROR($E63/SUM($D63:$F63),"") | L75: =IFERROR($D63/SUM($D63:$F63),"") | M75: =IFERROR($F63/SUM($D63:$F63),"") | O75: 74 | P75: 07/02/2026 | Q75: CN | R75: 508 | S75: 691 | T75: 238
O76: 75 | P76: 07/02/2026 | Q76: CD | R76: 461 | S76: 730 | T76: 244
O77: 76 | P77: 08/02/2026 | Q77: CN | R77: 362 | S77: 838 | T77: 237
O78: 77 | P78: 08/02/2026 | Q78: CD | R78: 0 | S78: 0 | T78: 1440
O79: 78 | P79: 09/02/2026 | Q79: CN | R79: 185 | S79: 834 | T79: 416
O80: 79 | P80: 09/02/2026 | Q80: CD | R80: 225 | S80: 1058 | T80: 152
O81: 80 | P81: 10/02/2026 | Q81: CN | R81: 527 | S81: 590 | T81: 321
O82: 81 | P82: 10/02/2026 | Q82: CD | R82: 585 | S82: 696 | T82: 153
O83: 82 | P83: 11/02/2026 | Q83: CN | R83: 401 | S83: 821 | T83: 213
O84: 83 | P84: 11/02/2026 | Q84: CD | R84: 172 | S84: 1109 | T84: 153
O85: 84 | P85: 12/02/2026 | Q85: CN | R85: 453 | S85: 775 | T85: 208
O86: 85 | P86: 12/02/2026 | Q86: CD | R86: 407 | S86: 873 | T86: 152
O87: 86 | P87: 13/02/2026 | Q87: CN | R87: 450 | S87: 779 | T87: 205
... O326: 325 | P326: 13/06/2026 | Q326: CN | R326: 369 | S326: 834 | T326: 233

Sheet MC
A1: ID | B1: Ngày tháng | C1: Ca làm việc | D1: Thời gian hoạt động không tải (phút) | E1: Thời gian hoạt động có tải (phút) | F1: Thời gian tắt máy (phút) | H1: Ngày - Ca | I1: Mục Tiêu C1 | J1: Mục Tiêu C2 | K1: % Có Tải | L1: % Không Tải | M1: % Tắt Máy
A2: 1 | B2: 01/06/2026 | C2: CN | D2: 513 | E2: 1035 | F2: 605 | H2: T1 | I2: 0.81882353 | J2: 0.80589474 | K2: =IFERROR(SUMIFS(S:S,P:P,"*/01/2026")/(SUMIFS(R:R,P:P,"*/01/2026")+SUMIFS(S:S,P:P,"*/01/2026")+SUMIFS(T:T,P:P,"*/01/2026")),"") -> 0.42920865 | L2: =IFERROR(SUMIFS(R:R,P:P,"*/01/2026")/(SUMIFS(R:R,P:P,"*/01/2026")+SUMIFS(S:S,P:P,"*/01/2026")+SUMIFS(T:T,P:P,"*/01/2026")),"") -> 0.27287067 | M2: =IFERROR(SUMIFS(T:T,P:P,"*/01/2026")/(SUMIFS(R:R,P:P,"*/01/2026")+SUMIFS(S:S,P:P,"*/01/2026")+SUMIFS(T:T,P:P,"*/01/2026")),"") -> 0.29792068 | O2: 1 | P2: 01/01/2026 | Q2: CN | R2: 0 | S2: 0 | T2: 2160
A3: 2 | B3: 01/06/2026 | C3: CD | D3: 742 | E3: 1408 | F3: 0 | H3: T2 | I3: 0.81882353 | J3: 0.80589474 | K3: =IFERROR(SUMIFS(S:S,P:P,"*/02/2026")/(SUMIFS(R:R,P:P,"*/02/2026")+SUMIFS(S:S,P:P,"*/02/2026")+SUMIFS(T:T,P:P,"*/02/2026")),"") -> 0.35062081 | L3: =IFERROR(SUMIFS(R:R,P:P,"*/02/2026")/(SUMIFS(R:R,P:P,"*/02/2026")+SUMIFS(S:S,P:P,"*/02/2026")+SUMIFS(T:T,P:P,"*/02/2026")),"") -> 0.18498951 | M3: =IFERROR(SUMIFS(T:T,P:P,"*/02/2026")/(SUMIFS(R:R,P:P,"*/02/2026")+SUMIFS(S:S,P:P,"*/02/2026")+SUMIFS(T:T,P:P,"*/02/2026")),"") -> 0.46438969 | O3: 2 | P3: 01/01/2026 | Q3: CD | R3: 60 | S3: 156 | T3: 1942
A4: 3 | B4: 02/06/2026 | C4: CN | D4: 961 | E4: 1192 | F4: 1 | H4: T3 | I4: 0.81882353 | J4: 0.80589474 | K4: =IFERROR(SUMIFS(S:S,P:P,"*/03/2026")/(SUMIFS(R:R,P:P,"*/03/2026")+SUMIFS(S:S,P:P,"*/03/2026")+SUMIFS(T:T,P:P,"*/03/2026")),"") -> 0.47774013 | L4: =IFERROR(SUMIFS(R:R,P:P,"*/03/2026")/(SUMIFS(R:R,P:P,"*/03/2026")+SUMIFS(S:S,P:P,"*/03/2026")+SUMIFS(T:T,P:P,"*/03/2026")),"") -> 0.31260517 | M4: =IFERROR(SUMIFS(T:T,P:P,"*/03/2026")/(SUMIFS(R:R,P:P,"*/03/2026")+SUMIFS(S:S,P:P,"*/03/2026")+SUMIFS(T:T,P:P,"*/03/2026")),"") -> 0.2096547 | O4: 3 | P4: 02/01/2026 | Q4: CN | R4: 521 | S4: 1628 | T4: 0
A5: 4 | B5: 02/06/2026 | C5: CD | D5: 652 | E5: 1276 | F5: 223 | H5: T4 | I5: 0.81882353 | J5: 0.80589474 | K5: =IFERROR(SUMIFS(S:S,P:P,"*/04/2026")/(SUMIFS(R:R,P:P,"*/04/2026")+SUMIFS(S:S,P:P,"*/04/2026")+SUMIFS(T:T,P:P,"*/04/2026")),"") -> 0.49881817 | L5: =IFERROR(SUMIFS(R:R,P:P,"*/04/2026")/(SUMIFS(R:R,P:P,"*/04/2026")+SUMIFS(S:S,P:P,"*/04/2026")+SUMIFS(T:T,P:P,"*/04/2026")),"") -> 0.29532615 | M5: =IFERROR(SUMIFS(T:T,P:P,"*/04/2026")/(SUMIFS(R:R,P:P,"*/04/2026")+SUMIFS(S:S,P:P,"*/04/2026")+SUMIFS(T:T,P:P,"*/04/2026")),"") -> 0.20585568 | O5: 4 | P5: 02/01/2026 | Q5: CD | R5: 1152 | S5: 1000 | T5: 1
A6: 5 | B6: 03/06/2026 | C6: CN | D6: 635 | E6: 1112 | F6: 405 | H6: T5 | I6: 0.81882353 | J6: 0.80589474 | K6: =IFERROR(SUMIFS(S:S,P:P,"*/05/2026")/(SUMIFS(R:R,P:P,"*/05/2026")+SUMIFS(S:S,P:P,"*/05/2026")+SUMIFS(T:T,P:P,"*/05/2026")),"") -> 0.43226691 | L6: =IFERROR(SUMIFS(R:R,P:P,"*/05/2026")/(SUMIFS(R:R,P:P,"*/05/2026")+SUMIFS(S:S,P:P,"*/05/2026")+SUMIFS(T:T,P:P,"*/05/2026")),"") -> 0.28124672 | M6: =IFERROR(SUMIFS(T:T,P:P,"*/05/2026")/(SUMIFS(R:R,P:P,"*/05/2026")+SUMIFS(S:S,P:P,"*/05/2026")+SUMIFS(T:T,P:P,"*/05/2026")),"") -> 0.28648636 | O6: 5 | P6: 03/01/2026 | Q6: CD | R6: 763 | S6: 2271 | T6: 461
A7: 6 | B7: 03/06/2026 | C7: CD | D7: 581 | E7: 1266 | F7: 298 | H7: T6 | I7: 0.81882353 | J7: 0.80589474 | K7: =IFERROR(SUMIFS(S:S,P:P,"*/06/2026")/(SUMIFS(R:R,P:P,"*/06/2026")+SUMIFS(S:S,P:P,"*/06/2026")+SUMIFS(T:T,P:P,"*/06/2026")),"") -> 0.49966534 | L7: =IFERROR(SUMIFS(R:R,P:P,"*/06/2026")/(SUMIFS(R:R,P:P,"*/06/2026")+SUMIFS(S:S,P:P,"*/06/2026")+SUMIFS(T:T,P:P,"*/06/2026")),"") -> 0.31088015 | M7: =IFERROR(SUMIFS(T:T,P:P,"*/06/2026")/(SUMIFS(R:R,P:P,"*/06/2026")+SUMIFS(S:S,P:P,"*/06/2026")+SUMIFS(T:T,P:P,"*/06/2026")),"") -> 0.1894545 | O7: 6 | P7: 04/01/2026 | Q7: CN | R7: 0 | S7: 0 | T7: 2160
A8: 7 | B8: 04/06/2026 | C8: CN | D8: 934 | E8: 811 | F8: 404 | H8: T7 | I8: 0.81882353 | J8: 0.80589474 | K8: =IFERROR(SUMIFS(S:S,P:P,"*/07/2026")/(SUMIFS(R:R,P:P,"*/07/2026")+SUMIFS(S:S,P:P,"*/07/2026")+SUMIFS(T:T,P:P,"*/07/2026")),"") | L8: =IFERROR(SUMIFS(R:R,P:P,"*/07/2026")/(SUMIFS(R:R,P:P,"*/07/2026")+SUMIFS(S:S,P:P,"*/07/2026")+SUMIFS(T:T,P:P,"*/07/2026")),"") | M8: =IFERROR(SUMIFS(T:T,P:P,"*/07/2026")/(SUMIFS(R:R,P:P,"*/07/2026")+SUMIFS(S:S,P:P,"*/07/2026")+SUMIFS(T:T,P:P,"*/07/2026")),"") | O8: 7 | P8: 04/01/2026 | Q8: CD | R8: 0 | S8: 0 | T8: 2160
A9: 8 | B9: 04/06/2026 | C9: CD | D9: 564 | E9: 1423 | F9: 161 | H9: T8 | I9: 0.81882353 | J9: 0.80589474 | K9: =IFERROR(SUMIFS(S:S,P:P,"*/08/2026")/(SUMIFS(R:R,P:P,"*/08/2026")+SUMIFS(S:S,P:P,"*/08/2026")+SUMIFS(T:T,P:P,"*/08/2026")),"") | L9: =IFERROR(SUMIFS(R:R,P:P,"*/08/2026")/(SUMIFS(R:R,P:P,"*/08/2026")+SUMIFS(S:S,P:P,"*/08/2026")+SUMIFS(T:T,P:P,"*/08/2026")),"") | M9: =IFERROR(SUMIFS(T:T,P:P,"*/08/2026")/(SUMIFS(R:R,P:P,"*/08/2026")+SUMIFS(S:S,P:P,"*/08/2026")+SUMIFS(T:T,P:P,"*/08/2026")),"") | O9: 8 | P9: 05/01/2026 | Q9: CN | R9: 404 | S9: 1147 | T9: 596
A10: 9 | B10: 05/06/2026 | C10: CN | D10: 1117 | E10: 835 | F10: 200 | H10: T9 | I10: 0.81882353 | J10: 0.80589474 | K10: =IFERROR(SUMIFS(S:S,P:P,"*/09/2026")/(SUMIFS(R:R,P:P,"*/09/2026")+SUMIFS(S:S,P:P,"*/09/2026")+SUMIFS(T:T,P:P,"*/09/2026")),"") | L10: =IFERROR(SUMIFS(R:R,P:P,"*/09/2026")/(SUMIFS(R:R,P:P,"*/09/2026")+SUMIFS(S:S,P:P,"*/09/2026")+SUMIFS(T:T,P:P,"*/09/2026")),"") | M10: =IFERROR(SUMIFS(T:T,P:P,"*/09/2026")/(SUMIFS(R:R,P:P,"*/09/2026")+SUMIFS(S:S,P:P,"*/09/2026")+SUMIFS(T:T,P:P,"*/09/2026")),"") | O10: 9 | P10: 05/01/2026 | Q10: CD | R10: 660 | S10: 1128 | T10: 338
A11: 10 | B11: 05/06/2026 | C11: CD | D11: 596 | E11: 1391 | F11: 164 | H11: T10 | I11: 0.81882353 | J11: 0.80589474 | K11: =IFERROR(SUMIFS(S:S,P:P,"*/10/2026")/(SUMIFS(R:R,P:P,"*/10/2026")+SUMIFS(S:S,P:P,"*/10/2026")+SUMIFS(T:T,P:P,"*/10/2026")),"") | L11: =IFERROR(SUMIFS(R:R,P:P,"*/10/2026")/(SUMIFS(R:R,P:P,"*/10/2026")+SUMIFS(S:S,P:P,"*/10/2026")+SUMIFS(T:T,P:P,"*/10/2026")),"") | M11: =IFERROR(SUMIFS(T:T,P:P,"*/10/2026")/(SUMIFS(R:R,P:P,"*/10/2026")+SUMIFS(S:S,P:P,"*/10/2026")+SUMIFS(T:T,P:P,"*/10/2026")),"") | O11: 10 | P11: 06/01/2026 | Q11: CN | R11: 717 | S11: 836 | T11: 592
A12: 11 | B12: 06/06/2026 | C12: CN | D12: 1163 | E12: 526 | F12: 466 | H12: T11 | I12: 0.81882353 | J12: 0.80589474 | K12: =IFERROR(SUMIFS(S:S,P:P,"*/11/2026")/(SUMIFS(R:R,P:P,"*/11/2026")+SUMIFS(S:S,P:P,"*/11/2026")+SUMIFS(T:T,P:P,"*/11/2026")),"") | L12: =IFERROR(SUMIFS(R:R,P:P,"*/11/2026")/(SUMIFS(R:R,P:P,"*/11/2026")+SUMIFS(S:S,P:P,"*/11/2026")+SUMIFS(T:T,P:P,"*/11/2026")),"") | M12: =IFERROR(SUMIFS(T:T,P:P,"*/11/2026")/(SUMIFS(R:R,P:P,"*/11/2026")+SUMIFS(S:S,P:P,"*/11/2026")+SUMIFS(T:T,P:P,"*/11/2026")),"") | O12: 11 | P12: 06/01/2026 | Q12: CD | R12: 753 | S12: 1246 | T12: 152
A13: 12 | B13: 06/06/2026 | C13: CD | D13: 504 | E13: 970 | F13: 679 | H13: T12 | I13: 0.81882353 | J13: 0.80589474 | K13: =IFERROR(SUMIFS(S:S,P:P,"*/12/2026")/(SUMIFS(R:R,P:P,"*/12/2026")+SUMIFS(S:S,P:P,"*/12/2026")+SUMIFS(T:T,P:P,"*/12/2026")),"") | L13: =IFERROR(SUMIFS(R:R,P:P,"*/12/2026")/(SUMIFS(R:R,P:P,"*/12/2026")+SUMIFS(S:S,P:P,"*/12/2026")+SUMIFS(T:T,P:P,"*/12/2026")),"") | M13: =IFERROR(SUMIFS(T:T,P:P,"*/12/2026")/(SUMIFS(R:R,P:P,"*/12/2026")+SUMIFS(S:S,P:P,"*/12/2026")+SUMIFS(T:T,P:P,"*/12/2026")),"") | O13: 12 | P13: 07/01/2026 | Q13: CN | R13: 513 | S13: 294 | T13: 1347
A14: 13 | B14: 07/06/2026 | C14: CN | D14: 581 | E14: 664 | F14: 908 | H14: =IF(B2="","",TEXT(B2,"dd/mm")& "-" &IF(UPPER(TRIM(C2))="CN",1,IF(UPPER(TRIM(C2))="CD",2,""))) -> 01/06-1 | I14: 0.81882353 | J14: 0.80589474 | K14: =IFERROR($E2/SUM($D2:$F2),"") -> 0.48072457 | L14: =IFERROR($D2/SUM($D2:$F2),"") -> 0.23827218 | M14: =IFERROR($F2/SUM($D2:$F2),"") -> 0.28100325 | O14: 13 | P14: 07/01/2026 | Q14: CD | R14: 0 | S14: 0 | T14: 2160
A15: 14 | B15: 07/06/2026 | C15: CD | D15: 0 | E15: 0 | F15: 2160 | H15: =IF(B3="","",TEXT(B3,"dd/mm") & "-" & IF(UPPER(TRIM(C3))="CN",1,IF(UPPER(TRIM(C3))="CD",2,""))) -> 01/06-2 | I15: 0.81882353 | J15: 0.80589474 | K15: =IFERROR($E3/SUM($D3:$F3),"") -> 0.65488372 | L15: =IFERROR($D3/SUM($D3:$F3),"") -> 0.34511628 | M15: =IFERROR($F3/SUM($D3:$F3),"") -> 0 | O15: 14 | P15: 08/01/2026 | Q15: CN | R15: 550 | S15: 964 | T15: 631
A16: 15 | B16: 08/06/2026 | C16: CN | D16: 671 | E16: 877 | F16: 602 | H16: =IF(B4="","",TEXT(B4,"dd/mm") & "-" & IF(UPPER(TRIM(C4))="CN",1,IF(UPPER(TRIM(C4))="CD",2,""))) -> 02/06-1 | I16: 0.81882353 | J16: 0.80589474 | K16: =IFERROR($E4/SUM($D4:$F4),"") -> 0.55338904 | L16: =IFERROR($D4/SUM($D4:$F4),"") -> 0.4461467 | M16: =IFERROR($F4/SUM($D4:$F4),"") -> 0.00046425255 | O16: 15 | P16: 08/01/2026 | Q16: CD | R16: 673 | S16: 1173 | T16: 305
A17: 16 | B17: 08/06/2026 | C17: CD | D17: 737 | E17: 1416 | F17: 0 | H17: =IF(B5="","",TEXT(B5,"dd/mm") & "-" & IF(UPPER(TRIM(C5))="CN",1,IF(UPPER(TRIM(C5))="CD",2,""))) -> 02/06-2 | I17: 0.81882353 | J17: 0.80589474 | K17: =IFERROR($E5/SUM($D5:$F5),"") -> 0.59321246 | L17: =IFERROR($D5/SUM($D5:$F5),"") -> 0.30311483 | M17: =IFERROR($F5/SUM($D5:$F5),"") -> 0.10367271 | O17: 16 | P17: 09/01/2026 | Q17: CN | R17: 687 | S17: 1038 | T17: 416
A18: 17 | B18: 09/06/2026 | C18: CN | D18: 1075 | E18: 1075 | F18: 0 | H18: =IF(B6="","",TEXT(B6,"dd/mm") & "-" & IF(UPPER(TRIM(C6))="CN",1,IF(UPPER(TRIM(C6))="CD",2,""))) -> 03/06-1 | I18: 0.81882353 | J18: 0.80589474 | K18: =IFERROR($E6/SUM($D6:$F6),"") -> 0.51672862 | L18: =IFERROR($D6/SUM($D6:$F6),"") -> 0.29507435 | M18: =IFERROR($F6/SUM($D6:$F6),"") -> 0.18819703 | O18: 17 | P18: 09/01/2026 | Q18: CD | R18: 396 | S18: 1300 | T18: 459
A19: 18 | B19: 09/06/2026 | C19: CD | D19: 538 | E19: 1339 | F19: 275 | H19: =IF(B7="","",TEXT(B7,"dd/mm") & "-" & IF(UPPER(TRIM(C7))="CN",1,IF(UPPER(TRIM(C7))="CD",2,""))) -> 03/06-2 | I19: 0.81882353 | J19: 0.80589474 | K19: =IFERROR($E7/SUM($D7:$F7),"") -> 0.59020979 | L19: =IFERROR($D7/SUM($D7:$F7),"") -> 0.27086247 | M19: =IFERROR($F7/SUM($D7:$F7),"") -> 0.13892774 | O19: 18 | P19: 10/01/2026 | Q19: CN | R19: 524 | S19: 918 | T19: 706
A20: 19 | B20: 10/06/2026 | C20: CN | D20: 613 | E20: 1134 | F20: 404 | H20: =IF(B8="","",TEXT(B8,"dd/mm") & "-" & IF(UPPER(TRIM(C8))="CN",1,IF(UPPER(TRIM(C8))="CD",2,""))) -> 04/06-1 | I20: 0.81882353 | J20: 0.80589474 | K20: =IFERROR($E8/SUM($D8:$F8),"") -> 0.37738483 | L20: =IFERROR($D8/SUM($D8:$F8),"") -> 0.43462075 | M20: =IFERROR($F8/SUM($D8:$F8),"") -> 0.18799442 | O20: 19 | P20: 10/01/2026 | Q20: CD | R20: 2 | S20: 0 | T20: 2157
A21: 20 | B21: 10/06/2026 | C21: CD | D21: 645 | E21: 1219 | F21: 285 | H21: =IF(B9="","",TEXT(B9,"dd/mm") & "-" & IF(UPPER(TRIM(C9))="CN",1,IF(UPPER(TRIM(C9))="CD",2,""))) -> 04/06-2 | I21: 0.81882353 | J21: 0.80589474 | K21: =IFERROR($E9/SUM($D9:$F9),"") -> 0.66247672 | L21: =IFERROR($D9/SUM($D9:$F9),"") -> 0.26256983 | M21: =IFERROR($F9/SUM($D9:$F9),"") -> 0.074953445 | O21: 20 | P21: 11/01/2026 | Q21: CN | R21: 0 | S21: 0 | T21: 2160
A22: 21 | B22: 11/06/2026 | C22: CN | D22: 664 | E22: 1086 | F22: 399 | H22: =IF(B10="","",TEXT(B10,"dd/mm") & "-" & IF(UPPER(TRIM(C10))="CN",1,IF(UPPER(TRIM(C10))="CD",2,""))) -> 05/06-1 | I22: 0.81882353 | J22: 0.80589474 | K22: =IFERROR($E10/SUM($D10:$F10),"") -> 0.38801115 | L22: =IFERROR($D10/SUM($D10:$F10),"") -> 0.51905204 | M22: =IFERROR($F10/SUM($D10:$F10),"") -> 0.092936803 | O22: 21 | P22: 11/01/2026 | Q22: CD | R22: 0 | S22: 0 | T22: 2160
A23: 22 | B23: 11/06/2026 | C23: CD | D23: 562 | E23: 1294 | F23: 295 | H23: =IF(B11="","",TEXT(B11,"dd/mm") & "-" & IF(UPPER(TRIM(C11))="CN",1,IF(UPPER(TRIM(C11))="CD",2,""))) -> 05/06-2 | I23: 0.81882353 | J23: 0.80589474 | K23: =IFERROR($E11/SUM($D11:$F11),"") -> 0.64667596 | L23: =IFERROR($D11/SUM($D11:$F11),"") -> 0.27708043 | M23: =IFERROR($F11/SUM($D11:$F11),"") -> 0.076243608 | O23: 22 | P23: 12/01/2026 | Q23: CN | R23: 585 | S23: 947 | T23: 617
A24: 23 | B24: 12/06/2026 | C24: CN | D24: 581 | E24: 1160 | F24: 411 | H24: =IF(B12="","",TEXT(B12,"dd/mm") & "-" & IF(UPPER(TRIM(C12))="CN",1,IF(UPPER(TRIM(C12))="CD",2,""))) -> 06/06-1 | I24: 0.81882353 | J24: 0.80589474 | K24: =IFERROR($E12/SUM($D12:$F12),"") -> 0.24408353 | L24: =IFERROR($D12/SUM($D12:$F12),"") -> 0.53967517 | M24: =IFERROR($F12/SUM($D12:$F12),"") -> 0.2162413 | O24: 23 | P24: 12/01/2026 | Q24: CD | R24: 636 | S24: 1061 | T24: 446
A25: 24 | B25: 12/06/2026 | C25: CD | D25: 421 | E25: 1344 | F25: 387 | H25: =IF(B13="","",TEXT(B13,"dd/mm") & "-" & IF(UPPER(TRIM(C13))="CN",1,IF(UPPER(TRIM(C13))="CD",2,""))) -> 06/06-2 | I25: 0.81882353 | J25: 0.80589474 | K25: =IFERROR($E13/SUM($D13:$F13),"") -> 0.45053414 | L25: =IFERROR($D13/SUM($D13:$F13),"") -> 0.23409196 | M25: =IFERROR($F13/SUM($D13:$F13),"") -> 0.3153739 | O25: 24 | P25: 13/01/2026 | Q25: CN | R25: 518 | S25: 1012 | T25: 618
A26: 25 | B26: 13/06/2026 | C26: CN | D26: 671 | E26: 1022 | F26: 458 | H26: =IF(B14="","",TEXT(B14,"dd/mm") & "-" & IF(UPPER(TRIM(C14))="CN",1,IF(UPPER(TRIM(C14))="CD",2,""))) -> 07/06-1 | I26: 0.81882353 | J26: 0.80589474 | K26: =IFERROR($E14/SUM($D14:$F14),"") -> 0.30840687 | L26: =IFERROR($D14/SUM($D14:$F14),"") -> 0.26985601 | M26: =IFERROR($F14/SUM($D14:$F14),"") -> 0.42173711 | O26: 25 | P26: 13/01/2026 | Q26: CD | R26: 602 | S26: 1392 | T26: 152
H27: =IF(B15="","",TEXT(B15,"dd/mm") & "-" & IF(UPPER(TRIM(C15))="CN",1,IF(UPPER(TRIM(C15))="CD",2,""))) -> 07/06-2 | I27: 0.81882353 | J27: 0.80589474 | K27: =IFERROR($E15/SUM($D15:$F15),"") -> 0 | L27: =IFERROR($D15/SUM($D15:$F15),"") -> 0 | M27: =IFERROR($F15/SUM($D15:$F15),"") -> 1 | O27: 26 | P27: 14/01/2026 | Q27: CN | R27: 970 | S27: 967 | T27: 213
H28: =IF(B16="","",TEXT(B16,"dd/mm") & "-" & IF(UPPER(TRIM(C16))="CN",1,IF(UPPER(TRIM(C16))="CD",2,""))) -> 08/06-1 | I28: 0.81882353 | J28: 0.80589474 | K28: =IFERROR($E16/SUM($D16:$F16),"") -> 0.40790698 | L28: =IFERROR($D16/SUM($D16:$F16),"") -> 0.31209302 | M28: =IFERROR($F16/SUM($D16:$F16),"") -> 0.28 | O28: 27 | P28: 14/01/2026 | Q28: CD | R28: 677 | S28: 1162 | T28: 302
H29: =IF(B17="","",TEXT(B17,"dd/mm") & "-" & IF(UPPER(TRIM(C17))="CN",1,IF(UPPER(TRIM(C17))="CD",2,""))) -> 08/06-2 | I29: 0.81882353 | J29: 0.80589474 | K29: =IFERROR($E17/SUM($D17:$F17),"") -> 0.65768695 | L29: =IFERROR($D17/SUM($D17:$F17),"") -> 0.34231305 | M29: =IFERROR($F17/SUM($D17:$F17),"") -> 0 | O29: 28 | P29: 15/01/2026 | Q29: CN | R29: 912 | S29: 827 | T29: 413
H30: =IF(B18="","",TEXT(B18,"dd/mm") & "-" & IF(UPPER(TRIM(C18))="CN",1,IF(UPPER(TRIM(C18))="CD",2,""))) -> 09/06-1 | I30: 0.81882353 | J30: 0.80589474 | K30: =IFERROR($E18/SUM($D18:$F18),"") -> 0.5 | L30: =IFERROR($D18/SUM($D18:$F18),"") -> 0.5 | M30: =IFERROR($F18/SUM($D18:$F18),"") -> 0 | O30: 29 | P30: 15/01/2026 | Q30: CD | R30: 755 | S30: 1387 | T30: 0
H31: =IF(B19="","",TEXT(B19,"dd/mm") & "-" & IF(UPPER(TRIM(C19))="CN",1,IF(UPPER(TRIM(C19))="CD",2,""))) -> 09/06-2 | I31: 0.81882353 | J31: 0.80589474 | K31: =IFERROR($E19/SUM($D19:$F19),"") -> 0.6222119 | L31: =IFERROR($D19/SUM($D19:$F19),"") -> 0.25 | M31: =IFERROR($F19/SUM($D19:$F19),"") -> 0.1277881 | O31: 30 | P31: 16/01/2026 | Q31: CN | R31: 1141 | S31: 1010 | T31: 0
H32: =IF(B20="","",TEXT(B20,"dd/mm") & "-" & IF(UPPER(TRIM(C20))="CN",1,IF(UPPER(TRIM(C20))="CD",2,""))) -> 10/06-1 | I32: 0.81882353 | J32: 0.80589474 | K32: =IFERROR($E20/SUM($D20:$F20),"") -> 0.52719665 | L32: =IFERROR($D20/SUM($D20:$F20),"") -> 0.28498373 | M32: =IFERROR($F20/SUM($D20:$F20),"") -> 0.18781962 | O32: 31 | P32: 16/01/2026 | Q32: CD | R32: 876 | S32: 1059 | T32: 211
H33: =IF(B21="","",TEXT(B21,"dd/mm") & "-" & IF(UPPER(TRIM(C21))="CN",1,IF(UPPER(TRIM(C21))="CD",2,""))) -> 10/06-2 | I33: 0.81882353 | J33: 0.80589474 | K33: =IFERROR($E21/SUM($D21:$F21),"") -> 0.56724058 | L33: =IFERROR($D21/SUM($D21:$F21),"") -> 0.3001396 | M33: =IFERROR($F21/SUM($D21:$F21),"") -> 0.13261982 | O33: 32 | P33: 17/01/2026 | Q33: CN | R33: 1066 | S33: 868 | T33: 215
H34: =IF(B22="","",TEXT(B22,"dd/mm") & "-" & IF(UPPER(TRIM(C22))="CN",1,IF(UPPER(TRIM(C22))="CD",2,""))) -> 11/06-1 | I34: 0.81882353 | J34: 0.80589474 | K34: =IFERROR($E22/SUM($D22:$F22),"") -> 0.50535133 | L34: =IFERROR($D22/SUM($D22:$F22),"") -> 0.30898092 | M34: =IFERROR($F22/SUM($D22:$F22),"") -> 0.18566775 | O34: 33 | P34: 17/01/2026 | Q34: CD | R34: 785 | S34: 1123 | T34: 241
H35: =IF(B23="","",TEXT(B23,"dd/mm") & "-" & IF(UPPER(TRIM(C23))="CN",1,IF(UPPER(TRIM(C23))="CD",2,""))) -> 11/06-2 | I35: 0.81882353 | J35: 0.80589474 | K35: =IFERROR($E23/SUM($D23:$F23),"") -> 0.60158066 | L35: =IFERROR($D23/SUM($D23:$F23),"") -> 0.26127383 | M35: =IFERROR($F23/SUM($D23:$F23),"") -> 0.13714551 | O35: 34 | P35: 18/01/2026 | Q35: CN | R35: 979 | S35: 848 | T35: 327
